state,iret,len,expanded,generated,exit,check
12345672121232,1341200,11,6187,37106,0,ok
12345672123212,1174494,11,5411,32446,0,ok
12345672321212,915763,11,4224,25321,0,ok
12345673131323,1320189,11,6090,36521,0,ok
12345673132313,1417910,11,6533,39186,0,ok
12345673231313,961689,11,4433,26583,0,ok
12345761111111,3238729,11,14956,89724,0,ok
12346571111231,2768345,11,12733,76379,0,ok
12346751113133,1196991,11,5514,33066,0,ok
12347561112212,1126047,11,5183,31082,0,ok
12347651111111,4287102,11,19786,118704,0,ok
12347651122112,1048191,11,4831,28971,0,ok
12347651133311,922193,11,4252,25489,0,ok
12347652111221,554134,11,2550,15278,0,ok
12347652123233,1003207,11,4620,27699,0,ok
12347652123332,1230577,11,5670,34008,0,ok
12347652223232,677490,11,3120,18696,0,ok
12347653111133,646746,11,2981,17869,0,ok
12347653132223,899309,11,4138,24816,0,ok
12347653132322,893948,11,4117,24680,0,ok
12347653332323,727300,11,3350,20079,0,ok
12354671111111,1442766,11,6645,39852,0,ok
12354761112323,3422095,11,15767,94586,0,ok
12354762121112,1199223,11,5521,33107,0,ok
12354762121211,1046392,11,4818,28895,0,ok
12354762311123,899219,11,4142,24833,0,ok
12354763131131,987562,11,4550,27276,0,ok
12354763133111,911661,11,4197,25168,0,ok
12354763211123,966446,11,4450,26681,0,ok
12356471113133,1299275,11,5983,35886,0,ok
12356741133131,911535,11,4201,25189,0,ok
12356741313131,882713,11,4067,24384,0,ok
12356743113131,877933,11,4045,24255,0,ok
12357461111222,1480356,11,6813,40868,0,ok
12357461113331,1402510,11,6456,38723,0,ok
12357462211112,1067603,11,4918,29484,0,ok
12357641113331,1224927,11,5636,33798,0,ok
12364571112212,1503557,11,6928,41554,0,ok
12364751112212,1325932,11,6101,36594,0,ok
12364751113133,1270088,11,5844,35046,0,ok
12364753311131,913455,11,4210,25234,0,ok
12365471111111,2727276,11,12570,75404,0,ok
12365471211122,1090766,11,5025,30136,0,ok
12365471313113,656168,11,3022,18109,0,ok
12365472223232,619970,11,2856,17114,0,ok
12365472321233,768843,11,3543,21246,0,ok
12365473232312,724599,11,3339,20012,0,ok
12365473332323,784461,11,3611,21651,0,ok
12365741113331,1342788,11,6181,37070,0,ok
12367451123333,1047271,11,4829,28952,0,ok
12367451132222,956418,11,4409,26435,0,ok
12367451213333,845074,11,3895,23348,0,ok
12367451312222,1342114,11,6188,37115,0,ok
12367452113333,1229221,11,5669,33997,0,ok
12367453112222,972064,11,4477,26841,0,ok
12367541112212,1406730,11,6476,38849,0,ok
12367541113331,1716538,11,7903,47406,0,ok
12367541331131,781076,11,3596,21567,0,ok
12374561121212,936835,11,4321,25901,0,ok
12374561211212,823934,11,3797,22759,0,ok
12374562111212,1066637,11,4921,29505,0,ok
12374651111222,1446149,11,6659,39935,0,ok
12375461111222,1394667,11,6420,38501,0,ok
12375641113112,1359843,11,6249,37478,0,ok
12376451111222,1497194,11,6893,41341,0,ok
12376451113133,1488783,11,6857,41133,0,ok
12376451221211,987056,11,4543,27236,0,ok
12376541112323,2704666,11,12457,74730,0,ok
12376541232233,1338287,11,6168,36999,0,ok
12376541322233,837584,11,3852,23098,0,ok
12376542121232,1027272,11,4737,28398,0,ok
12376542123212,966568,11,4454,26705,0,ok
12376543133132,1006478,11,4621,27715,0,ok
12376543133231,900993,11,4147,24858,0,ok
12456731132321,1361081,11,6271,37605,0,ok
12456731233223,1269854,11,5835,34997,0,ok
12456733223321,702632,11,3231,19372,0,ok
12463751231231,901895,11,4150,24878,0,ok
12467351131121,903691,11,4158,24925,0,ok
12467351231321,909398,11,4187,25099,0,ok
12473561132123,800776,11,3683,22086,0,ok
12536741112323,1163336,11,5359,32141,0,ok
12537461332112,1067773,11,4908,29429,0,ok
12543671111111,1377654,11,6348,38078,0,ok
12543671211212,713127,11,3288,19708,0,ok
12543671331113,1378114,11,6339,38014,0,ok
12543672121121,823142,11,3792,22735,0,ok
12543672321332,635309,11,2924,17522,0,ok
12543672322232,814395,11,3749,22476,0,ok
12543672331232,732254,11,3370,20198,0,ok
12543673111331,732262,11,3374,20221,0,ok
12543673221323,916029,11,4219,25294,0,ok
12543673231223,547750,11,2523,15115,0,ok
12543673233323,1174272,11,5411,32449,0,ok
12546371221331,805627,11,3707,22225,0,ok
12563472131213,1048230,11,4826,28938,0,ok
12563473131212,1079965,11,4969,29794,0,ok
12564733323122,724141,11,3333,19973,0,ok
12567433232333,855404,11,3942,23623,0,ok
12576343212221,714563,11,3288,19709,0,ok
12637451132111,1507274,11,6942,41638,0,ok
12637451332112,929924,11,4276,25628,0,ok
12643571321321,583741,11,2689,16107,0,ok
12645371131121,1515988,11,6968,41784,0,ok
12673542331133,1033618,11,4761,28551,0,ok
12734561112323,1155891,11,5325,31934,0,ok
12734561322233,1251098,11,5754,34507,0,ok
12734562313223,821258,11,3780,22660,0,ok
12745631111111,3358719,11,15489,92918,0,ok
12745632111122,763674,11,3518,21084,0,ok
12745632212213,1088901,11,5017,30088,0,ok
12745632222221,618917,11,2851,17079,0,ok
12745632232211,711532,11,3281,19657,0,ok
12745633131131,924162,11,4258,25534,0,ok
12745633313312,626408,11,2886,17296,0,ok
12745633313333,1501006,11,6903,41405,0,ok
12745633323311,600581,11,2767,16582,0,ok
12753462231323,825042,11,3801,22788,0,ok
12763452322232,820890,11,3779,22657,0,ok
12765432121313,1033741,11,4757,28531,0,ok
12765432222212,1577186,11,7269,43599,0,ok
12765433121213,1069753,11,4928,29552,0,ok
12765433331333,978670,11,4503,27007,0,ok
13245671321111,1202059,11,5532,33176,0,ok
13246571111111,1500392,11,6913,41466,0,ok
13246571112233,873845,11,4024,24127,0,ok
13246571113232,1346941,11,6203,37209,0,ok
13246572321332,953692,11,4396,26353,0,ok
13246572331232,629725,11,2905,17404,0,ok
13246573221233,597223,11,2753,16483,0,ok
13246573321223,926577,11,4267,25583,0,ok
13246752133211,863465,11,3977,23853,0,ok
13247563212131,776912,11,3575,21440,0,ok
13254761322233,1136110,11,5226,31348,0,ok
13254761323322,1035778,11,4768,28584,0,ok
13254762321233,903844,11,4164,24969,0,ok
13254763323122,892677,11,4107,24629,0,ok
13257641112233,1210475,11,5570,33407,0,ok
13265741112323,1625174,11,7495,44956,0,ok
13265742131312,1030894,11,4751,28489,0,ok
13267451122211,1105116,11,5090,30527,0,ok
13267451311133,770602,11,3550,21280,0,ok
13267541111132,854617,11,3937,23598,0,ok
13267541232212,661648,11,3048,18271,0,ok
13274651112323,1257540,11,5798,34775,0,ok
13275461112233,859861,11,3959,23733,0,ok
13275463213211,928341,11,4272,25619,0,ok
13275641112233,1357646,11,6255,37504,0,ok
13275641112323,1415972,11,6529,39151,0,ok
13275642131333,948610,11,4369,26197,0,ok
13275643212221,880762,11,4058,24325,0,ok
13276451113211,1268207,11,5843,35038,0,ok
13276451233133,756413,11,3487,20896,0,ok
13276541133122,1132254,11,5213,31258,0,ok
13276541213312,1393466,11,6418,38487,0,ok
13276541321123,1171404,11,5389,32314,0,ok
13276541322311,1141425,11,5260,31534,0,ok
13276541323112,1017330,11,4678,28048,0,ok
13276541323322,1064087,11,4894,29347,0,ok
13276542323312,733786,11,3377,20246,0,ok
13276543323122,868184,11,3995,23954,0,ok
13462571111111,2110710,11,9718,58292,0,ok
13462572213311,899192,11,4138,24820,0,ok
13527461211113,1128578,11,5193,31143,0,ok
13542671231231,1054177,11,4840,29018,0,ok
13546271213213,739910,11,3406,20418,0,ok
13546271231231,1188987,11,5467,32781,0,ok
13546271321321,825661,11,3801,22787,0,ok
13572641122133,2491054,11,11471,68815,0,ok
13576241312213,1416142,11,6530,39174,0,ok
13576241321321,717104,11,3303,19796,0,ok
13627451332112,858531,11,3949,23679,0,ok
13642571221223,1247043,11,5734,34386,0,ok
13642571223221,1062537,11,4895,29350,0,ok
13642573221221,1018465,11,4694,28146,0,ok
13645271221331,938100,11,4311,25848,0,ok
13647521111111,1120229,11,5161,30944,0,ok
13675241112323,1326246,11,6105,36617,0,ok
13675242331313,947136,11,4357,26127,0,ok
13725642332132,716645,11,3300,19782,0,ok
13754262123323,1413300,11,6522,39112,0,ok
13762451321321,947983,11,4357,26121,0,ok
13764251211311,749456,11,3445,20643,0,ok
13764252323231,673883,11,3102,18592,0,ok
13765422121211,715904,11,3305,19809,0,ok
14263751131121,940193,11,4325,25938,0,ok
14267351321321,917313,11,4215,25268,0,ok
14275633323122,720845,11,3320,19902,0,ok
14325671111111,3008495,11,13890,83322,0,ok
14325672112121,875551,11,4032,24180,0,ok
14325672231323,701071,11,3229,19360,0,ok
14325672323222,854326,11,3935,23591,0,ok
14325673123232,670169,11,3085,18492,0,ok
14325673232333,839726,11,3867,23178,0,ok
14325673311131,958239,11,4417,26491,0,ok
14327652131213,995981,11,4590,27524,0,ok
14327653121213,979596,11,4508,27037,0,ok
14352672212111,707344,11,3257,19520,0,ok
14356721112323,818609,11,3773,22622,0,ok
14356721322233,1561726,11,7187,43109,0,ok
14367252322232,815057,11,3753,22497,0,ok
14367523311113,1348755,11,6217,37289,0,ok
14523672121313,1239928,11,5704,34210,0,ok
14523673121312,1046124,11,4818,28900,0,ok
14527631121311,1789302,11,8224,49326,0,ok
14527631131211,1726176,11,7934,47587,0,ok
14527631133311,677307,11,3122,18695,0,ok
14527631211131,1098315,11,5057,30326,0,ok
14527631311121,1416411,11,6517,39081,0,ok
14527632122213,790797,11,3646,21851,0,ok
14527632212111,717489,11,3305,19810,0,ok
14527632333332,989478,11,4560,27342,0,ok
14527633132322,749895,11,3455,20710,0,ok
14527633312133,663789,11,3057,18321,0,ok
14536273311311,708147,11,3264,19563,0,ok
14537622231323,768902,11,3545,21246,0,ok
14563272323222,609049,11,2804,16800,0,ok
14567231312213,1842972,11,8491,50936,0,ok
14567231321123,1021263,11,4702,28193,0,ok
14573261333111,1210799,11,5572,33416,0,ok
14625731111111,2175033,11,10028,60151,0,ok
14625731131121,1957660,11,8999,53978,0,ok
14625731322233,1136211,11,5233,31374,0,ok
14625732112121,698973,11,3218,19288,0,ok
14625732113321,936569,11,4316,25884,0,ok
14625732213323,899977,11,4143,24837,0,ok
14625732233111,873673,11,4025,24128,0,ok
14625733133111,615654,11,2835,16987,0,ok
14632571111111,1850936,11,8543,51243,0,ok
14632571321132,994550,11,4577,27448,0,ok
14652733321331,669685,11,3086,18492,0,ok
14673251111111,2121012,11,9775,58635,0,ok
14723651111213,854002,11,3930,23568,0,ok
14723651111312,1405849,11,6473,38829,0,ok
14723651112131,1446434,11,6654,39915,0,ok
14723651113121,847067,11,3899,23376,0,ok
14723651211212,714237,11,3292,19733,0,ok
14723652322121,692027,11,3185,19092,0,ok
14723652331232,815631,11,3758,22531,0,ok
14723653232222,755210,11,3478,20851,0,ok
14723653313111,655663,11,3019,18090,0,ok
14723653321313,968945,11,4467,26789,0,ok
14725361111111,912347,11,4203,25204,0,ok
14725361111123,973613,11,4479,26860,0,ok
14725361322332,827866,11,3814,22865,0,ok
14725362211121,773921,11,3563,21360,0,ok
14725363211213,1149183,11,5289,31719,0,ok
14725363213121,801529,11,3688,22107,0,ok
14725363223213,834275,11,3837,23006,0,ok
14725363311113,1034996,11,4767,28573,0,ok
14726531223122,994745,11,4580,27464,0,ok
14726531232122,1294317,11,5956,35723,0,ok
14726531233313,940696,11,4330,25968,0,ok
14726531333312,783105,11,3604,21612,0,ok
14726532232313,748005,11,3446,20659,0,ok
14726533323122,621266,11,2860,17134,0,ok
14735621221112,756574,11,3482,20876,0,ok
14735621223113,727049,11,3346,20057,0,ok
14735621223332,1343401,11,6186,37104,0,ok
14735621233112,1159103,11,5337,32002,0,ok
14735621323112,1251203,11,5753,34498,0,ok
14735621332112,712777,11,3279,19649,0,ok
14735621333111,766628,11,3532,21167,0,ok
14735621333222,1025404,11,4714,28267,0,ok
14736251111132,820085,11,3778,22647,0,ok
14736251112332,1042875,11,4794,28750,0,ok
14736253222223,656828,11,3023,18128,0,ok
14736521132222,928319,11,4280,25654,0,ok
14736521133131,861385,11,3968,23787,0,ok
14736521211212,734009,11,3382,20269,0,ok
14736521213333,824470,11,3799,22767,0,ok
14736521221313,1065918,11,4906,29425,0,ok
14736521321231,1124552,11,5180,31071,0,ok
14736521322233,826563,11,3807,22822,0,ok
14736521332121,1458679,11,6713,40257,0,ok
14736523112222,587718,11,2708,16226,0,ok
14736523113131,559763,11,2579,15449,0,ok
14752363222121,799005,11,3677,22038,0,ok
14752363232222,1001417,11,4612,27649,0,ok
14752363233131,850551,11,3921,23496,0,ok
14752631111111,1403304,11,6461,38753,0,ok
14752631112311,1277424,11,5877,35242,0,ok
14752631323223,1197396,11,5503,32997,0,ok
14752632332132,721756,11,3324,19926,0,ok
14752633213223,960055,11,4415,26478,0,ok
14752633222223,971344,11,4471,26811,0,ok
14752633223123,1187164,11,5459,32736,0,ok
14752633223231,978244,11,4502,26994,0,ok
14753261221112,1028925,11,4737,28401,0,ok
14753261323112,1485429,11,6837,41013,0,ok
14753261333111,1177647,11,5418,32489,0,ok
14762351221331,820176,11,3779,22656,0,ok
14762351321231,1447992,11,6650,39889,0,ok
14762351331221,909676,11,4184,25078,0,ok
14763251221223,1328864,11,6118,36692,0,ok
14763251222312,969472,11,4469,26793,0,ok
14763251332331,1449413,11,6663,39961,0,ok
14763251333123,747393,11,3442,20633,0,ok
14763252322121,1008154,11,4643,27832,0,ok
14763253132232,816311,11,3761,22546,0,ok
14763253133132,825802,11,3804,22800,0,ok
14763253133222,1019596,11,4695,28156,0,ok
14763253133231,861063,11,3969,23787,0,ok
14763253221221,1081915,11,4982,29873,0,ok
14763253222112,1154936,11,5318,31891,0,ok
14763521113211,996502,11,4587,27501,0,ok
14763521113223,909221,11,4183,25079,0,ok
14763523222331,866175,11,3984,23884,0,ok
14765231111213,1297979,11,5976,35835,0,ok
14765231111312,989442,11,4558,27331,0,ok
14765231112131,1000608,11,4608,27630,0,ok
14765231113121,1197876,11,5511,33046,0,ok
14765231133131,944998,11,4354,26102,0,ok
14765232211211,767883,11,3536,21202,0,ok
14765232232322,628172,11,2893,17335,0,ok
14765232331313,832409,11,3835,22987,0,ok
14765233113131,561855,11,2589,15508,0,ok
14765233323332,760999,11,3502,21008,0,ok
15236471111111,1774611,11,8187,49107,0,ok
15236473231121,922661,11,4245,25457,0,ok
15243671331221,1050432,11,4828,28949,0,ok
15246371331332,1278466,11,5881,35269,0,ok
15246371332331,1069855,11,4927,29542,0,ok
15246372331331,883744,11,4069,24397,0,ok
15267431223113,671171,11,3090,18515,0,ok
15273641112323,1860012,11,8578,51447,0,ok
15324673113311,1217443,11,5610,33645,0,ok
15342671211311,951592,11,4376,26229,0,ok
15346271321321,699936,11,3222,19310,0,ok
15367421211113,1096710,11,5051,30295,0,ok
15367421223113,839290,11,3862,23150,0,ok
15367423211123,979642,11,4512,27052,0,ok
15426371111111,804065,11,3706,22217,0,ok
15426371112233,1026728,11,4722,28321,0,ok
15463271313113,1176532,11,5413,32462,0,ok
15624732123212,993387,11,4579,27461,0,ok
15624732133313,1005440,11,4634,27779,0,ok
15624732333332,840196,11,3869,23193,0,ok
15627431223113,909141,11,4177,25043,0,ok
15627431322113,1311505,11,6034,36186,0,ok
15627431332112,1152106,11,5293,31740,0,ok
15634722123332,1103623,11,5086,30500,0,ok
15634722321233,817575,11,3767,22587,0,ok
15637423211123,1045314,11,4819,28901,0,ok
15642371111111,2165580,11,9986,59906,0,ok
15642372213311,897047,11,4132,24770,0,ok
15642372231332,729332,11,3359,20127,0,ok
15642372331322,660729,11,3042,18228,0,ok
15642373212311,898514,11,4139,24820,0,ok
15642373221323,938481,11,4320,25908,0,ok
15642373231223,696214,11,3205,19213,0,ok
15643271221331,1068499,11,4909,29441,0,ok
15643271331221,1265316,11,5809,34841,0,ok
15643273223111,1002221,11,4611,27643,0,ok
15647233213232,677337,11,3115,18674,0,ok
15672341113232,1250618,11,5748,34477,0,ok
15672341323112,752810,11,3467,20787,0,ok
15672342323312,856189,11,3942,23638,0,ok
15672343213232,825416,11,3799,22768,0,ok
15672433312133,1061494,11,4883,29280,0,ok
15724362212132,730345,11,3366,20183,0,ok
15724631111111,1570870,11,7243,43435,0,ok
15724631211311,1363511,11,6263,37567,0,ok
15724631322233,1337737,11,6157,36926,0,ok
15724632123233,1205588,11,5552,33301,0,ok
15724632313223,989572,11,4552,27304,0,ok
15724632323231,871918,11,4018,24085,0,ok
15724632323333,1021249,11,4702,28194,0,ok
15724633132322,757151,11,3485,20886,0,ok
15734622331223,814594,11,3753,22492,0,ok
15746321111111,1235573,11,5698,34170,0,ok
15746321323211,1157418,11,5323,31920,0,ok
15746322313112,889201,11,4093,24543,0,ok
15762342122213,1153761,11,5322,31916,0,ok
15763241111111,1462334,11,6735,40395,0,ok
15763242323132,692728,11,3189,19110,0,ok
16243571132132,644480,11,2964,17765,0,ok
16243571231231,1110431,11,5106,30607,0,ok
16243571321321,725575,11,3338,20013,0,ok
16245371231231,1118218,11,5141,30830,0,ok
16254733312223,1585310,11,7307,43823,0,ok
16257431132111,1293133,11,5948,35667,0,ok
16257433223123,748836,11,3443,20649,0,ok
16273541122133,1501767,11,6920,41499,0,ok
16273541321321,871978,11,4017,24079,0,ok
16275341312213,2277359,11,10482,62885,0,ok
16275343122221,697785,11,3211,19247,0,ok
16327453232333,775578,11,3571,21407,0,ok
16342571331221,913342,11,4205,25218,0,ok
16345271111111,2288240,11,10545,63258,0,ok
16345271133131,852125,11,3924,23524,0,ok
16345271222111,1089295,11,5015,30078,0,ok
16345272322232,821203,11,3782,22680,0,ok
16345272333212,648433,11,2987,17902,0,ok
16345273122323,871982,11,4018,24090,0,ok
16345273233323,1229531,11,5663,33962,0,ok
16347252131312,1077042,11,4965,29766,0,ok
16347253121312,1143687,11,5270,31602,0,ok
16357421223113,907267,11,4171,25017,0,ok
16374521112323,1303457,11,6002,36002,0,ok
16374523211123,959753,11,4418,26487,0,ok
16423572112121,813966,11,3748,22470,0,ok
16427531211311,1430615,11,6570,39403,0,ok
16427531231321,1505428,11,6928,41556,0,ok
16427532333233,1435679,11,6616,39673,0,ok
16453271111111,1581724,11,7288,43705,0,ok
16453271211113,1161293,11,5337,31997,0,ok
16453272111131,782298,11,3601,21580,0,ok
16475233132313,994470,11,4581,27469,0,ok
16523473332323,871052,11,4011,24052,0,ok
16523741112212,820217,11,3778,22646,0,ok
16524731112212,1377583,11,6338,38019,0,ok
16524731112233,1324191,11,6083,36487,0,ok
16524731113133,948000,11,4367,26179,0,ok
16527341111111,873893,11,4032,24171,0,ok
16527431123333,1497439,11,6898,41371,0,ok
16527431222132,1398266,11,6447,38662,0,ok
16527431312222,1540714,11,7106,42614,0,ok
16527431333213,1192859,11,5494,32942,0,ok
16527432113333,1166986,11,5378,32250,0,ok
16527432211322,1009942,11,4662,27947,0,ok
16527432231122,928481,11,4283,25684,0,ok
16527432231332,1079005,11,4962,29751,0,ok
16527432331322,947558,11,4373,26217,0,ok
16527432333113,1364775,11,6282,37667,0,ok
16527433312133,770761,11,3553,21288,0,ok
16532471111222,1047679,11,4826,28934,0,ok
16534271111111,1295096,11,5975,35833,0,ok
16534271111132,807291,11,3716,22270,0,ok
16534273211111,859220,11,3958,23734,0,ok
16534723211123,1167410,11,5385,32295,0,ok
16537421111222,837462,11,3856,23112,0,ok
16537421113322,1009957,11,4647,27865,0,ok
16537421113331,803289,11,3702,22196,0,ok
16537421223113,693741,11,3193,19134,0,ok
16537421233112,1246734,11,5737,34407,0,ok
16537421332112,770748,11,3547,21254,0,ok
16542371221331,636736,11,2931,17562,0,ok
16542371331221,872443,11,4016,24078,0,ok
16542372112331,845187,11,3893,23340,0,ok
16543271221223,1690398,11,7779,46649,0,ok
16543271223221,1087904,11,5015,30074,0,ok
16543271331332,1376335,11,6334,37988,0,ok
16543271332331,1283535,11,5909,35435,0,ok
16543272331331,933565,11,4299,25763,0,ok
16543273221221,944870,11,4354,26102,0,ok
16543721111111,963729,11,4443,26638,0,ok
16543721113211,896220,11,4125,24732,0,ok
16547233332323,1183867,11,5447,32670,0,ok
16547321113331,1285474,11,5915,35476,0,ok
16572431111111,1059347,11,4882,29280,0,ok
16572433213223,764204,11,3519,21089,0,ok
16573241123123,814928,11,3754,22500,0,ok
16573241312312,723168,11,3330,19954,0,ok
16574231113133,937033,11,4315,25877,0,ok
16723451122133,1130266,11,5204,31213,0,ok
16723451322311,964671,11,4436,26602,0,ok
16725431121311,1741646,11,8006,48018,0,ok
16725431131211,1781216,11,8190,49125,0,ok
16725431211122,793952,11,3654,21917,0,ok
16725431211131,1465061,11,6740,40425,0,ok
16725431311121,976549,11,4496,26952,0,ok
16725432211121,862327,11,3972,23816,0,ok
16725432232223,622669,11,2868,17185,0,ok
16725433113311,661839,11,3049,18272,0,ok
16725433122212,657117,11,3024,18128,0,ok
16725433333232,658414,11,3032,18169,0,ok
16735242122213,922514,11,4254,25506,0,ok
16742352232313,1045504,11,4818,28886,0,ok
16743252323222,666216,11,3070,18395,0,ok
16745232121313,1052015,11,4846,29062,0,ok
16745232122222,939342,11,4328,25944,0,ok
16745233121213,866914,11,3995,23949,0,ok
16745233333313,1684813,11,7758,46542,0,ok
16753241221112,1179833,11,5438,32613,0,ok
17246351111111,2294804,11,10581,63464,0,ok
17265433111313,1490279,11,6873,41214,0,ok
17324561211323,1198864,11,5519,33093,0,ok
17324561232332,794382,11,3657,21927,0,ok
17326452212111,1084573,11,5001,29985,0,ok
17356241212313,984567,11,4529,27149,0,ok
17356242211331,1483893,11,6831,40961,0,ok
17362451211311,892920,11,4106,24622,0,ok
17362451231321,815451,11,3754,22509,0,ok
17362452213311,1019931,11,4703,28201,0,ok
17364251231231,824496,11,3795,22753,0,ok
17423653213232,799532,11,3679,22052,0,ok
17425631122112,1023412,11,4709,28235,0,ok
17425631223113,927702,11,4267,25586,0,ok
17425631313113,969004,11,4462,26753,0,ok
17425631322113,1293759,11,5951,35686,0,ok
17425631322332,1401645,11,6455,38710,0,ok
17425631323112,978386,11,4509,27037,0,ok
17425631323223,962808,11,4430,26566,0,ok
17425631332112,979158,11,4504,27002,0,ok
17426531112233,1177423,11,5414,32476,0,ok
17426531121212,788317,11,3634,21786,0,ok
17426531132312,1082853,11,4988,29908,0,ok
17426531213123,1155515,11,5324,31926,0,ok
17426531223221,693922,11,3197,19152,0,ok
17426531232233,1582835,11,7291,43734,0,ok
17426531313131,929173,11,4281,25663,0,ok
17426531331332,889274,11,4092,24535,0,ok
17426532121211,703080,11,3239,19406,0,ok
17426532331331,727476,11,3355,20098,0,ok
17435622211133,1372084,11,6319,37899,0,ok
17435623211123,1343395,11,6194,37152,0,ok
17436521323232,1013352,11,4659,27947,0,ok
17452363213232,817580,11,3759,22536,0,ok
17452363322132,717591,11,3305,19807,0,ok
17452633213232,650502,11,2993,17944,0,ok
17453262211133,846136,11,3899,23366,0,ok
17462352213311,1201426,11,5533,33174,0,ok
17463251122112,1129431,11,5199,31176,0,ok
17463251221331,908264,11,4178,25046,0,ok
17463251313113,1172678,11,5390,32318,0,ok
17463251321231,973578,11,4487,26902,0,ok
17463251323112,1348514,11,6209,37242,0,ok
17463251331221,955991,11,4394,26346,0,ok
17526431131121,971622,11,4469,26804,0,ok
17526431231321,1046959,11,4823,28914,0,ok
17526432123233,1230132,11,5666,33987,0,ok
17543261111111,2722556,11,12560,75340,0,ok
17543261132111,883957,11,4069,24386,0,ok
17642531111111,1084011,11,4997,29960,0,ok
17642531112233,1284343,11,5914,35465,0,ok
17642533312211,625206,11,2877,17248,0,ok
17643251122112,967536,11,4456,26718,0,ok
21345671111111,1321643,11,6095,36543,0,ok
21345762223322,1149908,11,5300,31783,0,ok
21345762312323,1274404,11,5869,35198,0,ok
21345762313223,1111475,11,5123,30719,0,ok
21345763332233,863677,11,3979,23852,0,ok
21346752313322,1339789,11,6173,37022,0,ok
21347562312323,1780065,11,8202,49192,0,ok
21354671122112,829024,11,3821,22900,0,ok
21354671131313,868870,11,4001,23994,0,ok
21354671221112,535343,11,2467,14782,0,ok
21354672311123,1443731,11,6647,39871,0,ok
21354672311132,1486725,11,6847,41063,0,ok
21354672313211,3126148,11,14430,86567,0,ok
21354673131113,840259,11,3874,23225,0,ok
21354761112233,1254792,11,5775,34628,0,ok
21354761112311,917525,11,4223,25321,0,ok
21354761113211,1265151,11,5821,34909,0,ok
21354761113322,954492,11,4394,26346,0,ok
21354761122211,962666,11,4438,26605,0,ok
21354761133311,812928,11,3745,22448,0,ok
21354762213311,1452363,11,6678,40048,0,ok
21354763312211,1049058,11,4830,28963,0,ok
21357462311111,1360047,11,6266,37575,0,ok
21357463213331,700061,11,3224,19321,0,ok
21357642221132,846262,11,3901,23386,0,ok
21364752311111,1218040,11,5606,33619,0,ok
21364753212212,610338,11,2813,16852,0,ok
21365742221312,690100,11,3177,19041,0,ok
21365742312323,1231642,11,5669,34001,0,ok
21367451311331,783747,11,3608,21629,0,ok
21367452112112,898937,11,4138,24806,0,ok
21374653333121,783197,11,3607,21621,0,ok
21375462312233,847901,11,3905,23415,0,ok
21375463333211,1087793,11,5006,30026,0,ok
21376541111123,981099,11,4517,27079,0,ok
21376541112311,994548,11,4576,27444,0,ok
21376541122211,1012736,11,4668,27987,0,ok
21376541131133,876801,11,4040,24217,0,ok
21457631321123,1450947,11,6682,40079,0,ok
21473563331312,932058,11,4293,25749,0,ok
21536742222131,1064027,11,4906,29418,0,ok
21654372231323,961054,11,4420,26510,0,ok
21654372233321,909789,11,4187,25107,0,ok
21654373332122,930465,11,4283,25674,0,ok
21654373332221,969232,11,4458,26732,0,ok
21734652123131,668462,11,3081,18463,0,ok
23147562123131,1271454,11,5862,35163,0,ok
23147651112323,928245,11,4275,25636,0,ok
23147652312323,754605,11,3473,20817,0,ok
23156471222132,713552,11,3285,19687,0,ok
23156471333132,1046606,11,4818,28884,0,ok
23156473323332,711421,11,3278,19651,0,ok
23157461231333,749200,11,3449,20673,0,ok
23157462131123,1349970,11,6217,37284,0,ok
23164573213133,619937,11,2859,17122,0,ok
23164752131312,1204094,11,5543,33247,0,ok
23164753333313,856702,11,3944,23646,0,ok
23165471111111,862265,11,3974,23823,0,ok
23165471311133,739971,11,3410,20437,0,ok
23165471312132,707033,11,3258,19526,0,ok
23165472111122,878397,11,4047,24267,0,ok
23165472111332,727579,11,3353,20091,0,ok
23165472132332,1657455,11,7619,45690,0,ok
23165472311111,930858,11,4285,25696,0,ok
23165473233221,1193800,11,5496,32959,0,ok
23165741112323,986449,11,4549,27278,0,ok
23165741231312,854805,11,3932,23575,0,ok
23165742123131,1258469,11,5802,34803,0,ok
23165742131321,1538438,11,7086,42502,0,ok
23165742131333,1892701,11,8723,52332,0,ok
23165742312323,1135878,11,5237,31394,0,ok
23165743331312,1344920,11,6201,37191,0,ok
23167541233322,796675,11,3664,21971,0,ok
23167542131222,1954648,11,8980,53867,0,ok
23174652123131,1309717,11,6036,36202,0,ok
23175463211222,626110,11,2882,17278,0,ok
23176452132221,1094094,11,5035,30184,0,ok
23176453332233,764403,11,3523,21118,0,ok
23416752121211,1207076,11,5562,33360,0,ok
23417563232123,928772,11,4274,25629,0,ok
23456173212332,918055,11,4217,25289,0,ok
23456173233122,1048600,11,4825,28936,0,ok
23456713212332,904100,11,4158,24920,0,ok
23475162121112,1347947,11,6210,37239,0,ok
23517462131333,1446677,11,6661,39953,0,ok
23576412233321,664264,11,3061,18344,0,ok
23576412312323,858435,11,3953,23699,0,ok
23657142121112,1076403,11,4965,29770,0,ok
23671452122333,1442703,11,6654,39910,0,ok
23674153232321,910892,11,4187,25100,0,ok
23751461132123,972875,11,4479,26852,0,ok
23751463112321,962851,11,4433,26577,0,ok
23756143222331,829917,11,3819,22907,0,ok
23756411222312,941843,11,4337,25998,0,ok
23756413222112,1150795,11,5294,31746,0,ok
23756413223312,1126489,11,5182,31071,0,ok
23756413322312,927900,11,4272,25614,0,ok
24153672321233,889311,11,4095,24548,0,ok
24157361313212,880249,11,4054,24306,0,ok
24157362323111,1298390,11,5971,35813,0,ok
24167353132232,1160984,11,5345,32061,0,ok
24173652323231,837027,11,3851,23085,0,ok
24315673311311,1542328,11,7103,42609,0,ok
24315761122322,952125,11,4383,26285,0,ok
24315762213323,2094874,11,9641,57829,0,ok
24351671212211,1085901,11,4999,29984,0,ok
24351673111133,1306649,11,6020,36115,0,ok
24351673311311,1498722,11,6907,41427,0,ok
24351761111123,2760421,11,12676,76042,0,ok
24351761212232,818768,11,3769,22599,0,ok
24367511323112,1104038,11,5085,30494,0,ok
24367513111121,887445,11,4084,24483,0,ok
24376512222122,1141391,11,5261,31550,0,ok
24516732233111,1283419,11,5911,35445,0,ok
24531673123121,1163623,11,5352,32096,0,ok
24536713231232,827374,11,3811,22851,0,ok
24537613231322,1031262,11,4755,28512,0,ok
24561372111131,1360203,11,6262,37552,0,ok
24563711121212,954876,11,4396,26364,0,ok
24563712121232,1131381,11,5213,31263,0,ok
24563713121222,1247060,11,5750,34488,0,ok
24571362221213,1475566,11,6806,40817,0,ok
24571631121212,842364,11,3878,23247,0,ok
24615371112332,921295,11,4240,25419,0,ok
24615372213311,2318016,11,10668,63995,0,ok
24615731122313,2346123,11,10778,64663,0,ok
24615731132333,3122237,11,14352,86107,0,ok
24615732111323,1189977,11,5484,32896,0,ok
24615732213311,1248262,11,5751,34487,0,ok
24615732233321,1446449,11,6662,39956,0,ok
24615733113323,1216434,11,5609,33640,0,ok
24615733311122,1143367,11,5270,31602,0,ok
24617532233321,1742339,11,8029,48148,0,ok
24637512311132,1032098,11,4760,28536,0,ok
24651731113223,1028597,11,4735,28397,0,ok
24651731333333,1115785,11,5128,30759,0,ok
24715363311332,745033,11,3429,20559,0,ok
24715631111111,682922,11,3147,18871,0,ok
24715631122121,873900,11,4028,24144,0,ok
24715631122133,1723296,11,7924,47523,0,ok
24715632313223,968179,11,4455,26709,0,ok
24715633112111,613801,11,2826,16933,0,ok
24715633131131,904795,11,4172,25009,0,ok
24716532323231,894153,11,4120,24697,0,ok
24731561111111,2960628,11,13642,81840,0,ok
24731562311231,935761,11,4308,25832,0,ok
24736512222332,1804063,11,8301,49794,0,ok
24751362221231,1754589,11,8078,48450,0,ok
24751362321113,1486525,11,6853,41097,0,ok
24761531221223,1260657,11,5800,34785,0,ok
24763151111111,690592,11,3182,19071,0,ok
24765313222112,835930,11,3852,23089,0,ok
25134672233321,808144,11,3724,22320,0,ok
25134672312323,938992,11,4323,25923,0,ok
25134672313211,1229659,11,5669,34001,0,ok
25137461111111,1643021,11,7572,45414,0,ok
25137461211323,771196,11,3552,21282,0,ok
25163741112323,1150299,11,5305,31809,0,ok
25314673111313,2013745,11,9282,55669,0,ok
25314673111331,1898067,11,8745,52453,0,ok
25314673131311,1495126,11,6898,41371,0,ok
25341673113311,1424557,11,6568,39396,0,ok
25341762313223,1477357,11,6804,40804,0,ok
25364172311231,1829917,11,8429,50558,0,ok
25364173223231,937515,11,4311,25844,0,ok
25367411211122,831821,11,3833,22974,0,ok
25413672323111,2360271,11,10866,65183,0,ok
25413763121222,809179,11,3733,22373,0,ok
25436711311313,882178,11,4064,24366,0,ok
25436712123122,936439,11,4314,25866,0,ok
25436712123332,986751,11,4545,27246,0,ok
25436712132122,1086000,11,4996,29963,0,ok
25436712323231,754219,11,3472,20809,0,ok
25436713232321,737721,11,3396,20351,0,ok
25436713332122,761742,11,3505,21016,0,ok
25463713212332,717659,11,3300,19782,0,ok
25471362323132,1036042,11,4768,28591,0,ok
25471631312213,1546685,11,7117,42685,0,ok
25631741212121,1477575,11,6807,40827,0,ok
25634713321232,824031,11,3800,22775,0,ok
25641371213132,828317,11,3815,22872,0,ok
25714632123131,1096055,11,5054,30305,0,ok
25714632223331,973096,11,4482,26878,0,ok
25714632313211,3273764,11,15097,90573,0,ok
25714633121333,1099580,11,5069,30400,0,ok
25716431212223,1154096,11,5320,31906,0,ok
25716433223213,781987,11,3601,21580,0,ok
25731642232211,1549626,11,7150,42878,0,ok
25734162221111,842637,11,3883,23271,0,ok
25734613113323,997298,11,4597,27567,0,ok
25736141111123,1116333,11,5142,30836,0,ok
25736141233232,844907,11,3889,23324,0,ok
25736411133113,715823,11,3301,19784,0,ok
25736411231321,890453,11,4099,24582,0,ok
25736411321312,1395564,11,6408,38430,0,ok
25736411331113,833028,11,3841,23024,0,ok
25736413123112,918716,11,4230,25368,0,ok
25741361232113,1076171,11,4960,29741,0,ok
25741632222323,1027014,11,4727,28349,0,ok
25741632312323,988705,11,4551,27294,0,ok
25743611233232,749573,11,3449,20675,0,ok
25763142223133,1152789,11,5310,31846,0,ok
25763411332322,907360,11,4176,25039,0,ok
26135742132221,1257991,11,5790,34736,0,ok
26135742213323,1209863,11,5580,33457,0,ok
26135742332312,1798548,11,8259,49538,0,ok
26153471122121,750966,11,3459,20733,0,ok
26153473131131,899323,11,4145,24851,0,ok
26153473132121,913263,11,4203,25193,0,ok
26154372332213,2421100,11,11154,66906,0,ok
26175432331133,1271361,11,5854,35106,0,ok
26317451212211,1840297,11,8469,50802,0,ok
26345711223113,573435,11,2639,15810,0,ok
26371453112111,948543,11,4360,26144,0,ok
26415731322323,1093700,11,5026,30144,0,ok
26415732121223,858948,11,3956,23727,0,ok
26415732233321,1019378,11,4692,28133,0,ok
26435712222122,2182878,11,10047,60271,0,ok
26435712233321,1030596,11,4748,28472,0,ok
26435712311132,1328145,11,6124,36726,0,ok
26435712322322,2158772,11,9932,59587,0,ok
26435713311122,1163476,11,5363,32157,0,ok
26435713333133,986896,11,4546,27254,0,ok
26437512122312,1434561,11,6603,39608,0,ok
26453172211133,1475350,11,6796,40759,0,ok
26453711333333,790402,11,3639,21817,0,ok
26513471122121,861642,11,3965,23769,0,ok
26517343333313,997293,11,4597,27560,0,ok
26534713333313,1105130,11,5094,30539,0,ok
26543171111111,848672,11,3915,23467,0,ok
26543171123111,636176,11,2928,17538,0,ok
26547313131323,857629,11,3955,23715,0,ok
26573413331312,868766,11,4005,23998,0,ok
26714531212133,1754241,11,8064,48372,0,ok
26714532121133,879514,11,4053,24301,0,ok
26715433231322,788107,11,3631,21770,0,ok
26741351232113,885722,11,4080,24451,0,ok
26743512121232,1209802,11,5577,33450,0,ok
27134561131133,1139130,11,5243,31436,0,ok
27154632311132,681153,11,3139,18811,0,ok
27314652313211,2551284,11,11762,70559,0,ok
27365412321212,1310986,11,6041,36231,0,ok
27415363131113,992837,11,4579,27451,0,ok
27415632323231,1169153,11,5385,32290,0,ok
27415633321322,1136174,11,5236,31400,0,ok
27416532133232,796710,11,3667,21986,0,ok
27416533321232,939853,11,4331,25966,0,ok
27435612122222,1407498,11,6490,38932,0,ok
27453161123111,767812,11,3533,21179,0,ok
27453161132111,730646,11,3360,20158,0,ok
27456133132223,995137,11,4581,27470,0,ok
27516341111111,1126199,11,5190,31107,0,ok
27534161111111,1411971,11,6505,39007,0,ok
27534161111123,1040839,11,4799,28777,0,ok
27534162311111,883128,11,4064,24369,0,ok
27534612311132,1111872,11,5125,30733,0,ok
27536412332312,1821793,11,8360,50146,0,ok
27543611111123,976008,11,4496,26963,0,ok
27543611111132,789837,11,3639,21809,0,ok
27546312231122,1544949,11,7126,42737,0,ok
27613543333133,847389,11,3909,23425,0,ok
27614353311332,900031,11,4146,24857,0,ok
27615431312333,1129573,11,5202,31198,0,ok
27615432113321,1387126,11,6396,38351,0,ok
27615433313213,702760,11,3239,19400,0,ok
27634511131133,870739,11,4011,24044,0,ok
27634512233321,953087,11,4388,26310,0,ok
27643513311233,1397118,11,6434,38594,0,ok
31246753312211,1343825,11,6191,37134,0,ok
31247651113232,941448,11,4335,26001,0,ok
31247651323232,860872,11,3964,23769,0,ok
31256471231222,656593,11,3023,18120,0,ok
31257462222221,1000412,11,4608,27638,0,ok
31257462312311,1450047,11,6670,40013,0,ok
31257643311122,895665,11,4126,24740,0,ok
31264572122213,970673,11,4474,26829,0,ok
31264573132313,625778,11,2882,17275,0,ok
31264573222223,610088,11,2811,16847,0,ok
31264752132122,759465,11,3495,20948,0,ok
31264752313121,1861642,11,8554,51314,0,ok
31265471111111,947769,11,4370,26208,0,ok
31265471122112,1000807,11,4605,27613,0,ok
31265471122133,1066029,11,4910,29436,0,ok
31265471312213,922460,11,4247,25465,0,ok
31265471313113,890769,11,4099,24574,0,ok
31265471321111,701561,11,3228,19351,0,ok
31265472233321,1492708,11,6874,41232,0,ok
31265472312233,974019,11,4487,26902,0,ok
31265741233331,831713,11,3836,22990,0,ok
31267542222233,986688,11,4549,27274,0,ok
31267542313133,1652602,11,7610,45642,0,ok
31275461112233,987120,11,4548,27266,0,ok
31275461322233,1034640,11,4768,28598,0,ok
31275462133211,913133,11,4207,25217,0,ok
31275462223211,932579,11,4297,25763,0,ok
31275462311213,1798076,11,8276,49655,0,ok
31275462312212,1809862,11,8334,49988,0,ok
31275463311122,1489632,11,6862,41154,0,ok
31276452133322,729359,11,3357,20128,0,ok
31276452313313,1741994,11,8008,48035,0,ok
31452671323211,1137827,11,5232,31377,0,ok
31452671332232,924664,11,4255,25512,0,ok
31452672322331,817023,11,3761,22553,0,ok
31456722111221,921186,11,4240,25421,0,ok
31462751111111,1439757,11,6643,39845,0,ok
31462751113322,1016294,11,4679,28061,0,ok
31475261322233,1064464,11,4895,29361,0,ok
31475262331313,1799201,11,8267,49592,0,ok
31475262333221,1071199,11,4927,29555,0,ok
31524673332122,1590196,11,7312,43862,0,ok
31527643332122,865813,11,3983,23875,0,ok
31564272212111,1089242,11,5026,30139,0,ok
31564272213311,1057991,11,4870,29203,0,ok
31564273113311,721504,11,3324,19921,0,ok
31572461122133,1223171,11,5642,33833,0,ok
31624751112233,979281,11,4503,27004,0,ok
31624753312211,1232241,11,5672,34009,0,ok
31627452221333,1020644,11,4703,28200,0,ok
31654272313322,1181915,11,5446,32654,0,ok
31754621331122,1530748,11,7045,42254,0,ok
31765242322121,1140958,11,5250,31483,0,ok
32145671111111,2030325,11,9369,56202,0,ok
32145671123333,792003,11,3646,21856,0,ok
32145671132222,808678,11,3722,22318,0,ok
32145671221112,760922,11,3506,21015,0,ok
32145671333333,762476,11,3513,21063,0,ok
32145672113333,719373,11,3311,19848,0,ok
32145672212222,679437,11,3130,18763,0,ok
32145673112222,695320,11,3201,19185,0,ok
32145673311113,679822,11,3132,18769,0,ok
32146751232323,1094812,11,5038,30216,0,ok
32146752232223,1559003,11,7171,43004,0,ok
32147562313223,971536,11,4467,26785,0,ok
32147562333233,1769528,11,8146,48855,0,ok
32147651123333,938690,11,4328,25947,0,ok
32147651132222,878533,11,4049,24270,0,ok
32147651213333,936126,11,4316,25871,0,ok
32147651312222,827114,11,3811,22849,0,ok
32147652113333,829632,11,3821,22908,0,ok
32147652231332,1113062,11,5131,30768,0,ok
32147652233213,1469621,11,6774,40628,0,ok
32147652331322,1189746,11,5483,32875,0,ok
32147652332213,1491099,11,6878,41255,0,ok
32147653112222,864829,11,3985,23892,0,ok
32156471111111,1726150,11,7963,47769,0,ok
32156471113211,1490989,11,6858,41128,0,ok
32156471232332,994187,11,4569,27393,0,ok
32156472312332,905657,11,4165,24971,0,ok
32156472332132,1370575,11,6290,37723,0,ok
32156472332321,1019308,11,4694,28154,0,ok
32156472333332,1477774,11,6791,40731,0,ok
32156473223123,592270,11,2727,16333,0,ok
32156741112323,2021143,11,9329,55952,0,ok
32156742311123,1442430,11,6632,39779,0,ok
32156742313223,1649178,11,7575,45440,0,ok
32156742333131,891715,11,4105,24604,0,ok
32157641232323,1282836,11,5901,35392,0,ok
32157642231323,1111801,11,5117,30683,0,ok
32164571111111,920315,11,4241,25433,0,ok
32164571111231,746629,11,3434,20584,0,ok
32164571232323,1038528,11,4779,28651,0,ok
32164572232223,1164355,11,5361,32154,0,ok
32164572232313,1129797,11,5200,31184,0,ok
32164572233321,1147438,11,5285,31693,0,ok
32164572312323,1374458,11,6327,37939,0,ok
32164573323212,672229,11,3097,18556,0,ok
32165741111111,1101209,11,5078,30462,0,ok
32165741111132,764382,11,3514,21075,0,ok
32165741233223,1216573,11,5592,33534,0,ok
32165742211112,935487,11,4310,25845,0,ok
32165742331112,1224744,11,5633,33771,0,ok
32165743311131,769647,11,3546,21244,0,ok
32167451111111,1885280,11,8703,52199,0,ok
32167451213333,694590,11,3198,19172,0,ok
32167451222222,759719,11,3501,20987,0,ok
32167451312222,647218,11,2982,17866,0,ok
32167451333111,630643,11,2905,17404,0,ok
32167452211121,696883,11,3211,19246,0,ok
32167453222313,588479,11,2710,16232,0,ok
32167453313333,673670,11,3103,18599,0,ok
32167453321232,689213,11,3175,19024,0,ok
32174561112323,1624492,11,7492,44940,0,ok
32174561232113,1400946,11,6446,38662,0,ok
32174561232233,1316682,11,6062,36363,0,ok
32174562231212,978919,11,4513,27051,0,ok
32174652312332,1151410,11,5286,31706,0,ok
32174652332132,903206,11,4158,24930,0,ok
32175461111111,1833817,11,8463,50760,0,ok
32175461113112,1540868,11,7092,42532,0,ok
32175461221112,665689,11,3067,18379,0,ok
32175461333111,660879,11,3045,18241,0,ok
32175462233111,1122137,11,5170,30997,0,ok
32175462312323,1277179,11,5887,35296,0,ok
32416753121222,1285798,11,5928,35558,0,ok
32417562113321,1169097,11,5392,32342,0,ok
32417652132131,962190,11,4427,26553,0,ok
32417653132121,842150,11,3874,23220,0,ok
32451762331121,920471,11,4233,25373,0,ok
32456173212332,624028,11,2874,17220,0,ok
32456711233133,1345592,11,6202,37194,0,ok
32465172112121,742689,11,3423,20511,0,ok
32465172132131,665686,11,3065,18364,0,ok
32465172133121,1002273,11,4610,27647,0,ok
32465172332321,1126722,11,5179,31064,0,ok
32465173123121,720857,11,3318,19887,0,ok
32465173132121,1042250,11,4794,28743,0,ok
32465173133111,797753,11,3674,22020,0,ok
32465173233221,777275,11,3579,21459,0,ok
32475161232323,888436,11,4096,24550,0,ok
32475163331222,783362,11,3607,21616,0,ok
32476513232231,710273,11,3270,19604,0,ok
32517463131311,1483040,11,6833,40989,0,ok
32546713323212,756978,11,3486,20897,0,ok
32547611121113,894010,11,4115,24682,0,ok
32547611131112,907612,11,4178,25039,0,ok
32547611213111,813967,11,3748,22469,0,ok
32547611312111,834992,11,3844,23045,0,ok
32547612111311,947860,11,4363,26158,0,ok
32547613111211,808889,11,3724,22324,0,ok
32561471113133,864170,11,3981,23859,0,ok
32561471121311,1026949,11,4729,28357,0,ok
32561471122211,818296,11,3771,22602,0,ok
32561471131211,786013,11,3619,21696,0,ok
32561471211131,1184964,11,5458,32729,0,ok
32561471311121,815654,11,3760,22532,0,ok
32561472133313,1460665,11,6717,40282,0,ok
32561472213122,941136,11,4333,25974,0,ok
32561473222223,584986,11,2693,16143,0,ok
32561473323212,779073,11,3585,21491,0,ok
32567412122222,784864,11,3618,21678,0,ok
32567412131312,1458714,11,6716,40283,0,ok
32567412222212,1725934,11,7958,47721,0,ok
32567413131212,1409203,11,6475,38836,0,ok
32567413133333,1014688,11,4675,28034,0,ok
32576142313223,1063845,11,4896,29365,0,ok
32615473332122,755009,11,3476,20838,0,ok
32647152133121,1078461,11,4965,29771,0,ok
32647153132121,777509,11,3580,21464,0,ok
32647512333233,1273726,11,5874,35223,0,ok
32657143121213,1383473,11,6379,38262,0,ok
32657412111212,1216442,11,5605,33606,0,ok
32671453123313,1403099,11,6464,38779,0,ok
32674152113333,1710149,11,7869,47207,0,ok
32714652332132,893688,11,4111,24641,0,ok
32716452123212,1304396,11,6010,36051,0,ok
32741651121311,1194250,11,5501,32986,0,ok
32741651131211,959538,11,4419,26494,0,ok
32741651211131,1133764,11,5218,31295,0,ok
32741651311121,826675,11,3804,22811,0,ok
32741652111113,930919,11,4286,25698,0,ok
32741653111112,1084649,11,4993,29946,0,ok
32745611223332,855623,11,3934,23586,0,ok
32745612313322,1735517,11,7986,47910,0,ok
32745612322331,828604,11,3811,22847,0,ok
32751643321232,717948,11,3306,19820,0,ok
32754163211123,764663,11,3522,21112,0,ok
32756141233121,1042786,11,4802,28798,0,ok
32761452121313,1439972,11,6616,39685,0,ok
32761452122222,844486,11,3890,23320,0,ok
32761452222212,773680,11,3563,21365,0,ok
32761453121312,1756434,11,8089,48522,0,ok
32761453133333,816646,11,3765,22566,0,ok
32765411112221,793820,11,3655,21909,0,ok
32765411121113,749381,11,3451,20683,0,ok
32765411131112,986540,11,4542,27241,0,ok
32765411133113,796347,11,3669,21982,0,ok
32765411331113,627284,11,2890,17317,0,ok
32765412221312,1358550,11,6243,37445,0,ok
32765412323222,1098731,11,5057,30333,0,ok
32765413122212,1416141,11,6506,39020,0,ok
32765413223312,649533,11,2990,17920,0,ok
32765413231223,789402,11,3636,21796,0,ok
32765413322312,602138,11,2774,16612,0,ok
34125672131213,1779403,11,8174,49031,0,ok
34125672131312,1991308,11,9137,54814,0,ok
34125672221222,722052,11,3326,19942,0,ok
34125673133333,747126,11,3441,20629,0,ok
34127651121113,768452,11,3538,21208,0,ok
34127651131112,936075,11,4313,25852,0,ok
34127651213111,1004642,11,4625,27730,0,ok
34127651312111,755198,11,3475,20830,0,ok
34127652111311,927843,11,4270,25607,0,ok
34127653111211,765767,11,3528,21143,0,ok
34162752132212,1495936,11,6896,41359,0,ok
34165271112212,999739,11,4606,27618,0,ok
34165271121311,862777,11,3971,23816,0,ok
34165271131211,1242185,11,5721,34310,0,ok
34165271211131,1054823,11,4862,29158,0,ok
34165271311121,798764,11,3678,22045,0,ok
34165271311133,803714,11,3700,22180,0,ok
34165272323333,1387361,11,6384,38284,0,ok
34165273133312,1371016,11,6317,37886,0,ok
34165273222322,519419,11,2391,14323,0,ok
34165273311131,593349,11,2733,16372,0,ok
34167252213323,1037684,11,4779,28650,0,ok
34172562132332,2011608,11,9225,55340,0,ok
34172562313331,823831,11,3796,22754,0,ok
34175263321232,644856,11,2972,17807,0,ok
34216572213122,1325305,11,6108,36638,0,ok
34261572132131,831887,11,3826,22935,0,ok
34261572133121,865048,11,3979,23859,0,ok
34261573123121,682511,11,3139,18812,0,ok
34265712212132,1176128,11,5422,32506,0,ok
34275161312213,1174401,11,5414,32463,0,ok
34275162112322,1495079,11,6875,41233,0,ok
34275162213221,1199797,11,5521,33110,0,ok
34516271111111,834724,11,3842,23039,0,ok
34516272312332,928549,11,4275,25625,0,ok
34516722313223,1124598,11,5184,31089,0,ok
34517622231323,887493,11,4086,24500,0,ok
34521672223232,1077169,11,4960,29739,0,ok
34526713232312,972712,11,4479,26845,0,ok
34527612211322,1610833,11,7427,44540,0,ok
34527612231122,1552202,11,7157,42926,0,ok
34527612231332,1669291,11,7691,46138,0,ok
34527612331322,1650598,11,7593,45542,0,ok
34527613312133,844138,11,3890,23325,0,ok
34561272122123,1134296,11,5222,31317,0,ok
34561272122321,1232290,11,5674,34027,0,ok
34561272212213,1880583,11,8667,51995,0,ok
34561272213122,965396,11,4452,26691,0,ok
34561272232211,1800095,11,8299,49784,0,ok
34561273221233,983867,11,4535,27192,0,ok
34561273233131,1004513,11,4627,27740,0,ok
34561273311233,931979,11,4295,25753,0,ok
34561273313321,919020,11,4238,25410,0,ok
34561273321133,877807,11,4046,24247,0,ok
34561273321223,1002702,11,4619,27690,0,ok
34561721111111,984791,11,4537,27209,0,ok
34562171321111,727327,11,3348,20064,0,ok
34562171321231,890914,11,4101,24582,0,ok
34562172232313,929843,11,4283,25685,0,ok
34567212223232,1215919,11,5600,33586,0,ok
34617252111212,1110752,11,5116,30671,0,ok
34617252123212,1279245,11,5894,35343,0,ok
34617252132212,1180024,11,5436,32598,0,ok
34617522221333,949982,11,4375,26227,0,ok
34621572132131,739720,11,3405,20414,0,ok
34625172111212,1691397,11,7776,46638,0,ok
34627512232313,984122,11,4534,27179,0,ok
34651271123111,1672431,11,7690,46122,0,ok
34651272332132,1010312,11,4647,27864,0,ok
34675212222122,1570499,11,7242,43444,0,ok
34715262221123,1022927,11,4716,28275,0,ok
34716522223211,1558689,11,7172,43023,0,ok
34721652121313,1277980,11,5887,35308,0,ok
34721652131213,1032157,11,4757,28526,0,ok
34721652221222,1556810,11,7164,42973,0,ok
34721652222212,1402023,11,6454,38711,0,ok
34721653333313,789403,11,3639,21810,0,ok
34725611212211,854147,11,3938,23611,0,ok
34725612111113,788587,11,3632,21775,0,ok
34725612121322,2186161,11,10050,60288,0,ok
34725612231212,1504623,11,6928,41552,0,ok
34725612231332,1431198,11,6578,39462,0,ok
34725612322232,641643,11,2959,17723,0,ok
34725612331322,1403294,11,6455,38716,0,ok
34725613111112,886086,11,4083,24483,0,ok
34725613111133,1229500,11,5655,33916,0,ok
34725613132223,1056465,11,4865,29167,0,ok
34725613311113,910000,11,4191,25127,0,ok
34761252323222,611601,11,2819,16883,0,ok
35126741232212,883942,11,4071,24410,0,ok
35126742231233,1255590,11,5782,34682,0,ok
35127462331331,1606083,11,7383,44284,0,ok
35162472122231,768937,11,3541,21231,0,ok
35162472123233,984363,11,4537,27207,0,ok
35162473122221,839541,11,3863,23166,0,ok
35162473323131,791785,11,3643,21839,0,ok
35162473332122,1008200,11,4643,27835,0,ok
35162473332131,1096586,11,5043,30240,0,ok
35162742213323,1120735,11,5163,30957,0,ok
35167242132212,1147441,11,5282,31674,0,ok
35172461232323,1018686,11,4688,28120,0,ok
35174262213131,1003125,11,4624,27729,0,ok
35174262231113,1375555,11,6332,37978,0,ok
35246171111111,1049328,11,4839,29009,0,ok
35246171113322,777772,11,3584,21483,0,ok
35246172213311,1013718,11,4664,27973,0,ok
35267141223233,1176519,11,5407,32426,0,ok
35267141321132,1921191,11,8850,53084,0,ok
35271461322233,775287,11,3567,21386,0,ok
35416721113112,958467,11,4410,26445,0,ok
35416723232213,911444,11,4198,25178,0,ok
35417622223133,1204718,11,5551,33284,0,ok
35426712131132,1287947,11,5930,35564,0,ok
35426712311312,1941116,11,8909,53433,0,ok
35426713111313,1199067,11,5517,33081,0,ok
35426713131113,930363,11,4284,25679,0,ok
35426713312211,959411,11,4417,26480,0,ok
35461271111231,1030977,11,4745,28452,0,ok
35461271321231,691639,11,3184,19083,0,ok
35461272222323,943929,11,4346,26051,0,ok
35462171131313,676267,11,3111,18652,0,ok
35462171212121,704453,11,3247,19458,0,ok
35462171221223,677887,11,3121,18708,0,ok
35462171332331,970096,11,4464,26762,0,ok
35462172213311,977537,11,4502,26993,0,ok
35462172223331,883639,11,4068,24389,0,ok
35462172312131,1616017,11,7417,44484,0,ok
35462173123211,871069,11,4012,24051,0,ok
35462173131311,790352,11,3644,21840,0,ok
35462173221221,727707,11,3350,20083,0,ok
35462712322322,1037944,11,4779,28656,0,ok
35472163222313,633925,11,2920,17497,0,ok
35472163231322,737017,11,3396,20355,0,ok
35476122221111,958423,11,4411,26441,0,ok
35614722321233,921213,11,4242,25432,0,ok
35617423131332,742377,11,3416,20483,0,ok
35624712121232,1477026,11,6810,40844,0,ok
35624712321212,1662451,11,7664,45978,0,ok
35624712321332,1556079,11,7164,42960,0,ok
35624712331232,1413827,11,6513,39064,0,ok
35714623111322,797526,11,3674,22028,0,ok
35721642221213,1526539,11,7039,42216,0,ok
35762142222113,1013804,11,4669,28004,0,ok
36125471111333,706242,11,3253,19504,0,ok
36125471212112,1228399,11,5663,33953,0,ok
36125471213111,1106762,11,5091,30525,0,ok
36125471222111,945002,11,4360,26138,0,ok
36125471312111,881646,11,4057,24333,0,ok
36125472111311,1239283,11,5698,34167,0,ok
36125472121223,1044567,11,4809,28835,0,ok
36125473111211,816111,11,3757,22533,0,ok
36125473232222,1217166,11,5606,33616,0,ok
36125473323233,774529,11,3568,21390,0,ok
36125743222331,1372638,11,6325,37938,0,ok
36127451333222,911966,11,4196,25162,0,ok
36145272122222,1010578,11,4655,27908,0,ok
36145272131213,1925634,11,8865,53169,0,ok
36145272131312,1437980,11,6623,39723,0,ok
36145273333313,990552,11,4563,27364,0,ok
36147251121311,752658,11,3467,20788,0,ok
36147251131211,1265049,11,5819,34895,0,ok
36147251211131,935468,11,4307,25830,0,ok
36147251311121,982050,11,4522,27118,0,ok
36147252111113,1109722,11,5112,30652,0,ok
36147253111112,806212,11,3714,22261,0,ok
36152741231312,1044744,11,4810,28855,0,ok
36152742131321,1295658,11,5959,35739,0,ok
36172452133133,1554072,11,7150,42883,0,ok
36217452131333,1154539,11,5324,31927,0,ok
36217541223311,672839,11,3098,18561,0,ok
36217543213112,856827,11,3943,23636,0,ok
36241573212332,825013,11,3797,22764,0,ok
36241753212311,961963,11,4431,26560,0,ok
36415272123212,975334,11,4498,26964,0,ok
36417522123311,1104759,11,5088,30513,0,ok
36514272212111,1457201,11,6715,40274,0,ok
36521472113321,1028626,11,4739,28422,0,ok
36521472331121,1376445,11,6323,37922,0,ok
36527411131133,619812,11,2855,17118,0,ok
36527412111113,688378,11,3172,19017,0,ok
36527412131222,1416003,11,6517,39089,0,ok
36527412211322,1523084,11,7016,42083,0,ok
36527412221312,2155857,11,9890,59327,0,ok
36527412231122,1353702,11,6232,37377,0,ok
36527412322232,714658,11,3291,19729,0,ok
36527413111112,958820,11,4416,26475,0,ok
36527413311311,562631,11,2594,15530,0,ok
36541272323222,651697,11,3001,17980,0,ok
36542712121322,1005015,11,4634,27786,0,ok
36547212121313,1407472,11,6477,38851,0,ok
36547212122222,1962663,11,9038,54207,0,ok
36547212131312,1069073,11,4932,29568,0,ok
36547212221222,1340833,11,6174,37023,0,ok
36547213331333,832534,11,3835,22990,0,ok
36712542121112,1090652,11,5028,30151,0,ok
36712542121121,1237550,11,5697,34162,0,ok
36712542121211,1223635,11,5640,33816,0,ok
36712542122111,887968,11,4093,24535,0,ok
36714252232223,728433,11,3356,20114,0,ok
36714521232113,1058193,11,4876,29248,0,ok
36714522121322,1452832,11,6699,40185,0,ok
36714522122213,1068410,11,4920,29505,0,ok
36714523132223,840226,11,3872,23207,0,ok
36714523132322,687462,11,3169,18988,0,ok
36721451131331,806017,11,3712,22261,0,ok
36721452121322,842477,11,3881,23268,0,ok
36721452122123,704279,11,3242,19428,0,ok
36721452122213,1067124,11,4920,29498,0,ok
36721452122321,732146,11,3369,20197,0,ok
36721452131111,1243289,11,5725,34331,0,ok
36721452223232,1143355,11,5261,31546,0,ok
36721453113113,797295,11,3672,22014,0,ok
36721453121111,1116303,11,5137,30812,0,ok
36725411121212,1039076,11,4792,28733,0,ok
36725411131313,693288,11,3196,19157,0,ok
36725411212121,844131,11,3892,23333,0,ok
36725411313131,1074428,11,4953,29700,0,ok
36725412111212,2582995,11,11886,71294,0,ok
36725412121112,2526204,11,11635,69791,0,ok
36725412121211,768521,11,3545,21242,0,ok
36725412121232,1592741,11,7341,44021,0,ok
36725412123212,1112841,11,5132,30767,0,ok
36725412321212,2619805,11,12062,72359,0,ok
36725413111313,1439866,11,6639,39816,0,ok
36725413131113,1267816,11,5844,35048,0,ok
36725413131311,807744,11,3722,22320,0,ok
36741252122123,1062182,11,4890,29317,0,ok
36741252122321,1549081,11,7132,42767,0,ok
36741252122333,1045903,11,4821,28904,0,ok
36741252123323,1150525,11,5302,31790,0,ok
36741253233131,1069889,11,4924,29525,0,ok
36745211211221,637720,11,2937,17596,0,ok
36745212121223,786328,11,3621,21704,0,ok
36745212122312,904382,11,4167,24992,0,ok
36745212122333,834122,11,3841,23032,0,ok
36745212123323,790812,11,3641,21830,0,ok
36745212131111,1081141,11,4976,29836,0,ok
36745212223232,1380900,11,6351,38088,0,ok
36745213121111,965015,11,4444,26644,0,ok
36745213131131,709806,11,3267,19579,0,ok
36745213133111,763650,11,3520,21094,0,ok
36745213232213,730643,11,3366,20176,0,ok
36751243222322,747513,11,3442,20641,0,ok
36752142122132,1156611,11,5323,31919,0,ok
36752142123221,840031,11,3865,23175,0,ok
36752143132232,872752,11,4015,24072,0,ok
36752143133222,704219,11,3241,19429,0,ok
36752143211132,957944,11,4411,26446,0,ok
36754123232222,1161257,11,5350,32085,0,ok
37246511112233,865267,11,3986,23906,0,ok
37256142321233,1146664,11,5276,31637,0,ok
37415622333221,1227219,11,5654,33909,0,ok
37426513132313,828408,11,3819,22893,0,ok
37452162323312,897995,11,4132,24770,0,ok
37516422333311,1667433,11,7660,45947,0,ok
37561241311112,859865,11,3955,23712,0,ok
37612453122233,783229,11,3603,21599,0,ok
37612542221111,1254712,11,5773,34615,0,ok
37614252221123,833609,11,3841,23017,0,ok
37614521111111,798828,11,3681,22067,0,ok
37614521323232,825816,11,3801,22786,0,ok
37614522111221,783126,11,3606,21618,0,ok
37614522113321,1212161,11,5577,33449,0,ok
37614522313322,813644,11,3748,22466,0,ok
37614522323312,691103,11,3182,19068,0,ok
37614523232213,843738,11,3888,23310,0,ok
37615421113322,985841,11,4542,27235,0,ok
37615422211133,1423034,11,6549,39277,0,ok
37615422223133,1212999,11,5586,33505,0,ok
37615422313121,1149498,11,5290,31723,0,ok
37615422313331,1063693,11,4895,29356,0,ok
37615423121132,799911,11,3682,22075,0,ok
37624152311213,1127460,11,5192,31134,0,ok
37624511232233,1029601,11,4743,28443,0,ok
37624512121322,1801380,11,8309,49842,0,ok
37624512231212,1297374,11,5969,35802,0,ok
37624513131323,951760,11,4384,26289,0,ok
37624513231313,934927,11,4304,25811,0,ok
37641252222323,1416472,11,6513,39059,0,ok
37642152213311,1440198,11,6633,39774,0,ok
37642513122221,791382,11,3641,21830,0,ok
37645122312221,652602,11,3006,18008,0,ok
37651242211133,1613811,11,7424,44522,0,ok
37651422312311,1191143,11,5487,32904,0,ok
37652141113232,956299,11,4399,26376,0,ok
37652143231322,736068,11,3392,20329,0,ok
37654212311222,1269245,11,5840,35025,0,ok
41236753232321,1053815,11,4850,29085,0,ok
41237561313131,1139743,11,5256,31521,0,ok
41263751312222,1279000,11,5897,35372,0,ok
41325671212211,1006639,11,4636,27797,0,ok
41325762313223,1941192,11,8902,53397,0,ok
41325763131233,856147,11,3942,23631,0,ok
41352671212112,1168079,11,5377,32241,0,ok
41352671212121,1178553,11,5430,32562,0,ok
41352671222111,881240,11,4058,24336,0,ok
41357622313112,1797950,11,8249,49476,0,ok
41367253111133,1135408,11,5232,31367,0,ok
41532672313211,1956827,11,9023,54129,0,ok
41532761233133,1036137,11,4770,28606,0,ok
41563273113311,995427,11,4583,27480,0,ok
41576322212222,909340,11,4192,25141,0,ok
41625372313211,2877084,11,13264,79578,0,ok
41625373121213,1420217,11,6546,39263,0,ok
41625731222231,666446,11,3067,18387,0,ok
41635721212121,1326507,11,6113,36663,0,ok
41657321222312,914883,11,4208,25231,0,ok
41673252212222,952932,11,4390,26321,0,ok
41673521111111,812371,11,3744,22452,0,ok
41723562313211,2105491,11,9692,58142,0,ok
41725361232113,1161157,11,5347,32061,0,ok
41725361321213,1041243,11,4799,28772,0,ok
41725362221213,961416,11,4430,26569,0,ok
41725362313211,1322791,11,6090,36521,0,ok
41725362313223,1775965,11,8170,49004,0,ok
41725363121222,937448,11,4316,25879,0,ok
41725363121231,1095845,11,5042,30236,0,ok
41725631111111,888163,11,4092,24542,0,ok
41725631211122,837427,11,3858,23131,0,ok
41725632322331,636260,11,2928,17549,0,ok
41725633111133,1160420,11,5341,32029,0,ok
41725633121123,1182686,11,5447,32660,0,ok
41725633211111,797769,11,3671,22015,0,ok
41726352313322,1353633,11,6227,37346,0,ok
41726532312233,950291,11,4378,26247,0,ok
41735261323313,1270267,11,5842,35039,0,ok
41735262312233,1394147,11,6417,38495,0,ok
41735263123223,681528,11,3137,18809,0,ok
41735621233232,722716,11,3329,19947,0,ok
41735622313322,1913242,11,8810,52849,0,ok
41736521233232,1027049,11,4727,28350,0,ok
41736522332231,894656,11,4114,24666,0,ok
41752631222123,1351547,11,6213,37257,0,ok
41752632311123,1133151,11,5217,31284,0,ok
41752632312323,968357,11,4458,26735,0,ok
41752632313211,3853530,11,17772,106613,0,ok
41756231321213,1302798,11,6005,36018,0,ok
41756233121231,877889,11,4042,24231,0,ok
41762532221333,883205,11,4068,24393,0,ok
41762533123331,804623,11,3707,22219,0,ok
41765231233232,831770,11,3829,22961,0,ok
41765322221312,935190,11,4303,25802,0,ok
41765322313211,1637507,11,7556,45316,0,ok
41765323122212,1135944,11,5221,31319,0,ok
42136752131312,982165,11,4525,27132,0,ok
42137561123333,1026432,11,4728,28349,0,ok
42137653122131,1034813,11,4762,28556,0,ok
42137653132121,871036,11,4009,24031,0,ok
42157633231322,977727,11,4506,27025,0,ok
42163751121212,1196295,11,5513,33060,0,ok
42165373223123,547818,11,2521,15102,0,ok
42167532131333,1218052,11,5610,33645,0,ok
42315673112111,1020598,11,4693,28140,0,ok
42351671212211,854321,11,3938,23609,0,ok
42351763231133,1263765,11,5829,34953,0,ok
42367153111121,796696,11,3667,21979,0,ok
42367153211123,915538,11,4215,25272,0,ok
42516372233111,1168188,11,5379,32264,0,ok
42561733323122,750564,11,3454,20701,0,ok
42573612323231,717319,11,3303,19793,0,ok
42573613322231,900277,11,4140,24821,0,ok
42613572313211,1138792,11,5251,31493,0,ok
42615371313332,1205801,11,5560,33343,0,ok
42615372213311,1338519,11,6165,36974,0,ok
42615372221213,1391511,11,6410,38443,0,ok
42615372313211,1072065,11,4940,29630,0,ok
42651372213311,870337,11,4003,24000,0,ok
42651733311122,924973,11,4260,25541,0,ok
42673512232133,1039708,11,4795,28746,0,ok
42751632321233,1274837,11,5870,35208,0,ok
42751632323231,916568,11,4220,25299,0,ok
43126572133313,970796,11,4473,26816,0,ok
43167251232212,901974,11,4154,24902,0,ok
43176252123131,1264514,11,5821,34902,0,ok
43176252311132,956879,11,4408,26427,0,ok
43216573132121,836620,11,3846,23060,0,ok
43216573132223,882941,11,4064,24368,0,ok
43216573212311,896868,11,4125,24735,0,ok
43216573212332,1315299,11,6058,36334,0,ok
43512671313332,1092042,11,5028,30148,0,ok
43527612312323,896890,11,4127,24739,0,ok
43561271111111,920399,11,4240,25424,0,ok
43571262122222,727594,11,3356,20115,0,ok
43572161111111,1146251,11,5280,31664,0,ok
43572612312323,1233998,11,5682,34079,0,ok
43576211123222,1149734,11,5290,31728,0,ok
43576212112232,943512,11,4348,26079,0,ok
43615271333312,967749,11,4451,26688,0,ok
43615272113321,960254,11,4425,26521,0,ok
43617521223221,1112980,11,5123,30723,0,ok
43621752213323,1018550,11,4696,28152,0,ok
43651722323132,812685,11,3742,22423,0,ok
43675122222122,1219084,11,5621,33712,0,ok
43675211221331,688764,11,3174,19018,0,ok
43721653231313,885571,11,4082,24473,0,ok
43751623123313,1163949,11,5368,32201,0,ok
43765212222122,1437294,11,6625,39745,0,ok
45167323322231,772702,11,3560,21341,0,ok
45176231131313,2137729,11,9865,59167,0,ok
45176231133113,2195688,11,10125,60727,0,ok
45176231331113,2088705,11,9626,57736,0,ok
45176233131113,2509388,11,11566,69376,0,ok
45176321131133,1411604,11,6512,39060,0,ok
45213672221123,1431827,11,6592,39528,0,ok
45273162222122,798280,11,3680,22056,0,ok
45276131131133,1151890,11,5309,31845,0,ok
45312671222312,775895,11,3571,21399,0,ok
45312672223331,1175592,11,5412,32457,0,ok
45312672233321,1022958,11,4709,28235,0,ok
45312672313211,2619934,11,12090,72525,0,ok
45312673132313,1309359,11,6034,36187,0,ok
45312673222112,784934,11,3610,21643,0,ok
45312673231313,1025269,11,4730,28360,0,ok
45312761113211,1159951,11,5339,32021,0,ok
45312761133311,724551,11,3339,20012,0,ok
45312762221111,1022746,11,4711,28248,0,ok
45312762311111,1265074,11,5817,34887,0,ok
45321671212211,1067941,11,4913,29471,0,ok
45321671221121,821694,11,3784,22678,0,ok
45321673113311,1637246,11,7546,45255,0,ok
45327612222323,906728,11,4176,25034,0,ok
45362712122222,1324590,11,6107,36626,0,ok
45367122223133,1424997,11,6563,39364,0,ok
45367211111132,1354620,11,6226,37346,0,ok
45367211211122,1212165,11,5577,33450,0,ok
45367213111133,986271,11,4545,27250,0,ok
45376121131133,1278827,11,5898,35370,0,ok
45376121331311,1196215,11,5510,33049,0,ok
45376211333123,804210,11,3703,22203,0,ok
45376213131323,1095148,11,5050,30286,0,ok
45376213333322,948278,11,4364,26166,0,ok
45612371133221,916139,11,4219,25291,0,ok
45612372331121,1219878,11,5604,33599,0,ok
45612373112231,1091956,11,5022,30114,0,ok
45612373132121,926646,11,4259,25541,0,ok
45612373132223,841154,11,3872,23211,0,ok
45612373322111,798571,11,3674,22020,0,ok
45612373332122,968663,11,4453,26703,0,ok
45612373332221,821324,11,3779,22656,0,ok
45613271331221,701857,11,3230,19354,0,ok
45613272233111,1041329,11,4794,28749,0,ok
45621373123331,855549,11,3934,23589,0,ok
45621373211111,1537216,11,7076,42442,0,ok
45621732212123,819149,11,3772,22620,0,ok
45621732233333,1961587,11,9008,54045,0,ok
45623712332123,1171234,11,5378,32257,0,ok
45623713322321,605090,11,2782,16666,0,ok
45637123132121,799995,11,3677,22048,0,ok
45637123332122,683754,11,3148,18866,0,ok
45671231132231,618641,11,2846,17060,0,ok
45671233112132,1026492,11,4724,28316,0,ok
45673212212132,734671,11,3380,20264,0,ok
45673213211222,1207198,11,5552,33303,0,ok
45713623223132,830907,11,3822,22919,0,ok
45721363321313,912599,11,4203,25192,0,ok
45721363322231,780075,11,3590,21522,0,ok
45732612233321,712639,11,3281,19669,0,ok
45736121122211,1064636,11,4907,29429,0,ok
46123571111111,854104,11,3936,23595,0,ok
46123573232123,1467588,11,6757,40532,0,ok
46125731333123,997529,11,4593,27539,0,ok
46127351131313,845497,11,3901,23378,0,ok
46127352131333,1483888,11,6844,41050,0,ok
46127353131323,1309482,11,6037,36205,0,ok
46135272133313,1424806,11,6570,39400,0,ok
46153273131131,1075533,11,4957,29731,0,ok
46157233333232,860551,11,3962,23757,0,ok
46157321331233,858326,11,3950,23685,0,ok
46215372121223,945132,11,4348,26069,0,ok
46215372313211,1561827,11,7201,43186,0,ok
46257132211133,1215404,11,5599,33583,0,ok
46257313312211,2131933,11,9827,58946,0,ok
46273512122312,1069023,11,4918,29498,0,ok
46273513221212,881562,11,4059,24338,0,ok
46275311123222,1158666,11,5332,31979,0,ok
46275312112232,987358,11,4549,27278,0,ok
46275312132212,903594,11,4163,24958,0,ok
46275312232133,1341202,11,6177,37041,0,ok
46275312313211,1120191,11,5164,30968,0,ok
46275313121222,1117405,11,5143,30847,0,ok
46275313312211,1438196,11,6625,39728,0,ok
46321752111131,1391862,11,6400,38383,0,ok
46352171211233,948915,11,4363,26160,0,ok
46352172113231,866546,11,3985,23892,0,ok
46372511221331,868014,11,3996,23956,0,ok
46375211211332,1199849,11,5507,33022,0,ok
46375212113111,1475655,11,6781,40677,0,ok
46375212132131,603714,11,2778,16648,0,ok
46375212132221,762898,11,3509,21038,0,ok
46375212332222,1186478,11,5455,32712,0,ok
46375213112111,1648839,11,7575,45432,0,ok
46375213123121,774211,11,3566,21378,0,ok
46375213333121,765299,11,3523,21117,0,ok
46512371331221,748084,11,3442,20638,0,ok
46512372113321,1081833,11,4991,29922,0,ok
46513272332111,783082,11,3604,21600,0,ok
46513273113221,734143,11,3380,20263,0,ok
46523711331332,1144457,11,5266,31579,0,ok
46527133111121,837693,11,3853,23097,0,ok
46572311223122,1401914,11,6445,38654,0,ok
46572312132122,1264413,11,5812,34855,0,ok
46721533123313,975433,11,4494,26941,0,ok
47123562232133,1403697,11,6468,38787,0,ok
47123651233232,1002625,11,4615,27664,0,ok
47126351233232,1100337,11,5068,30392,0,ok
47126532133133,2032284,11,9329,55964,0,ok
47132562311111,995064,11,4584,27480,0,ok
47132563222331,1035945,11,4775,28635,0,ok
47132652233321,1169318,11,5389,32318,0,ok
47135622132332,846097,11,3893,23347,0,ok
47136252133112,1665652,11,7667,45987,0,ok
47152361233232,973754,11,4474,26834,0,ok
47152631322131,844262,11,3887,23293,0,ok
47156231332313,1613541,11,7424,44539,0,ok
47156233211132,993225,11,4575,27430,0,ok
47156233223312,924679,11,4253,25506,0,ok
47156233233113,1462063,11,6726,40345,0,ok
47156233322312,922627,11,4244,25452,0,ok
47156321111111,797561,11,3678,22051,0,ok
47156321133311,1236671,11,5696,34153,0,ok
47156322132311,996411,11,4585,27495,0,ok
47156322313232,611733,11,2814,16857,0,ok
47156322332132,643679,11,2963,17751,0,ok
47156322332312,1626145,11,7466,44780,0,ok
47156323223123,758577,11,3494,20934,0,ok
47162351322122,894850,11,4120,24704,0,ok
47163522131222,920466,11,4238,25406,0,ok
47165321232113,874354,11,4034,24180,0,ok
47165321322131,1481570,11,6830,40959,0,ok
47165322132212,2227049,11,10232,61381,0,ok
47165322133112,2442748,11,11222,67319,0,ok
47165322232133,1164480,11,5369,32190,0,ok
47165322313211,904119,11,4168,24992,0,ok
47216352131333,1328226,11,6124,36736,0,ok
47251363131113,915152,11,4215,25271,0,ok
47251632131312,1157502,11,5337,32006,0,ok
47256133212311,794875,11,3660,21941,0,ok
47256133321232,758414,11,3494,20940,0,ok
47265312122222,1718648,11,7908,47435,0,ok
47265312131312,786944,11,3622,21722,0,ok
47265312313211,2441473,11,11271,67611,0,ok
47321651311133,1054254,11,4855,29111,0,ok
47352612123131,783434,11,3608,21629,0,ok
47352612311132,748978,11,3450,20684,0,ok
47352612313211,1757764,11,8102,48600,0,ok
47512632312323,827121,11,3808,22834,0,ok
47621532232331,620411,11,2854,17104,0,ok
47621533231121,1058379,11,4872,29205,0,ok
47632152233321,768291,11,3536,21196,0,ok
47632153212311,832197,11,3837,22999,0,ok
47632153232321,1123458,11,5172,31012,0,ok
47632513212332,1434079,11,6594,39546,0,ok
47652132231323,1069281,11,4921,29513,0,ok
47653213211231,1127638,11,5198,31169,0,ok
47653213232111,920189,11,4234,25382,0,ok
51264731113322,644420,11,2967,17777,0,ok
51264732213311,849261,11,3910,23441,0,ok
51267342312233,1262315,11,5820,34909,0,ok
51324671211122,809082,11,3725,22331,0,ok
51324672212111,1011175,11,4658,27935,0,ok
51324673113311,1092950,11,5039,30213,0,ok
51324761111123,979737,11,4511,27045,0,ok
51324763113332,769278,11,3544,21242,0,ok
51342672212111,1165603,11,5367,32183,0,ok
51342763312223,4296273,11,19797,118767,0,ok
51367241211113,858199,11,3946,23662,0,ok
51423671221331,933414,11,4293,25740,0,ok
51426731111111,1218838,11,5613,33656,0,ok
51426733312211,838990,11,3863,23161,0,ok
51472361131313,975666,11,4497,26964,0,ok
51472633331312,1114239,11,5138,30816,0,ok
51623471321111,754532,11,3471,20799,0,ok
51623743313321,1038846,11,4779,28658,0,ok
51624731312123,1074055,11,4948,29664,0,ok
51624733323113,1770444,11,8133,48796,0,ok
51632741323232,842180,11,3878,23248,0,ok
51642371122313,1153192,11,5315,31875,0,ok
51642731113322,1289443,11,5942,35641,0,ok
51647231113232,787866,11,3627,21751,0,ok
51723643131311,991885,11,4573,27415,0,ok
51724362122222,715481,11,3299,19774,0,ok
51724363121213,1025537,11,4723,28324,0,ok
51726433123313,963193,11,4437,26608,0,ok
51732643121213,1042465,11,4803,28799,0,ok
51742632323231,790435,11,3639,21817,0,ok
51742632323333,939860,11,4328,25950,0,ok
52134761232113,1046188,11,4815,28877,0,ok
52147631121311,981374,11,4519,27102,0,ok
52147631131211,1013706,11,4666,27984,0,ok
52147631211131,866189,11,3988,23908,0,ok
52147631311121,1038664,11,4780,28671,0,ok
52147632111113,978812,11,4508,27022,0,ok
52147633111112,1052590,11,4849,29086,0,ok
52163471112122,727841,11,3352,20085,0,ok
52163471213111,851430,11,3918,23493,0,ok
52163471312111,1314717,11,6046,36262,0,ok
52163471333123,812851,11,3737,22405,0,ok
52163472111311,829138,11,3817,22885,0,ok
52163472131222,839352,11,3870,23189,0,ok
52163473111211,1099718,11,5061,30349,0,ok
52163473111331,785523,11,3617,21684,0,ok
52163473221323,832563,11,3836,22993,0,ok
52163473323332,1137159,11,5242,31430,0,ok
52167342121232,760495,11,3504,21006,0,ok
52167432121313,1250656,11,5755,34510,0,ok
52167432122222,1103521,11,5084,30490,0,ok
52167432131213,961718,11,4430,26556,0,ok
52167433133333,1592905,11,7335,43998,0,ok
52167433331333,1545553,11,7107,42631,0,ok
52174633223123,888900,11,4091,24530,0,ok
52314673311311,1506588,11,6944,41658,0,ok
52314761322122,767115,11,3529,21156,0,ok
52341671111111,2674871,11,12343,74048,0,ok
52341671122211,778769,11,3587,21503,0,ok
52341671311313,728981,11,3359,20128,0,ok
52341672211112,1133228,11,5216,31289,0,ok
52341672232313,931985,11,4291,25728,0,ok
52341672323222,1051974,11,4846,29052,0,ok
52341672323312,845799,11,3902,23393,0,ok
52341673133111,932274,11,4294,25741,0,ok
52341673232213,633268,11,2918,17484,0,ok
52341673232333,841644,11,3875,23233,0,ok
52341673323212,1339554,11,6177,37037,0,ok
52361472121313,1327823,11,6117,36691,0,ok
52361472131312,948389,11,4366,26187,0,ok
52367142211121,1220394,11,5618,33687,0,ok
52367412322232,1058442,11,4873,29218,0,ok
52374161112323,924767,11,4260,25544,0,ok
52376413222223,714362,11,3291,19721,0,ok
52463173212332,1369728,11,6300,37785,0,ok
52463713212332,1427996,11,6573,39414,0,ok
52471631223113,1084778,11,4987,29903,0,ok
52471631323112,816419,11,3759,22532,0,ok
52614372313211,1528530,11,7043,42250,0,ok
52641733212311,808435,11,3721,22310,0,ok
52641733232321,836315,11,3851,23080,0,ok
52673413232123,720469,11,3316,19878,0,ok
52713461232323,690907,11,3183,19071,0,ok
52714361232113,1404273,11,6462,38758,0,ok
52714633213223,992574,11,4566,27377,0,ok
52714633223123,826964,11,3806,22816,0,ok
52731641233112,751585,11,3458,20733,0,ok
52731641323112,638495,11,2940,17619,0,ok
52736141322233,1050426,11,4834,28987,0,ok
52741362313211,1134232,11,5220,31309,0,ok
52741362313223,1021778,11,4707,28232,0,ok
52741632122333,1748094,11,8050,48285,0,ok
52741632123323,1438207,11,6635,39792,0,ok
52741632212213,1012354,11,4665,27976,0,ok
52741632212231,873785,11,4025,24130,0,ok
52741632232211,811032,11,3736,22396,0,ok
52741633221233,1030119,11,4741,28423,0,ok
52741633313312,800382,11,3685,22089,0,ok
52741633313321,878385,11,4051,24278,0,ok
52741633321223,1594995,11,7340,44026,0,ok
52741633323311,872454,11,4022,24114,0,ok
52743611111213,1015423,11,4676,28039,0,ok
52743611111312,992668,11,4576,27442,0,ok
52743611112131,1033145,11,4756,28528,0,ok
52743611113121,1032707,11,4759,28537,0,ok
52743612131111,1348992,11,6204,37204,0,ok
52743613121111,1470674,11,6764,40569,0,ok
52761431111213,736505,11,3392,20340,0,ok
52761431111312,1017854,11,4687,28111,0,ok
52761431112131,947340,11,4360,26142,0,ok
52761431113121,1006491,11,4636,27795,0,ok
52761432131111,1390988,11,6395,38360,0,ok
52761433121111,1357713,11,6240,37427,0,ok
52763143222331,1233653,11,5682,34086,0,ok
52763411222312,1808880,11,8328,49948,0,ok
52763411333123,1048519,11,4830,28959,0,ok
52763413222112,1463696,11,6745,40456,0,ok
52763413223312,1821798,11,8385,50293,0,ok
52763413322312,1497250,11,6900,41377,0,ok
53126471231231,1121240,11,5162,30953,0,ok
53126471231321,777923,11,3584,21483,0,ok
53126471321321,1013052,11,4661,27942,0,ok
53146272123233,1331396,11,6132,36770,0,ok
53147262123131,990989,11,4558,27333,0,ok
53162743312223,2503116,11,11556,69315,0,ok
53274163211222,1300137,11,5988,35905,0,ok
53421671321111,1568094,11,7219,43300,0,ok
53421671321231,744950,11,3431,20563,0,ok
53426171112233,1168546,11,5373,32221,0,ok
53462711113322,1214774,11,5597,33568,0,ok
53467211321111,808790,11,3723,22317,0,ok
53476121323112,903798,11,4162,24960,0,ok
53476121323322,1052707,11,4847,29070,0,ok
53614721212121,1001667,11,4617,27681,0,ok
53621471331221,653049,11,3006,18014,0,ok
53642171111111,1099857,11,5068,30386,0,ok
53672142221213,1995927,11,9205,55216,0,ok
53714622233111,1148361,11,5290,31726,0,ok
53721463223312,1167692,11,5370,32195,0,ok
53724612121112,1398008,11,6436,38601,0,ok
53726143333121,649689,11,2993,17929,0,ok
53741621323112,921557,11,4240,25418,0,ok
53741621332112,877605,11,4036,24209,0,ok
53742612323333,701386,11,3231,19365,0,ok
53761242121211,1169719,11,5389,32312,0,ok
53761242221213,1205856,11,5560,33342,0,ok
53761242321212,830967,11,3834,22970,0,ok
53762143222331,718220,11,3307,19829,0,ok
53762413322123,854571,11,3937,23611,0,ok
54123673233323,835873,11,3851,23079,0,ok
54126371331221,763073,11,3513,21059,0,ok
54127632131213,1435870,11,6616,39680,0,ok
54127632222212,915945,11,4222,25316,0,ok
54127633131212,1400078,11,6452,38695,0,ok
54127633133333,1984297,11,9133,54789,0,ok
54127633333313,1420722,11,6539,39225,0,ok
54163271133221,1080284,11,4967,29784,0,ok
54163272233111,1229061,11,5664,33961,0,ok
54167231121113,672085,11,3096,18558,0,ok
54167231131112,948217,11,4369,26200,0,ok
54167231221211,646631,11,2978,17853,0,ok
54167231333213,1293956,11,5950,35677,0,ok
54167232112112,644614,11,2970,17793,0,ok
54167232133313,2354117,11,10821,64911,0,ok
54167232333113,1291277,11,5938,35605,0,ok
54167233232333,807057,11,3719,22293,0,ok
54167233331213,1307490,11,6020,36099,0,ok
54172633132313,1793659,11,8246,49457,0,ok
54217362233213,1518622,11,6993,41940,0,ok
54217632132212,1535824,11,7086,42498,0,ok
54231671123111,797701,11,3672,22012,0,ok
54231673123121,687500,11,3163,18956,0,ok
54261373123121,845523,11,3887,23300,0,ok
54261732231233,982226,11,4514,27077,0,ok
54276132233312,847357,11,3901,23384,0,ok
54312671131331,633465,11,2920,17497,0,ok
54312672212111,798359,11,3673,22025,0,ok
54312673311311,1292017,11,5960,35745,0,ok
54317261113112,878024,11,4040,24225,0,ok
54317621111222,1135237,11,5220,31304,0,ok
54321672212213,1468411,11,6764,40560,0,ok
54321672212231,1356405,11,6245,37452,0,ok
54321672232211,998601,11,4603,27603,0,ok
54321673313312,1766166,11,8137,48805,0,ok
54321673313321,1789287,11,8252,49498,0,ok
54321673323311,1467862,11,6763,40567,0,ok
54321761211221,1038763,11,4781,28668,0,ok
54321763113113,1195357,11,5506,33016,0,ok
54326171111231,1336809,11,6155,36913,0,ok
54326171112233,697610,11,3211,19253,0,ok
54326171321231,804345,11,3700,22184,0,ok
54326711112212,911694,11,4199,25175,0,ok
54327612223232,921864,11,4248,25459,0,ok
54361272223232,871774,11,4018,24089,0,ok
54362171113133,935622,11,4309,25835,0,ok
54362711111231,996011,11,4580,27463,0,ok
54362711323112,900004,11,4144,24849,0,ok
54367121112212,1110631,11,5118,30693,0,ok
54367121113211,994714,11,4578,27447,0,ok
54367121113331,1001021,11,4614,27671,0,ok
54367122211121,880355,11,4053,24300,0,ok
54367122311111,1053348,11,4845,29056,0,ok
54367123311113,935828,11,4313,25853,0,ok
54367211132222,1408371,11,6484,38887,0,ok
54367211213333,1435649,11,6618,39696,0,ok
54367211222132,806389,11,3715,22271,0,ok
54367211333213,968204,11,4464,26764,0,ok
54367212211322,1657267,11,7635,45789,0,ok
54367212231122,1240721,11,5718,34296,0,ok
54367212233213,1153435,11,5309,31837,0,ok
54367212332213,933929,11,4308,25834,0,ok
54367212333113,953170,11,4393,26338,0,ok
54367213112222,1444473,11,6656,39919,0,ok
54367213312133,1320539,11,6089,36505,0,ok
54371261113331,774776,11,3572,21408,0,ok
54371621113112,2326335,11,10686,64099,0,ok
54371621113322,720970,11,3316,19884,0,ok
54376121322233,993053,11,4571,27415,0,ok
54376211111132,1131690,11,5211,31251,0,ok
54376211111222,970769,11,4468,26796,0,ok
54376211113133,1312408,11,6032,36185,0,ok
54612371112311,1509635,11,6952,41698,0,ok
54612372222131,620803,11,2861,17139,0,ok
54612732112223,1367557,11,6290,37730,0,ok
54612733322213,1380172,11,6345,38057,0,ok
54621371133311,885799,11,4080,24469,0,ok
54621372211121,823104,11,3794,22738,0,ok
54637211132111,931878,11,4287,25705,0,ok
54671232221213,1537664,11,7084,42483,0,ok
54712361323313,1198058,11,5508,33039,0,ok
54712362223322,956646,11,4411,26443,0,ok
54716232222113,847197,11,3902,23390,0,ok
54716321112323,1449766,11,6677,40046,0,ok
54716322313223,950802,11,4375,26234,0,ok
54721631111111,3954531,11,18241,109428,0,ok
54721631122121,840161,11,3870,23201,0,ok
54721631311133,1010826,11,4657,27925,0,ok
54721632133232,763755,11,3517,21084,0,ok
54721632212222,1426287,11,6564,39366,0,ok
54721632212231,647203,11,2980,17860,0,ok
54721633231322,680231,11,3135,18788,0,ok
54721633313321,707184,11,3256,19515,0,ok
54721633333331,633452,11,2920,17492,0,ok
54723612131312,1754442,11,8075,48442,0,ok
54723612221222,924408,11,4258,25531,0,ok
54723612222212,1179364,11,5432,32577,0,ok
54723613121312,1671542,11,7700,46187,0,ok
54723613333313,1058561,11,4877,29252,0,ok
54761233322321,870798,11,4005,24019,0,ok
54763212322232,1026811,11,4723,28331,0,ok
56123471222312,899217,11,4143,24845,0,ok
56123471223221,1027312,11,4728,28348,0,ok
56123471331332,1656003,11,7623,45732,0,ok
56123471333123,1057455,11,4870,29197,0,ok
56123472322121,1070298,11,4929,29553,0,ok
56123472331331,1372031,11,6316,37872,0,ok
56123473133132,1186799,11,5466,32785,0,ok
56123473133231,1333571,11,6129,36760,0,ok
56123473222112,952518,11,4388,26309,0,ok
56123473223312,792881,11,3651,21882,0,ok
56123473322312,875195,11,4031,24171,0,ok
56124371111231,890447,11,4099,24568,0,ok
56124371232323,1003607,11,4625,27729,0,ok
56127433332323,1195648,11,5505,33016,0,ok
56132472333332,804908,11,3708,22227,0,ok
56132473211111,1013790,11,4664,27977,0,ok
56132473213211,784002,11,3608,21637,0,ok
56143273332323,1398452,11,6442,38641,0,ok
56147231222132,1490017,11,6869,41197,0,ok
56147231333213,1415935,11,6520,39096,0,ok
56147232233213,1471368,11,6787,40695,0,ok
56147232332213,1734169,11,7988,47907,0,ok
56147232333113,1512917,11,6972,41805,0,ok
56147322333233,978211,11,4509,27038,0,ok
56173421113112,1078242,11,4955,29718,0,ok
56174232323333,948941,11,4374,26227,0,ok
56174321232113,1197900,11,5521,33121,0,ok
56213471111111,985398,11,4541,27235,0,ok
56213743313333,1473764,11,6797,40760,0,ok
56243173133111,924093,11,4255,25511,0,ok
56243713121333,991996,11,4574,27428,0,ok
56247132333233,733565,11,3376,20246,0,ok
56271433111313,1506824,11,6948,41670,0,ok
56271433123313,1071682,11,4938,29607,0,ok
56271433132313,1688953,11,7770,46611,0,ok
56274132331133,663813,11,3058,18327,0,ok
56274312313211,1315596,11,6069,36397,0,ok
56321473233323,754543,11,3475,20830,0,ok
56321742211112,1523412,11,7016,42086,0,ok
56324171221331,920141,11,4232,25373,0,ok
56327411211332,976913,11,4496,26958,0,ok
56327413213112,921504,11,4236,25393,0,ok
56341273121213,1449338,11,6681,40068,0,ok
56341273131212,1206755,11,5560,33339,0,ok
56347122333233,881919,11,4063,24362,0,ok
56347211213111,1009089,11,4650,27875,0,ok
56347211222132,712073,11,3281,19656,0,ok
56347211312111,1291317,11,5941,35625,0,ok
56347211331131,655736,11,3022,18104,0,ok
56347212111221,1124276,11,5183,31082,0,ok
56347212111311,1967407,11,9049,54279,0,ok
56347212123233,753339,11,3471,20801,0,ok
56347212232223,741625,11,3417,20487,0,ok
56347213111211,1847655,11,8497,50964,0,ok
56347213131332,682502,11,3143,18837,0,ok
56423171231231,682868,11,3140,18824,0,ok
56423171231321,1108765,11,5102,30600,0,ok
56423171321321,725920,11,3340,20027,0,ok
56423172112121,897194,11,4129,24759,0,ok
56423173132121,1010901,11,4650,27884,0,ok
56423173133111,667865,11,3078,18436,0,ok
56432713122122,907770,11,4179,25052,0,ok
56712341232113,634027,11,2920,17495,0,ok
56712343211123,1078786,11,4967,29773,0,ok
56721343123331,879070,11,4046,24259,0,ok
56721432312233,1109055,11,5109,30629,0,ok
56723411113313,912474,11,4200,25178,0,ok
56723411121113,746379,11,3437,20607,0,ok
56723411131112,1143237,11,5262,31557,0,ok
56723411222312,635779,11,2927,17538,0,ok
56723412122312,591987,11,2729,16349,0,ok
56723412323222,912716,11,4205,25204,0,ok
56723413221212,1109347,11,5113,30653,0,ok
56723413222112,940336,11,4325,25935,0,ok
56723413331111,808977,11,3728,22334,0,ok
56732143122113,855090,11,3935,23584,0,ok
56741231121311,760475,11,3503,20995,0,ok
56741231131211,1228329,11,5662,33958,0,ok
56741231211131,1228967,11,5661,33952,0,ok
56741231311121,992911,11,4570,27400,0,ok
56741232111113,1039389,11,4790,28718,0,ok
56741233111112,854670,11,3936,23599,0,ok
56743212122222,1344854,11,6186,37104,0,ok
56743212221222,1773522,11,8164,48976,0,ok
56743213121213,1297826,11,5981,35868,0,ok
56743213121312,1028893,11,4739,28416,0,ok
56743213331333,1681875,11,7739,46423,0,ok
57123461111111,1759083,11,8116,48673,0,ok
57164322131312,937067,11,4317,25879,0,ok
57214361323232,861161,11,3963,23764,0,ok
57214632212213,1318598,11,6085,36482,0,ok
57236141113232,909024,11,4182,25079,0,ok
57236141322233,894520,11,4115,24668,0,ok
57236141323232,1492052,11,6869,41197,0,ok
57241631322113,680135,11,3127,18744,0,ok
57241631323112,667371,11,3074,18417,0,ok
57246131112233,1328056,11,6111,36655,0,ok
57264132111323,1070421,11,4932,29560,0,ok
57321641311112,1230157,11,5654,33904,0,ok
57321642311132,1246084,11,5738,34409,0,ok
57364212213311,1743421,11,8016,48089,0,ok
57364212313211,1580447,11,7288,43708,0,ok
57364213332122,1016778,11,4676,28040,0,ok
57642311113322,989903,11,4561,27351,0,ok
61234572231323,1014587,11,4669,28005,0,ok
61234573232213,660052,11,3042,18230,0,ok
61235741313131,1486397,11,6852,41092,0,ok
61257343232123,1181285,11,5429,32559,0,ok
61274351313131,1146219,11,5282,31673,0,ok
61274532231323,1056895,11,4862,29154,0,ok
61352472233321,689842,11,3178,19042,0,ok
61352472313211,3623197,11,16699,100179,0,ok
61452731311313,825867,11,3803,22799,0,ok
61453721111111,777778,11,3585,21496,0,ok
61453721311112,945077,11,4348,26073,0,ok
61453723111121,720198,11,3315,19879,0,ok
61472532123332,698579,11,3217,19284,0,ok
61472533112111,714847,11,3292,19726,0,ok
61527431111111,1013640,11,4672,28011,0,ok
61534272311132,1220765,11,5618,33683,0,ok
61534721112311,803944,11,3700,22190,0,ok
61534721113211,697435,11,3214,19258,0,ok
61543271111111,1127484,11,5196,31153,0,ok
61543271112311,939228,11,4327,25948,0,ok
61572432312323,1083853,11,4984,29887,0,ok
61734523222331,1396780,11,6429,38555,0,ok
62134572321323,841172,11,3877,23248,0,ok
62135471122121,1034260,11,4761,28554,0,ok
62135472132131,907946,11,4177,25053,0,ok
62135473122131,705153,11,3245,19447,0,ok
62135473123121,1198711,11,5516,33082,0,ok
62135473131131,1084729,11,4990,29927,0,ok
62135473132121,840058,11,3870,23200,0,ok
62135473232231,780678,11,3595,21549,0,ok
62135473322321,867655,11,3991,23936,0,ok
62135743222331,669502,11,3081,18468,0,ok
62135743312223,1618842,11,7471,44806,0,ok
62147353123121,857674,11,3944,23647,0,ok
62147353132121,740077,11,3404,20403,0,ok
62154733321121,638904,11,2941,17624,0,ok
62157342132212,997461,11,4597,27563,0,ok
62173543232132,904372,11,4166,24972,0,ok
62174351122133,1027945,11,4740,28422,0,ok
62174533311212,791961,11,3649,21870,0,ok
62317453112111,1127993,11,5181,31072,0,ok
62317453312211,1144741,11,5275,31633,0,ok
62351743112123,1785377,11,8220,49308,0,ok
62371453311311,768003,11,3537,21206,0,ok
62374511322311,624275,11,2873,17216,0,ok
62374513112321,1176169,11,5406,32424,0,ok
62374513312112,901994,11,4149,24879,0,ok
62435172211133,1357189,11,6252,37494,0,ok
62435172311132,1490006,11,6859,41139,0,ok
62435711222222,722352,11,3329,19943,0,ok
62453713311122,1715279,11,7893,47339,0,ok
62471532232133,1104054,11,5083,30474,0,ok
62475131322323,684262,11,3148,18872,0,ok
62531472321233,989222,11,4551,27296,0,ok
62543711211113,810752,11,3731,22375,0,ok
62543711311112,921239,11,4240,25416,0,ok
62571432321233,1244799,11,5729,34367,0,ok
62735143223213,738177,11,3400,20378,0,ok
63125741112323,1611654,11,7431,44563,0,ok
63125743131233,743985,11,3430,20546,0,ok
63125743133312,922225,11,4244,25449,0,ok
63142571111111,1005266,11,4632,27767,0,ok
63142571132321,1640716,11,7562,45356,0,ok
63142573112123,1822708,11,8397,50360,0,ok
63172452312323,776267,11,3577,21436,0,ok
63172452313211,2402611,11,11093,66540,0,ok
63174522332132,758402,11,3488,20906,0,ok
63247511123132,1006321,11,4630,27772,0,ok
63251743133231,1121443,11,5161,30954,0,ok
63452711311313,902788,11,4159,24928,0,ok
63452712333221,769858,11,3545,21253,0,ok
63471522123131,839733,11,3869,23192,0,ok
63471522323132,1170942,11,5388,32314,0,ok
63471522332132,804043,11,3699,22178,0,ok
63472512123332,811219,11,3739,22409,0,ok
63512743313333,1850313,11,8522,51120,0,ok
63541271212211,1181239,11,5450,32681,0,ok
63542713121333,1317370,11,6075,36436,0,ok
63574212123131,869762,11,4005,24013,0,ok
63574212313211,1165295,11,5376,32231,0,ok
63712542221111,833908,11,3843,23039,0,ok
63714252123131,1149267,11,5291,31727,0,ok
63714521112323,1003955,11,4626,27731,0,ok
63714522332132,646412,11,2976,17830,0,ok
63721541233322,907512,11,4172,25025,0,ok
63724153121213,1089630,11,5021,30115,0,ok
63725141112323,1509709,11,6958,41729,0,ok
63725141233121,979200,11,4505,27016,0,ok
63725142123131,1603579,11,7381,44277,0,ok
63725142223133,1418572,11,6538,39210,0,ok
63725143122113,1369454,11,6298,37780,0,ok
63725143123313,1521196,11,7012,42066,0,ok
63741252222323,794010,11,3657,21924,0,ok
63741522123131,914648,11,4215,25263,0,ok
63742511232221,909640,11,4187,25107,0,ok
63745123122212,762275,11,3510,21045,0,ok
63751242221321,851115,11,3920,23509,0,ok
63751423122311,1299068,11,5977,35844,0,ok
63752141111111,1064122,11,4909,29439,0,ok
63752141122211,1068327,11,4922,29505,0,ok
63752141123213,1136903,11,5230,31362,0,ok
63752142332132,642093,11,2954,17706,0,ok
63752143123223,819214,11,3772,22608,0,ok
63752143212323,1056203,11,4857,29116,0,ok
63752143223123,766111,11,3529,21156,0,ok
63752411223212,1576877,11,7238,43416,0,ok
63752411333213,1166386,11,5379,32243,0,ok
63752412312323,1240998,11,5717,34286,0,ok
63752412322112,714399,11,3290,19722,0,ok
63752412333113,1023113,11,4719,28292,0,ok
63754213122122,1087888,11,5005,30016,0,ok
64125371131313,1763152,11,8118,48692,0,ok
64157321133212,3161015,11,14531,87171,0,ok
64231572311132,1040571,11,4796,28752,0,ok
64257131113223,1699977,11,7808,46836,0,ok
64271533221212,866033,11,3988,23909,0,ok
64275131212223,1117620,11,5145,30854,0,ok
64275131312123,1186399,11,5460,32749,0,ok
64275132211133,1404649,11,6470,38808,0,ok
64275132232133,1499717,11,6908,41427,0,ok
64275133231112,876935,11,4039,24217,0,ok
64275133312211,972181,11,4478,26849,0,ok
64275311112332,771810,11,3556,21313,0,ok
64275311222222,942126,11,4338,26013,0,ok
64275313312211,1009797,11,4647,27867,0,ok
64321572111131,2620015,11,12038,72214,0,ok
64321572132131,902298,11,4156,24908,0,ok
64321572311132,1057668,11,4876,29225,0,ok
64325713121222,1918550,11,8850,53085,0,ok
64351272132131,779405,11,3588,21512,0,ok
64357212313211,1050610,11,4844,29050,0,ok
64357213231322,1302223,11,5998,35972,0,ok
64357213312211,1243281,11,5726,34343,0,ok
64531271212211,1449835,11,6682,40072,0,ok
64531272132131,1102430,11,5067,30385,0,ok
64531273122131,949185,11,4359,26136,0,ok
64531273123121,780849,11,3596,21561,0,ok
64531273311311,912841,11,4202,25195,0,ok
64531273312211,721912,11,3324,19918,0,ok
64572131122223,897270,11,4128,24761,0,ok
64713253112111,998728,11,4590,27519,0,ok
65123471112311,771313,11,3548,21266,0,ok
65123471233232,1165449,11,5346,32061,0,ok
65123472312311,814422,11,3749,22468,0,ok
65132471212112,976758,11,4496,26964,0,ok
65132471222111,584626,11,2689,16119,0,ok
65132471231321,1331428,11,6133,36781,0,ok
65132471323121,919311,11,4228,25354,0,ok
65132472131231,1134457,11,5216,31281,0,ok
65132472212231,1159869,11,5347,32062,0,ok
65132472233321,1271929,11,5859,35135,0,ok
65132473111331,891476,11,4107,24614,0,ok
65132473313312,750557,11,3458,20722,0,ok
65132473323311,615642,11,2837,17002,0,ok
65132741223323,604720,11,2782,16679,0,ok
65132743222331,994056,11,4577,27452,0,ok
65134721233232,1172234,11,5384,32281,0,ok
65147321232113,1547431,11,7135,42794,0,ok
65172431132333,1179782,11,5434,32580,0,ok
65174232123131,805441,11,3706,22223,0,ok
65174232133313,1222597,11,5632,33768,0,ok
65174232323312,1047297,11,4824,28924,0,ok
65174233323212,1211346,11,5573,33424,0,ok
65174233331213,2117609,11,9738,58407,0,ok
65174322313211,754527,11,3479,20845,0,ok
65174323223123,1015936,11,4677,28050,0,ok
65213741111111,1138764,11,5245,31458,0,ok
65241371111111,1068979,11,4925,29529,0,ok
65243712121322,1097485,11,5058,30327,0,ok
65271341332331,865701,11,3980,23862,0,ok
65271432231233,906946,11,4176,25033,0,ok
65274131111111,1144583,11,5279,31660,0,ok
65274131311313,789050,11,3636,21790,0,ok
65274131312213,795237,11,3665,21959,0,ok
65274132123332,792365,11,3650,21880,0,ok
65274133132223,725235,11,3341,20020,0,ok
65274133232321,618988,11,2848,17064,0,ok
65274133312223,1500448,11,6906,41408,0,ok
65314272311132,920172,11,4234,25381,0,ok
65314272313211,1589856,11,7322,43919,0,ok
65321472111122,1235870,11,5689,34127,0,ok
65417321232113,863838,11,3979,23851,0,ok
65417323223123,902226,11,4150,24882,0,ok
65417323232123,961199,11,4423,26521,0,ok
65423713321322,1260488,11,5796,34761,0,ok
65432173232321,1164717,11,5356,32121,0,ok
65471231132213,1183468,11,5454,32695,0,ok
65714323223123,933598,11,4299,25776,0,ok
65723143321313,1347488,11,6194,37146,0,ok
65732411333123,1536896,11,7084,42487,0,ok
65742311212313,883553,11,4071,24407,0,ok
67132541133311,1282204,11,5913,35464,0,ok
67145323133312,1232082,11,5672,34009,0,ok
67154233323332,940945,11,4334,25989,0,ok
67215343333133,1698571,11,7821,46914,0,ok
67231541323112,1347525,11,6203,37205,0,ok
67231543323122,1245235,11,5728,34358,0,ok
67234513332122,753183,11,3462,20754,0,ok
67245131313323,1172486,11,5393,32351,0,ok
67245311112311,1643917,11,7576,45436,0,ok
67245311133233,757569,11,3489,20916,0,ok
67254311131133,1159622,11,5347,32070,0,ok
67254313311113,911586,11,4198,25171,0,ok
67312452233321,1042427,11,4799,28777,0,ok
67312541121221,661266,11,3047,18253,0,ok
67312542221111,963700,11,4440,26621,0,ok
67321451111123,1199703,11,5520,33102,0,ok
67321451112311,1005184,11,4629,27753,0,ok
67321451212211,1454990,11,6704,40197,0,ok
67321451311133,1120477,11,5159,30938,0,ok
67321452111122,1189319,11,5472,32820,0,ok
67321453113311,1286372,11,5913,35468,0,ok
67321542232133,854663,11,3940,23616,0,ok
67341252222323,781278,11,3602,21582,0,ok
67342512222113,690539,11,3181,19061,0,ok
67345122223133,1089452,11,5024,30129,0,ok
67345122232133,1449125,11,6680,40062,0,ok
67345211111123,751410,11,3459,20738,0,ok
67345211111132,980877,11,4517,27090,0,ok
67345211112233,971289,11,4474,26826,0,ok
67345211113322,1126079,11,5180,31071,0,ok
67345211211122,1172228,11,5395,32346,0,ok
67345211311133,1480128,11,6804,40806,0,ok
67345212111122,1067262,11,4912,29455,0,ok
67345213111133,1556469,11,7158,42930,0,ok
67354121111111,1027380,11,4738,28395,0,ok
67354211212121,726613,11,3350,20079,0,ok
67354211313113,1272401,11,5870,35195,0,ok
67354211333111,1251299,11,5772,34613,0,ok
67354212111221,784203,11,3611,21649,0,ok
67354212212222,950649,11,4378,26253,0,ok
67354212311132,1503004,11,6907,41420,0,ok
67354213111313,841140,11,3877,23243,0,ok
67354213131311,995540,11,4589,27521,0,ok
67354213211132,1588116,11,7300,43788,0,ok
67354213313333,975129,11,4494,26946,0,ok
67412353132121,1032170,11,4752,28496,0,ok
67412353332221,750830,11,3457,20720,0,ok
67412531131133,961220,11,4425,26529,0,ok
67435121332112,619849,11,2854,17103,0,ok
67435123123121,599661,11,2759,16539,0,ok
67452313321232,1041777,11,4799,28766,0,ok
71234563231322,1021561,11,4705,28218,0,ok
71263541333222,1613362,11,7430,44561,0,ok
71263542323123,1533742,11,7064,42362,0,ok
71264533131323,907421,11,4183,25078,0,ok
71264533221323,1059076,11,4879,29256,0,ok
71264533231223,1275207,11,5879,35256,0,ok
71264533231313,1334823,11,6148,36879,0,ok
71326451211311,1047730,11,4815,28880,0,ok
71326453132121,693112,11,3190,19118,0,ok
71326543333313,1203919,11,5554,33305,0,ok
71345262132131,803849,11,3700,22185,0,ok
71362453113311,957909,11,4410,26432,0,ok
71365423331312,1000458,11,4612,27667,0,ok
71423563213232,753122,11,3466,20776,0,ok
71423653213232,806090,11,3710,22241,0,ok
71426353312211,1006276,11,4636,27792,0,ok
71426533333223,1700846,11,7815,46886,0,ok
71432561232323,967777,11,4456,26717,0,ok
71432561323232,995988,11,4579,27454,0,ok
71432562111221,1172478,11,5395,32351,0,ok
71432563232213,725823,11,3345,20050,0,ok
71432563323113,765433,11,3523,21120,0,ok
71432563323122,787809,11,3627,21742,0,ok
71432563332113,785923,11,3618,21693,0,ok
71435261322233,1114394,11,5133,30775,0,ok
71435262222122,789467,11,3637,21802,0,ok
71435263211123,1149113,11,5290,31720,0,ok
71435263311122,1188000,11,5467,32782,0,ok
71435263333133,805199,11,3711,22249,0,ok
71435263333223,844287,11,3890,23320,0,ok
71435623333331,1052696,11,4849,29081,0,ok
71436253333112,2129941,11,9789,58727,0,ok
71452363213232,812012,11,3739,22413,0,ok
71452632222131,1111931,11,5125,30732,0,ok
71453262222221,1007608,11,4641,27840,0,ok
71453623311122,1225603,11,5651,33890,0,ok
71456321322323,923029,11,4249,25470,0,ok
71456322111221,710240,11,3268,19597,0,ok
71462531113322,1484870,11,6834,40999,0,ok
71462532111212,795285,11,3664,21971,0,ok
71462532121112,721614,11,3325,19926,0,ok
71462533111223,1182376,11,5446,32659,0,ok
71462533221113,1306098,11,6006,36031,0,ok
71463523331222,794240,11,3658,21927,0,ok
71523463131311,1337643,11,6162,36948,0,ok
71523463231313,1152581,11,5311,31854,0,ok
71523463331312,1217461,11,5606,33612,0,ok
71532463221332,804008,11,3705,22210,0,ok
71534262122222,809546,11,3734,22384,0,ok
71542633132322,817634,11,3766,22577,0,ok
71543622111131,779048,11,3585,21492,0,ok
71543623111121,827278,11,3809,22830,0,ok
71546233331213,1380001,11,6354,38104,0,ok
71546322231212,1302024,11,5991,35930,0,ok
71562433123232,751331,11,3461,20752,0,ok
71563243221221,869907,11,4002,23994,0,ok
71625433213133,1513768,11,6972,41815,0,ok
71643252231212,1013390,11,4670,27999,0,ok
71643523331213,1209207,11,5577,33455,0,ok
72134562312212,852611,11,3930,23562,0,ok
72136541322233,837022,11,3850,23086,0,ok
72143563222331,662179,11,3048,18269,0,ok
72143651121113,921395,11,4238,25414,0,ok
72143651131112,997376,11,4590,27535,0,ok
72143651213111,782645,11,3604,21607,0,ok
72143651312111,1007525,11,4640,27824,0,ok
72143652111311,804553,11,3702,22197,0,ok
72143653111211,883565,11,4071,24401,0,ok
72145631233223,1041854,11,4789,28721,0,ok
72145633232231,905989,11,4165,24974,0,ok
72145633312223,1551394,11,7157,42933,0,ok
72146352232223,873360,11,4024,24116,0,ok
72163452122222,1557382,11,7175,43038,0,ok
72163453121213,908903,11,4187,25110,0,ok
72163453131212,1519429,11,6995,41956,0,ok
72163453133333,889990,11,4099,24570,0,ok
72163453331333,958557,11,4417,26482,0,ok
72164353131113,821792,11,3789,22716,0,ok
72165431113331,664321,11,3059,18325,0,ok
72165432111113,1145359,11,5269,31596,0,ok
72165432111122,1047160,11,4827,28941,0,ok
72165432211112,790909,11,3644,21849,0,ok
72165432323312,691027,11,3181,19070,0,ok
72165433111112,853487,11,3930,23563,0,ok
72165433121333,894472,11,4123,24715,0,ok
72165433221233,752110,11,3461,20746,0,ok
72165433233323,1470369,11,6767,40579,0,ok
72165433321223,829520,11,3818,22890,0,ok
72165433331213,768938,11,3545,21250,0,ok
72345611111111,1175930,11,5419,32501,0,ok
72345611133113,656724,11,3025,18130,0,ok
72345611221223,656434,11,3020,18097,0,ok
72345611222222,973994,11,4484,26894,0,ok
72345611331332,864932,11,3978,23858,0,ok
72345612122111,976313,11,4497,26962,0,ok
72345612331331,609924,11,2809,16825,0,ok
72345613221221,630336,11,2901,17386,0,ok
72345613333331,830241,11,3825,22940,0,ok
72356141112323,971611,11,4476,26834,0,ok
72356141232113,981091,11,4516,27074,0,ok
72356143211123,1239803,11,5708,34229,0,ok
72361453232333,704617,11,3244,19446,0,ok
72361542333233,1387480,11,6399,38372,0,ok
72365412222212,1142643,11,5258,31529,0,ok
72365413121312,1244708,11,5736,34404,0,ok
72365413131212,1013292,11,4665,27973,0,ok
72365413331333,964535,11,4440,26629,0,ok
72435163333313,994792,11,4584,27497,0,ok
72513641232323,781025,11,3594,21539,0,ok
72513641233322,1032908,11,4754,28506,0,ok
72516342313223,1248596,11,5749,34467,0,ok
72531463321232,1073157,11,4937,29615,0,ok
72534163211123,1002319,11,4619,27696,0,ok
72541631111213,1014634,11,4670,28006,0,ok
72541631111312,875991,11,4037,24204,0,ok
72541631112131,870250,11,4009,24031,0,ok
72541631113121,1071981,11,4937,29603,0,ok
72541632131111,1337178,11,6148,36871,0,ok
72541633121111,1628839,11,7492,44944,0,ok
72543162311111,732712,11,3372,20212,0,ok
72543163211111,673324,11,3100,18578,0,ok
72543611221223,773868,11,3565,21367,0,ok
72543611223221,955900,11,4406,26418,0,ok
72543611331332,897295,11,4134,24782,0,ok
72543611332331,963194,11,4439,26616,0,ok
72543612331331,875014,11,4033,24168,0,ok
72543613132232,1490978,11,6870,41198,0,ok
72543613133222,1630068,11,7489,44915,0,ok
72543613221221,933647,11,4299,25774,0,ok
72543613223312,1549617,11,7129,42757,0,ok
72543613322312,1159310,11,5342,32041,0,ok
72546311323112,1018824,11,4680,28062,0,ok
72546313323212,1088661,11,5006,30016,0,ok
72561342313223,1233423,11,5680,34072,0,ok
72561432213122,1093621,11,5044,30247,0,ok
72561433221233,1246785,11,5740,34421,0,ok
72561433311233,1675886,11,7723,46322,0,ok
72561433321133,1045610,11,4819,28892,0,ok
72561433321223,1273126,11,5865,35175,0,ok
72563411111213,740350,11,3410,20438,0,ok
72563411111312,967454,11,4455,26701,0,ok
72563411112131,1242404,11,5724,34333,0,ok
72563411113121,951592,11,4380,26263,0,ok
72563412131111,1330151,11,6115,36672,0,ok
72563413121111,1360173,11,6256,37519,0,ok
72643513212311,1060799,11,4889,29322,0,ok
72643513212332,983621,11,4518,27089,0,ok
73125463133132,1148465,11,5279,31659,0,ok
73146522113231,773707,11,3560,21348,0,ok
73246153312211,679984,11,3130,18764,0,ok
73456123231322,694213,11,3198,19166,0,ok
73516243323113,1273533,11,5855,35115,0,ok
73516243332131,641890,11,2957,17719,0,ok
73541262321212,1576106,11,7264,43554,0,ok
73542163321133,1180547,11,5430,32564,0,ok
73542613132121,1013924,11,4662,27957,0,ok
73542613132322,668414,11,3080,18451,0,ok
73564213321322,1119816,11,5153,30900,0,ok
73614251112323,994930,11,4584,27492,0,ok
73615241112323,1355420,11,6247,37457,0,ok
73615241113322,1279199,11,5892,35333,0,ok
73615242223133,1419748,11,6540,39222,0,ok
73615243123313,1193622,11,5500,32986,0,ok
73615243213313,915999,11,4217,25285,0,ok
73615243331312,880371,11,4053,24298,0,ok
73615243332311,856346,11,3945,23653,0,ok
73615421113322,1028265,11,4725,28340,0,ok
73615423213211,1275636,11,5870,35202,0,ok
73615423333331,919951,11,4233,25386,0,ok
73624513121132,1875102,11,8638,51819,0,ok
73624513332131,924190,11,4254,25515,0,ok
73625141112323,1100793,11,5071,30409,0,ok
73625143121213,1416169,11,6532,39175,0,ok
73625143333313,655930,11,3021,18108,0,ok
73625412222323,744303,11,3430,20559,0,ok
73642511111111,1086865,11,5009,30039,0,ok
73642511113232,1129732,11,5201,31188,0,ok
73642511113322,1429109,11,6581,39469,0,ok
73642513223222,1393013,11,6407,38440,0,ok
73645121113211,1242482,11,5713,34267,0,ok
73645122222311,772891,11,3562,21355,0,ok
73645211223113,656218,11,3019,18097,0,ok
73645211231111,1113865,11,5128,30756,0,ok
73645211321111,865109,11,3981,23860,0,ok
73645211332112,853425,11,3928,23542,0,ok
73645213112231,808878,11,3725,22333,0,ok
73645213333112,1223120,11,5626,33747,0,ok
73651241113322,1324657,11,6087,36513,0,ok
73652413211312,753112,11,3467,20781,0,ok
73652413331321,822077,11,3787,22708,0,ok
73654122111122,1324904,11,6104,36605,0,ok
73654122221111,683417,11,3147,18855,0,ok
73654211111132,889550,11,4095,24555,0,ok
74123563323221,773714,11,3560,21334,0,ok
74123652322121,1323068,11,6094,36548,0,ok
74123653132232,1316495,11,6070,36395,0,ok
74123653133132,1094634,11,5040,30222,0,ok
74123653133222,1226949,11,5649,33869,0,ok
74123653133231,1133129,11,5215,31274,0,ok
74125631313311,707992,11,3262,19540,0,ok
74125632121121,888057,11,4088,24515,0,ok
74125632122111,594275,11,2734,16391,0,ok
74125632131111,1236590,11,5685,34092,0,ok
74125632321332,812020,11,3741,22426,0,ok
74125633121111,1077803,11,4966,29784,0,ok
74125633131233,1180268,11,5435,32594,0,ok
74125633132232,865268,11,3978,23848,0,ok
74125633133222,641312,11,2951,17695,0,ok
74125633133312,858686,11,3956,23714,0,ok
74125633332323,976438,11,4497,26966,0,ok
74126352333122,1236795,11,5698,34167,0,ok
74132561321231,1170937,11,5389,32319,0,ok
74132562121121,780575,11,3599,21574,0,ok
74132562122111,582381,11,2679,16063,0,ok
74132563131221,1756822,11,8078,48454,0,ok
74132563132112,971958,11,4473,26821,0,ok
74136522322121,1065429,11,4908,29430,0,ok
74152363132232,1094598,11,5034,30189,0,ok
74152363133132,880135,11,4054,24306,0,ok
74152363133222,938718,11,4324,25926,0,ok
74152363133231,1107417,11,5094,30538,0,ok
74156322122123,734315,11,3385,20277,0,ok
74156322122321,558978,11,2574,15426,0,ok
74156322313223,847176,11,3902,23384,0,ok
74156323132331,906540,11,4174,25032,0,ok
74156323133123,1512030,11,6944,41648,0,ok
74163251121122,636419,11,2932,17581,0,ok
74163252112211,761699,11,3508,21028,0,ok
74163252131111,1718902,11,7895,47352,0,ok
74163253121111,849501,11,3914,23465,0,ok
74163253131332,1423734,11,6544,39247,0,ok
74163253133132,618721,11,2849,17079,0,ok
74163253133213,1367908,11,6294,37741,0,ok
74163253133231,629279,11,2894,17347,0,ok
74163253332323,831902,11,3832,22975,0,ok
74165231121212,1263965,11,5826,34943,0,ok
74165231131313,2492051,11,11472,68814,0,ok
74165231212121,1027774,11,4738,28406,0,ok
74165231313131,895226,11,4129,24749,0,ok
74165232111212,688776,11,3174,19018,0,ok
74165232121112,1230888,11,5678,34040,0,ok
74165232121211,697297,11,3213,19264,0,ok
74165233111313,793445,11,3657,21918,0,ok
74165233131113,2475323,11,11394,68355,0,ok
74165233131311,1074378,11,4952,29685,0,ok
74165233131323,1082697,11,4985,29895,0,ok
74165233132313,2712915,11,12496,74964,0,ok
74165233231313,1695943,11,7810,46842,0,ok
74213652323132,669301,11,3080,18463,0,ok
74251633111313,892155,11,4114,24655,0,ok
74256311321222,1667891,11,7684,46092,0,ok
74256313111232,1373975,11,6336,38001,0,ok
74265312333233,754583,11,3476,20843,0,ok
74312652333332,789562,11,3637,21801,0,ok
74321563311131,1008199,11,4647,27869,0,ok
74321653233323,863814,11,3981,23869,0,ok
74325163131323,940860,11,4335,25993,0,ok
74325612221222,808932,11,3727,22339,0,ok
74325613121312,1428955,11,6578,39454,0,ok
74325613131212,1308611,11,6016,36079,0,ok
74325613133333,924171,11,4257,25518,0,ok
74361253112132,2220304,11,10190,61125,0,ok
74361253211231,809312,11,3720,22301,0,ok
74365211121221,740915,11,3412,20445,0,ok
74365211213111,1214049,11,5584,33484,0,ok
74365211312111,983481,11,4530,27163,0,ok
74365211313113,881689,11,4064,24361,0,ok
74365211333111,854944,11,3940,23620,0,ok
74365212111311,1705205,11,7841,47024,0,ok
74365212222323,682614,11,3145,18847,0,ok
74365212333332,639971,11,2947,17664,0,ok
74365213111211,1846019,11,8492,50930,0,ok
74365213121333,668823,11,3080,18465,0,ok
74512361322233,933003,11,4300,25784,0,ok
74512362313223,753049,11,3461,20749,0,ok
74513263121222,1174716,11,5420,32500,0,ok
74521632222212,1472615,11,6784,40695,0,ok
74521633121213,1227807,11,5657,33922,0,ok
74521633121312,994552,11,4583,27479,0,ok
74521633133333,1561416,11,7184,43090,0,ok
74521633333313,1825453,11,8403,50405,0,ok
74523611121113,701461,11,3228,19349,0,ok
74523611131112,1239601,11,5698,34187,0,ok
74523611213111,831998,11,3832,22975,0,ok
74523611312111,826851,11,3809,22834,0,ok
74523612111311,941199,11,4331,25974,0,ok
74523613111211,756259,11,3480,20868,0,ok
74532163123223,844297,11,3884,23285,0,ok
74561231111222,655036,11,3016,18079,0,ok
74561232111113,1330134,11,6120,36695,0,ok
74561232221111,832095,11,3834,22980,0,ok
74561233111112,898435,11,4136,24806,0,ok
74561233131233,738022,11,3402,20396,0,ok
74561233233323,1382013,11,6361,38154,0,ok
74561233311233,630467,11,2904,17395,0,ok
74561233321133,804813,11,3706,22219,0,ok
74561233321313,1380187,11,6355,38111,0,ok
74563211232332,975234,11,4480,26877,0,ok
74653213133222,1299992,11,5977,35844,0,ok
75132463233233,899123,11,4144,24846,0,ok
75143263231313,1193312,11,5493,32947,0,ok
75146321323331,1005706,11,4632,27773,0,ok
75213642223133,930565,11,4286,25691,0,ok
75231463211123,1679194,11,7731,46376,0,ok
75234161322233,883627,11,4064,24372,0,ok
75234162221111,1144528,11,5274,31629,0,ok
75236143213232,905546,11,4169,24983,0,ok
75241632222323,999776,11,4604,27606,0,ok
75243162211322,2036278,11,9386,56294,0,ok
75243611113232,926942,11,4270,25591,0,ok
75243613213232,870525,11,4004,24009,0,ok
75246131333312,1015569,11,4674,28030,0,ok
75246311111111,1855037,11,8563,51362,0,ok
75246313212311,1234989,11,5680,34069,0,ok
75246313312211,1287397,11,5925,35528,0,ok
75246313332332,924708,11,4255,25511,0,ok
75261432123233,1012872,11,4663,27959,0,ok
75264132121232,918984,11,4233,25382,0,ok
75264132223331,786433,11,3624,21713,0,ok
75264132321212,677024,11,3122,18707,0,ok
75264133121333,1092043,11,5029,30148,0,ok
75264133331213,880812,11,4055,24311,0,ok
75264311223122,1388806,11,6388,38311,0,ok
75264313231112,941519,11,4338,26013,0,ok
75312463333133,1053300,11,4857,29126,0,ok
75314621133221,890984,11,4097,24560,0,ok
75314621313212,2909737,11,13374,80228,0,ok
75314623113122,822234,11,3785,22688,0,ok
75316241231231,950701,11,4383,26269,0,ok
75321461311112,1825929,11,8385,50298,0,ok
75321463132121,826113,11,3804,22806,0,ok
75346122133133,849018,11,3910,23444,0,ok
75346211133122,1144518,11,5266,31578,0,ok
75346211211311,1892095,11,8687,52116,0,ok
75346211311211,1612802,11,7408,44427,0,ok
75346212323333,773440,11,3564,21354,0,ok
75346213112132,842887,11,3878,23245,0,ok
75346213132121,780260,11,3595,21553,0,ok
75346213132322,1029241,11,4736,28392,0,ok
75346213332122,1121467,11,5154,30902,0,ok
75412631223332,863933,11,3975,23829,0,ok
75416323232213,901640,11,4154,24905,0,ok
75431263133213,1017708,11,4688,28109,0,ok
75462132123212,1106251,11,5102,30597,0,ok
75613243131332,956715,11,4409,26430,0,ok
75613243133213,928765,11,4278,25650,0,ok
75634123323122,850800,11,3918,23489,0,ok
75641323232111,747820,11,3445,20648,0,ok
75642132213311,879383,11,4045,24255,0,ok
76123453233323,778940,11,3589,21505,0,ok
76125343333133,1009820,11,4655,27912,0,ok
76143252131312,1173786,11,5405,32418,0,ok
76143252221222,892454,11,4109,24634,0,ok
76143253131212,1394101,11,6408,38437,0,ok
76143253331333,917081,11,4223,25318,0,ok
76143253333313,1163825,11,5365,32175,0,ok
76145231121113,778079,11,3582,21471,0,ok
76145231122112,1493043,11,6881,41267,0,ok
76145231131112,876658,11,4039,24219,0,ok
76145231221112,1853928,11,8534,51188,0,ok
76145231311331,654442,11,3016,18070,0,ok
76145232123332,688047,11,3169,18993,0,ok
76145232233213,1613381,11,7420,44503,0,ok
76145232331313,1930516,11,8864,53163,0,ok
76145232332213,1641648,11,7564,45364,0,ok
76145233133213,1404356,11,6460,38751,0,ok
76145233232333,794369,11,3658,21932,0,ok
76154323333112,1164876,11,5359,32139,0,ok
76213543213133,1306140,11,6014,36070,0,ok
76213543311332,857152,11,3943,23637,0,ok
76215341231231,894208,11,4115,24666,0,ok
76215433333133,967961,11,4460,26745,0,ok
76231451123111,830711,11,3821,22914,0,ok
76245311121131,615551,11,2830,16963,0,ok
76245311131121,589005,11,2709,16227,0,ok
76245311213312,1426760,11,6555,39312,0,ok
76245312132131,734528,11,3382,20268,0,ok
76245313122122,1052082,11,4840,29024,0,ok
76245313123121,775642,11,3572,21406,0,ok
76253141123132,1045123,11,4805,28812,0,ok
76253141211332,1201003,11,5518,33090,0,ok
76253413322312,870987,11,4011,24041,0,ok
76254133311323,1619257,11,7462,44754,0,ok
76254313211111,1631645,11,7517,45088,0,ok
76312452212111,1235398,11,5695,34155,0,ok
76312453211111,1043390,11,4800,28782,0,ok
76312453311311,698942,11,3219,19295,0,ok
76312542321212,706860,11,3257,19526,0,ok
76312542322121,645907,11,2976,17839,0,ok
76312543322222,1017887,11,4690,28126,0,ok
76315241112113,787120,11,3622,21714,0,ok
76315241113112,703750,11,3239,19417,0,ok
76315241223113,1063780,11,4893,29332,0,ok
76315241322122,583350,11,2687,16099,0,ok
76315241323313,1147799,11,5277,31647,0,ok
76315241332112,731578,11,3366,20179,0,ok
76315243211231,987693,11,4543,27235,0,ok
76315243323323,650055,11,2994,17946,0,ok
76321452122123,811502,11,3740,22419,0,ok
76321452122321,922831,11,4254,25497,0,ok
76321452122333,897395,11,4136,24789,0,ok
76321452123323,1122403,11,5176,31031,0,ok
76321452212231,1468124,11,6759,40538,0,ok
76321452213122,1116490,11,5148,30867,0,ok
76321453233131,856419,11,3943,23635,0,ok
76321453311233,1334378,11,6151,36881,0,ok
76321453313312,1596429,11,7352,44092,0,ok
76321453321133,829339,11,3823,22913,0,ok
76321453323311,1209547,11,5572,33424,0,ok
76321542211112,1641756,11,7557,45333,0,ok
76321543211111,1071951,11,4932,29574,0,ok
76321543311131,1135113,11,5223,31327,0,ok
76324151112233,789644,11,3634,21789,0,ok
76324151112323,1031055,11,4748,28470,0,ok
76324153323122,651784,11,2998,17968,0,ok
76325411111213,760202,11,3504,20999,0,ok
76325411111312,2192989,11,10080,60473,0,ok
76325411112131,895267,11,4123,24718,0,ok
76325411113121,983873,11,4531,27168,0,ok
76325411122121,631200,11,2909,17427,0,ok
76325411331311,870042,11,4007,24024,0,ok
76325412112121,1156372,11,5326,31941,0,ok
76325412231212,1444113,11,6650,39884,0,ok
76325412333233,1028505,11,4736,28390,0,ok
76325413222223,710606,11,3275,19630,0,ok
76341251111213,1305394,11,6008,36022,0,ok
76341251111312,1136859,11,5240,31423,0,ok
76341251112131,1273817,11,5866,35189,0,ok
76341251113121,935992,11,4312,25847,0,ok
76341251221121,815765,11,3757,22527,0,ok
76341251311313,880820,11,4060,24331,0,ok
76341252232313,853993,11,3935,23593,0,ok
76341252323333,646693,11,2979,17858,0,ok
76341253221212,1237686,11,5699,34172,0,ok
76341253233131,554184,11,2552,15286,0,ok
76342511111231,786241,11,3621,21703,0,ok
76342511111321,1049356,11,4830,28970,0,ok
76342511323112,778098,11,3584,21475,0,ok
76342512232223,757627,11,3489,20914,0,ok
76342513213112,1471331,11,6772,40618,0,ok
76342513322111,1037889,11,4782,28674,0,ok
76342513323122,797402,11,3666,21983,0,ok
76342513323212,727982,11,3352,20090,0,ok
76345122211112,1018272,11,4695,28156,0,ok
76345122211121,889616,11,4097,24564,0,ok
76345122213311,994762,11,4573,27424,0,ok
76345122311111,1150793,11,5299,31777,0,ok
76345123211111,1039270,11,4783,28678,0,ok
76345123311113,783797,11,3611,21644,0,ok
76345123311131,721703,11,3322,19926,0,ok
76345123312211,748943,11,3448,20664,0,ok
76351421112323,986983,11,4549,27273,0,ok
76351421113322,815219,11,3749,22481,0,ok
76351423321232,637226,11,2935,17586,0,ok
76354121121212,670601,11,3092,18527,0,ok
76354121122121,568925,11,2622,15705,0,ok
76354121311313,732110,11,3373,20219,0,ok
76354121313131,909210,11,4189,25113,0,ok
76354122111212,854997,11,3942,23630,0,ok
76354122112121,914818,11,4214,25263,0,ok
76354122212222,1593062,11,7332,43976,0,ok
76354123211123,852003,11,3925,23534,0,ok
76354123211132,825585,11,3804,22804,0,ok
76354123313333,1672892,11,7700,46187,0,ok
76354212213323,770719,11,3551,21288,0,ok
76354212312233,1304763,11,6008,36020,0,ok
76354212313322,1410692,11,6489,38921,0,ok
76354212333332,853333,11,3928,23548,0,ok
76354213222223,686704,11,3163,18955,0,ok
76354213312223,760781,11,3507,21014,0,ok
76421351131121,759033,11,3486,20900,0,ok
76512343213313,2479874,11,11387,68313,0,ok
76512343332311,1114311,11,5137,30807,0,ok
76514321112323,838306,11,3864,23171,0,ok
76514321232113,1277107,11,5878,35249,0,ok
76521433232333,817729,11,3767,22584,0,ok
76523413223231,1027023,11,4723,28317,0,ok
76524313331222,1034150,11,4767,28582,0,ok
76541232131213,2441375,11,11221,67311,0,ok
76541232221222,943330,11,4346,26056,0,ok
76541233121213,1774946,11,8155,48915,0,ok
76541233331333,983859,11,4529,27166,0,ok
76541233333313,876810,11,4041,24226,0,ok
76543211111111,1706948,11,7880,47256,0,ok
76543211212112,1039813,11,4793,28743,0,ok
76543211223221,773037,11,3556,21328,0,ok
76543211332331,909616,11,4179,25063,0,ok
76543211333333,809167,11,3727,22350,0,ok
76543212132323,690699,11,3182,19072,0,ok
76543212222221,911251,11,4199,25168,0,ok
76543212323213,698462,11,3217,19285,0,ok
76543213113131,746245,11,3439,20617,0,ok
