state,iret,len,expanded,generated,exit,check
12345672121232,1544126,11,6187,37106,0,ok
12345672123212,1351871,11,5411,32446,0,ok
12345672321212,1056617,11,4224,25321,0,ok
12345673131323,1519708,11,6090,36521,0,ok
12345673132313,1631365,11,6533,39186,0,ok
12345673231313,1109146,11,4433,26583,0,ok
12345761111111,3705530,11,14956,89724,0,ok
12346571111231,3157508,11,12733,76379,0,ok
12346751113133,1369756,11,5514,33066,0,ok
12347561112212,1287983,11,5183,31082,0,ok
12347651111111,4896579,11,19786,118704,0,ok
12347651122112,1200808,11,4831,28971,0,ok
12347651133311,1056501,11,4252,25489,0,ok
12347652111221,636089,11,2550,15278,0,ok
12347652123233,1147806,11,4620,27699,0,ok
12347652123332,1408410,11,5670,34008,0,ok
12347652223232,777071,11,3120,18696,0,ok
12347653111133,742365,11,2981,17869,0,ok
12347653132223,1029188,11,4138,24816,0,ok
12347653132322,1023108,11,4117,24680,0,ok
12347653332323,833987,11,3350,20079,0,ok
12354671111111,1648088,11,6645,39852,0,ok
12354761112323,3902031,11,15767,94586,0,ok
12354762121112,1371614,11,5521,33107,0,ok
12354762121211,1198008,11,4818,28895,0,ok
12354762311123,1030247,11,4142,24833,0,ok
12354763131131,1131463,11,4550,27276,0,ok
12354763133111,1044247,11,4197,25168,0,ok
12354763211123,1106818,11,4450,26681,0,ok
12356471113133,1485930,11,5983,35886,0,ok
12356741133131,1050386,11,4201,25189,0,ok
12356741313131,1017031,11,4067,24384,0,ok
12356743113131,1012018,11,4045,24255,0,ok
12357461111222,1691535,11,6813,40868,0,ok
12357461113331,1603510,11,6456,38723,0,ok
12357462211112,1222188,11,4918,29484,0,ok
12357641113331,1400224,11,5636,33798,0,ok
12364571112212,1720115,11,6928,41554,0,ok
12364751112212,1514441,11,6101,36594,0,ok
12364751113133,1451432,11,5844,35046,0,ok
12364753311131,1046852,11,4210,25234,0,ok
12365471111111,3108756,11,12570,75404,0,ok
12365471211122,1247573,11,5025,30136,0,ok
12365471313113,752253,11,3022,18109,0,ok
12365472223232,711297,11,2856,17114,0,ok
12365472321233,882013,11,3543,21246,0,ok
12365473232312,830913,11,3339,20012,0,ok
12365473332323,898135,11,3611,21651,0,ok
12365741113331,1535056,11,6181,37070,0,ok
12367451123333,1206887,11,4829,28952,0,ok
12367451132222,1102871,11,4409,26435,0,ok
12367451213333,975400,11,3895,23348,0,ok
12367451312222,1545350,11,6188,37115,0,ok
12367452113333,1415734,11,5669,33997,0,ok
12367453112222,1120359,11,4477,26841,0,ok
12367541112212,1609613,11,6476,38849,0,ok
12367541113331,1962304,11,7903,47406,0,ok
12367541331131,895686,11,3596,21567,0,ok
12374561121212,1078952,11,4321,25901,0,ok
12374561211212,950174,11,3797,22759,0,ok
12374562111212,1229369,11,4921,29505,0,ok
12374651111222,1654451,11,6659,39935,0,ok
12375461111222,1593743,11,6420,38501,0,ok
12375641113112,1552886,11,6249,37478,0,ok
12376451111222,1711908,11,6893,41341,0,ok
12376451113133,1702140,11,6857,41133,0,ok
12376451221211,1129667,11,4543,27236,0,ok
12376541112323,3082016,11,12457,74730,0,ok
12376541232233,1533963,11,6168,36999,0,ok
12376541322233,959329,11,3852,23098,0,ok
12376542121232,1176723,11,4737,28398,0,ok
12376542123212,1107008,11,4454,26705,0,ok
12376543133132,1149911,11,4621,27715,0,ok
12376543133231,1031512,11,4147,24858,0,ok
12456731132321,1560205,11,6271,37605,0,ok
12456731233223,1448308,11,5835,34997,0,ok
12456733223321,804726,11,3231,19372,0,ok
12463751231231,1034255,11,4150,24878,0,ok
12467351131121,1033786,11,4158,24925,0,ok
12467351231321,1040567,11,4187,25099,0,ok
12473561132123,917450,11,3683,22086,0,ok
12536741112323,1329496,11,5359,32141,0,ok
12537461332112,1221079,11,4908,29429,0,ok
12543671111111,1574174,11,6348,38078,0,ok
12543671211212,818496,11,3288,19708,0,ok
12543671331113,1571493,11,6339,38014,0,ok
12543672121121,943333,11,3792,22735,0,ok
12543672321332,728919,11,2924,17522,0,ok
12543672322232,932638,11,3749,22476,0,ok
12543672331232,837633,11,3370,20198,0,ok
12543673111331,839428,11,3374,20221,0,ok
12543673221323,1048293,11,4219,25294,0,ok
12543673231223,628981,11,2523,15115,0,ok
12543673233323,1344254,11,5411,32449,0,ok
12546371221331,924018,11,3707,22225,0,ok
12563472131213,1201409,11,4826,28938,0,ok
12563473131212,1235574,11,4969,29794,0,ok
12564733323122,830761,11,3333,19973,0,ok
12567433232333,979965,11,3942,23623,0,ok
12576343212221,820687,11,3288,19709,0,ok
12637451132111,1723249,11,6942,41638,0,ok
12637451332112,1062267,11,4276,25628,0,ok
12643571321321,671500,11,2689,16107,0,ok
12645371131121,1729248,11,6968,41784,0,ok
12673542331133,1186444,11,4761,28551,0,ok
12734561112323,1321218,11,5325,31934,0,ok
12734561322233,1428172,11,5754,34507,0,ok
12734562313223,939367,11,3780,22660,0,ok
12745631111111,3840168,11,15489,92918,0,ok
12745632111122,875109,11,3518,21084,0,ok
12745632212213,1246792,11,5017,30088,0,ok
12745632222221,710155,11,2851,17079,0,ok
12745632232211,816458,11,3281,19657,0,ok
12745633131131,1059516,11,4258,25534,0,ok
12745633313312,719353,11,2886,17296,0,ok
12745633313333,1711775,11,6903,41405,0,ok
12745633323311,689580,11,2767,16582,0,ok
12753462231323,946656,11,3801,22788,0,ok
12763452322232,939485,11,3779,22657,0,ok
12765432121313,1183495,11,4757,28531,0,ok
12765432222212,1806176,11,7269,43599,0,ok
12765433121213,1226591,11,4928,29552,0,ok
12765433331333,1121983,11,4503,27007,0,ok
13245671321111,1375149,11,5532,33176,0,ok
13246571111111,1714687,11,6913,41466,0,ok
13246571112233,1002208,11,4024,24127,0,ok
13246571113232,1543714,11,6203,37209,0,ok
13246572321332,1092922,11,4396,26353,0,ok
13246572331232,723525,11,2905,17404,0,ok
13246573221233,686079,11,2753,16483,0,ok
13246573321223,1061534,11,4267,25583,0,ok
13246752133211,991782,11,3977,23853,0,ok
13247563212131,893097,11,3575,21440,0,ok
13254761322233,1299675,11,5226,31348,0,ok
13254761323322,1185279,11,4768,28584,0,ok
13254762321233,1036561,11,4164,24969,0,ok
13254763323122,1022792,11,4107,24629,0,ok
13257641112233,1385287,11,5570,33407,0,ok
13265741112323,1860980,11,7495,44956,0,ok
13265742131312,1182163,11,4751,28489,0,ok
13267451122211,1266106,11,5090,30527,0,ok
13267451311133,883385,11,3550,21280,0,ok
13267541111132,982847,11,3937,23598,0,ok
13267541232212,760893,11,3048,18271,0,ok
13274651112323,1440822,11,5798,34775,0,ok
13275461112233,985983,11,3959,23733,0,ok
13275463213211,1064064,11,4272,25619,0,ok
13275641112233,1556840,11,6255,37504,0,ok
13275641112323,1623332,11,6529,39151,0,ok
13275642131333,1089881,11,4369,26197,0,ok
13275643212221,1013274,11,4058,24325,0,ok
13276451113211,1456158,11,5843,35038,0,ok
13276451233133,870872,11,3487,20896,0,ok
13276541133122,1296131,11,5213,31258,0,ok
13276541213312,1595376,11,6418,38487,0,ok
13276541321123,1339287,11,5389,32314,0,ok
13276541322311,1308241,11,5260,31534,0,ok
13276541323112,1162577,11,4678,28048,0,ok
13276541323322,1216176,11,4894,29347,0,ok
13276542323312,841344,11,3377,20246,0,ok
13276543323122,994730,11,3995,23954,0,ok
13462571111111,2403853,11,9718,58292,0,ok
13462572213311,1029157,11,4138,24820,0,ok
13527461211113,1290689,11,5193,31143,0,ok
13542671231231,1203130,11,4840,29018,0,ok
13546271213213,848760,11,3406,20418,0,ok
13546271231231,1359978,11,5467,32781,0,ok
13546271321321,948004,11,3801,22787,0,ok
13572641122133,2841647,11,11471,68815,0,ok
13576241312213,1624985,11,6530,39174,0,ok
13576241321321,824860,11,3303,19796,0,ok
13627451332112,984393,11,3949,23679,0,ok
13642571221223,1430814,11,5734,34386,0,ok
13642571223221,1224227,11,4895,29350,0,ok
13642573221221,1174246,11,4694,28146,0,ok
13645271221331,1072218,11,4311,25848,0,ok
13647521111111,1279999,11,5161,30944,0,ok
13675241112323,1516127,11,6105,36617,0,ok
13675242331313,1083666,11,4357,26127,0,ok
13725642332132,822107,11,3300,19782,0,ok
13754262123323,1626645,11,6522,39112,0,ok
13762451321321,1085076,11,4357,26121,0,ok
13764251211311,856984,11,3445,20643,0,ok
13764252323231,772806,11,3102,18592,0,ok
13765422121211,824386,11,3305,19809,0,ok
14263751131121,1075591,11,4325,25938,0,ok
14267351321321,1050475,11,4215,25268,0,ok
14275633323122,827149,11,3320,19902,0,ok
14325671111111,3446273,11,13890,83322,0,ok
14325672112121,1002977,11,4032,24180,0,ok
14325672231323,804010,11,3229,19360,0,ok
14325672323222,977551,11,3935,23591,0,ok
14325673123232,768318,11,3085,18492,0,ok
14325673232333,961213,11,3867,23178,0,ok
14325673311131,1098429,11,4417,26491,0,ok
14327652131213,1142262,11,4590,27524,0,ok
14327653121213,1121367,11,4508,27037,0,ok
14352672212111,811359,11,3257,19520,0,ok
14356721112323,937983,11,3773,22622,0,ok
14356721322233,1783248,11,7187,43109,0,ok
14367252322232,933129,11,3753,22497,0,ok
14367523311113,1547881,11,6217,37289,0,ok
14523672121313,1417526,11,5704,34210,0,ok
14523673121312,1200609,11,4818,28900,0,ok
14527631121311,2038825,11,8224,49326,0,ok
14527631131211,1966771,11,7934,47587,0,ok
14527631133311,776234,11,3122,18695,0,ok
14527631211131,1257210,11,5057,30326,0,ok
14527631311121,1616822,11,6517,39081,0,ok
14527632122213,906572,11,3646,21851,0,ok
14527632212111,822580,11,3305,19810,0,ok
14527632333332,1134314,11,4560,27342,0,ok
14527633132322,859602,11,3455,20710,0,ok
14527633312133,761642,11,3057,18321,0,ok
14536273311311,813740,11,3264,19563,0,ok
14537622231323,882426,11,3545,21246,0,ok
14563272323222,699084,11,2804,16800,0,ok
14567231312213,2107872,11,8491,50936,0,ok
14567231321123,1171200,11,4702,28193,0,ok
14573261333111,1385095,11,5572,33416,0,ok
14625731111111,2483453,11,10028,60151,0,ok
14625731131121,2232670,11,8999,53978,0,ok
14625731322233,1300910,11,5233,31374,0,ok
14625732112121,801975,11,3218,19288,0,ok
14625732113321,1074243,11,4316,25884,0,ok
14625732213323,1030279,11,4143,24837,0,ok
14625732233111,1001091,11,4025,24128,0,ok
14625733133111,706239,11,2835,16987,0,ok
14632571111111,2120266,11,8543,51243,0,ok
14632571321132,1138250,11,4577,27448,0,ok
14652733321331,771086,11,3086,18492,0,ok
14673251111111,2419570,11,9775,58635,0,ok
14723651111213,977070,11,3930,23568,0,ok
14723651111312,1607168,11,6473,38829,0,ok
14723651112131,1650247,11,6654,39915,0,ok
14723651113121,968929,11,3899,23376,0,ok
14723651211212,819210,11,3292,19733,0,ok
14723652322121,793205,11,3185,19092,0,ok
14723652331232,935079,11,3758,22531,0,ok
14723653232222,865425,11,3478,20851,0,ok
14723653313111,751374,11,3019,18090,0,ok
14723653321313,1110800,11,4467,26789,0,ok
14725361111111,1044079,11,4203,25204,0,ok
14725361111123,1113519,11,4479,26860,0,ok
14725361322332,950034,11,3814,22865,0,ok
14725362211121,887536,11,3563,21360,0,ok
14725363211213,1314066,11,5289,31719,0,ok
14725363213121,917917,11,3688,22107,0,ok
14725363223213,955441,11,3837,23006,0,ok
14725363311113,1184959,11,4767,28573,0,ok
14726531223122,1139594,11,4580,27464,0,ok
14726531232122,1479618,11,5956,35723,0,ok
14726531233313,1077059,11,4330,25968,0,ok
14726531333312,897960,11,3604,21612,0,ok
14726532232313,857784,11,3446,20659,0,ok
14726533323122,712550,11,2860,17134,0,ok
14735621221112,867280,11,3482,20876,0,ok
14735621223113,834064,11,3346,20057,0,ok
14735621223332,1537706,11,6186,37104,0,ok
14735621233112,1326442,11,5337,32002,0,ok
14735621323112,1429361,11,5753,34498,0,ok
14735621332112,816306,11,3279,19649,0,ok
14735621333111,878771,11,3532,21167,0,ok
14735621333222,1171595,11,4714,28267,0,ok
14736251111132,940301,11,3778,22647,0,ok
14736251112332,1191406,11,4794,28750,0,ok
14736253222223,754195,11,3023,18128,0,ok
14736521132222,1064274,11,4280,25654,0,ok
14736521133131,987229,11,3968,23787,0,ok
14736521211212,841871,11,3382,20269,0,ok
14736521213333,945873,11,3799,22767,0,ok
14736521221313,1221459,11,4906,29425,0,ok
14736521321231,1289558,11,5180,31071,0,ok
14736521322233,947713,11,3807,22822,0,ok
14736521332121,1667686,11,6713,40257,0,ok
14736523112222,675973,11,2708,16226,0,ok
14736523113131,643343,11,2579,15449,0,ok
14752363222121,915205,11,3677,22038,0,ok
14752363232222,1147322,11,4612,27649,0,ok
14752363233131,975877,11,3921,23496,0,ok
14752631111111,1602792,11,6461,38753,0,ok
14752631112311,1459568,11,5877,35242,0,ok
14752631323223,1366292,11,5503,32997,0,ok
14752632332132,828410,11,3324,19926,0,ok
14752633213223,1098190,11,4415,26478,0,ok
14752633222223,1111611,11,4471,26811,0,ok
14752633223123,1356232,11,5459,32736,0,ok
14752633223231,1119545,11,4502,26994,0,ok
14753261221112,1177193,11,4737,28401,0,ok
14753261323112,1698533,11,6837,41013,0,ok
14753261333111,1346314,11,5418,32489,0,ok
14762351221331,941918,11,3779,22656,0,ok
14762351321231,1652052,11,6650,39889,0,ok
14762351331221,1040815,11,4184,25078,0,ok
14763251221223,1527597,11,6118,36692,0,ok
14763251222312,1118525,11,4469,26793,0,ok
14763251332331,1661628,11,6663,39961,0,ok
14763251333123,862822,11,3442,20633,0,ok
14763252322121,1161318,11,4643,27832,0,ok
14763253132232,941670,11,3761,22546,0,ok
14763253133132,952011,11,3804,22800,0,ok
14763253133222,1174331,11,4695,28156,0,ok
14763253133231,992942,11,3969,23787,0,ok
14763253221221,1244344,11,4982,29873,0,ok
14763253222112,1329001,11,5318,31891,0,ok
14763521113211,1140854,11,4587,27501,0,ok
14763521113223,1040755,11,4183,25079,0,ok
14763523222331,991336,11,3984,23884,0,ok
14765231111213,1483347,11,5976,35835,0,ok
14765231111312,1132408,11,4558,27331,0,ok
14765231112131,1144786,11,4608,27630,0,ok
14765231113121,1367352,11,5511,33046,0,ok
14765231133131,1081600,11,4354,26102,0,ok
14765232211211,879826,11,3536,21202,0,ok
14765232232322,720513,11,2893,17335,0,ok
14765232331313,953831,11,3835,22987,0,ok
14765233113131,645200,11,2589,15508,0,ok
14765233323332,872312,11,3502,21008,0,ok
15236471111111,2029445,11,8187,49107,0,ok
15236473231121,1055173,11,4245,25457,0,ok
15243671331221,1200679,11,4828,28949,0,ok
15246371331332,1467638,11,5881,35269,0,ok
15246371332331,1231483,11,4927,29542,0,ok
15246372331331,1018182,11,4069,24397,0,ok
15267431223113,771428,11,3090,18515,0,ok
15273641112323,2127668,11,8578,51447,0,ok
15324673113311,1395196,11,5610,33645,0,ok
15342671211311,1087863,11,4376,26229,0,ok
15346271321321,803602,11,3222,19310,0,ok
15367421211113,1256102,11,5051,30295,0,ok
15367421223113,960481,11,3862,23150,0,ok
15367423211123,1121182,11,4512,27052,0,ok
15426371111111,920841,11,3706,22217,0,ok
15426371112233,1173484,11,4722,28321,0,ok
15463271313113,1345896,11,5413,32462,0,ok
15624732123212,1139620,11,4579,27461,0,ok
15624732133313,1151900,11,4634,27779,0,ok
15624732333332,962938,11,3869,23193,0,ok
15627431223113,1039346,11,4177,25043,0,ok
15627431322113,1500318,11,6034,36186,0,ok
15627431332112,1314633,11,5293,31740,0,ok
15634722123332,1264764,11,5086,30500,0,ok
15634722321233,937578,11,3767,22587,0,ok
15637423211123,1198693,11,4819,28901,0,ok
15642371111111,2477905,11,9986,59906,0,ok
15642372213311,1027781,11,4132,24770,0,ok
15642372231332,837110,11,3359,20127,0,ok
15642372331322,757360,11,3042,18228,0,ok
15642373212311,1029988,11,4139,24820,0,ok
15642373221323,1074077,11,4320,25908,0,ok
15642373231223,799379,11,3205,19213,0,ok
15643271221331,1220993,11,4909,29441,0,ok
15643271331221,1443211,11,5809,34841,0,ok
15643273223111,1145586,11,4611,27643,0,ok
15647233213232,777424,11,3115,18674,0,ok
15672341113232,1428720,11,5748,34477,0,ok
15672341323112,863909,11,3467,20787,0,ok
15672342323312,981779,11,3942,23638,0,ok
15672343213232,945531,11,3799,22768,0,ok
15672433312133,1217474,11,4883,29280,0,ok
15724362212132,840817,11,3366,20183,0,ok
15724631111111,1794741,11,7243,43435,0,ok
15724631211311,1555013,11,6263,37567,0,ok
15724631322233,1529372,11,6157,36926,0,ok
15724632123233,1380036,11,5552,33301,0,ok
15724632313223,1132788,11,4552,27304,0,ok
15724632323231,999774,11,4018,24085,0,ok
15724632323333,1169295,11,4702,28194,0,ok
15724633132322,867134,11,3485,20886,0,ok
15734622331223,935563,11,3753,22492,0,ok
15746321111111,1414596,11,5698,34170,0,ok
15746321323211,1321223,11,5323,31920,0,ok
15746322313112,1017118,11,4093,24543,0,ok
15762342122213,1325380,11,5322,31916,0,ok
15763241111111,1669856,11,6735,40395,0,ok
15763242323132,794188,11,3189,19110,0,ok
16243571132132,739300,11,2964,17765,0,ok
16243571231231,1268788,11,5106,30607,0,ok
16243571321321,832377,11,3338,20013,0,ok
16245371231231,1278984,11,5141,30830,0,ok
16254733312223,1816919,11,7307,43823,0,ok
16257431132111,1476419,11,5948,35667,0,ok
16257433223123,857579,11,3443,20649,0,ok
16273541122133,1720605,11,6920,41499,0,ok
16273541321321,1003013,11,4017,24079,0,ok
16275341312213,2596919,11,10482,62885,0,ok
16275343122221,801094,11,3211,19247,0,ok
16327453232333,888849,11,3571,21407,0,ok
16342571331221,1047428,11,4205,25218,0,ok
16345271111111,2613142,11,10545,63258,0,ok
16345271133131,975629,11,3924,23524,0,ok
16345271222111,1246312,11,5015,30078,0,ok
16345272322232,941201,11,3782,22680,0,ok
16345272333212,743700,11,2987,17902,0,ok
16345273122323,999225,11,4018,24090,0,ok
16345273233323,1407307,11,5663,33962,0,ok
16347252131312,1234465,11,4965,29766,0,ok
16347253121312,1311953,11,5270,31602,0,ok
16357421223113,1040341,11,4171,25017,0,ok
16374521112323,1489108,11,6002,36002,0,ok
16374523211123,1097533,11,4418,26487,0,ok
16423572112121,933772,11,3748,22470,0,ok
16427531211311,1630712,11,6570,39403,0,ok
16427531231321,1718616,11,6928,41556,0,ok
16427532333233,1644315,11,6616,39673,0,ok
16453271111111,1806391,11,7288,43705,0,ok
16453271211113,1324633,11,5337,31997,0,ok
16453272111131,895959,11,3601,21580,0,ok
16475233132313,1142405,11,4581,27469,0,ok
16523473332323,997122,11,4011,24052,0,ok
16523741112212,941213,11,3778,22646,0,ok
16524731112212,1573937,11,6338,38019,0,ok
16524731112233,1511782,11,6083,36487,0,ok
16524731113133,1085792,11,4367,26179,0,ok
16527341111111,1000639,11,4032,24171,0,ok
16527431123333,1719201,11,6898,41371,0,ok
16527431222132,1608582,11,6447,38662,0,ok
16527431312222,1772368,11,7106,42614,0,ok
16527431333213,1371351,11,5494,32942,0,ok
16527432113333,1341901,11,5378,32250,0,ok
16527432211322,1165828,11,4662,27947,0,ok
16527432231122,1071697,11,4283,25684,0,ok
16527432231332,1239823,11,4962,29751,0,ok
16527432331322,1093738,11,4373,26217,0,ok
16527432333113,1566432,11,6282,37667,0,ok
16527433312133,889167,11,3553,21288,0,ok
16532471111222,1200483,11,4826,28934,0,ok
16534271111111,1482175,11,5975,35833,0,ok
16534271111132,923711,11,3716,22270,0,ok
16534273211111,984948,11,3958,23734,0,ok
16534723211123,1339363,11,5385,32295,0,ok
16537421111222,959115,11,3856,23112,0,ok
16537421113322,1155637,11,4647,27865,0,ok
16537421113331,921327,11,3702,22196,0,ok
16537421223113,796436,11,3193,19134,0,ok
16537421233112,1426014,11,5737,34407,0,ok
16537421332112,883877,11,3547,21254,0,ok
16542371221331,731380,11,2931,17562,0,ok
16542371331221,999983,11,4016,24078,0,ok
16542372112331,970446,11,3893,23340,0,ok
16543271221223,1939882,11,7779,46649,0,ok
16543271223221,1253667,11,5015,30074,0,ok
16543271331332,1580991,11,6334,37988,0,ok
16543271332331,1475545,11,5909,35435,0,ok
16543272331331,1074844,11,4299,25763,0,ok
16543273221221,1089579,11,4354,26102,0,ok
16543721111111,1102744,11,4443,26638,0,ok
16543721113211,1025679,11,4125,24732,0,ok
16547233332323,1352641,11,5447,32670,0,ok
16547321113331,1470856,11,5915,35476,0,ok
16572431111111,1212619,11,4882,29280,0,ok
16572433213223,875524,11,3519,21089,0,ok
16573241123123,935050,11,3754,22500,0,ok
16573241312312,829341,11,3330,19954,0,ok
16574231113133,1074529,11,4315,25877,0,ok
16723451122133,1294534,11,5204,31213,0,ok
16723451322311,1105027,11,4436,26602,0,ok
16725431121311,1983577,11,8006,48018,0,ok
16725431131211,2029486,11,8190,49125,0,ok
16725431211122,909857,11,3654,21917,0,ok
16725431211131,1672498,11,6740,40425,0,ok
16725431311121,1117334,11,4496,26952,0,ok
16725432211121,988002,11,3972,23816,0,ok
16725432232223,713912,11,2868,17185,0,ok
16725433113311,758850,11,3049,18272,0,ok
16725433122212,753128,11,3024,18128,0,ok
16725433333232,754771,11,3032,18169,0,ok
16735242122213,1061486,11,4254,25506,0,ok
16742352232313,1197622,11,4818,28886,0,ok
16743252323222,764394,11,3070,18395,0,ok
16745232121313,1205936,11,4846,29062,0,ok
16745232122222,1076452,11,4328,25944,0,ok
16745233121213,994213,11,3995,23949,0,ok
16745233333313,1927180,11,7758,46542,0,ok
16753241221112,1352309,11,5438,32613,0,ok
17246351111111,2616763,11,10581,63464,0,ok
17265433111313,1710826,11,6873,41214,0,ok
17324561211323,1371486,11,5519,33093,0,ok
17324561232332,909910,11,3657,21927,0,ok
17326452212111,1246093,11,5001,29985,0,ok
17356241212313,1125296,11,4529,27149,0,ok
17356242211331,1696940,11,6831,40961,0,ok
17362451211311,1020672,11,4106,24622,0,ok
17362451231321,934553,11,3754,22509,0,ok
17362452213311,1170804,11,4703,28201,0,ok
17364251231231,947066,11,3795,22753,0,ok
17423653213232,916144,11,3679,22052,0,ok
17425631122112,1170798,11,4709,28235,0,ok
17425631223113,1061178,11,4267,25586,0,ok
17425631313113,1109185,11,4462,26753,0,ok
17425631322113,1478868,11,5951,35686,0,ok
17425631322332,1603556,11,6455,38710,0,ok
17425631323112,1121781,11,4509,27037,0,ok
17425631323223,1101553,11,4430,26566,0,ok
17425631332112,1120180,11,4504,27002,0,ok
17426531112233,1345642,11,5414,32476,0,ok
17426531121212,904847,11,3634,21786,0,ok
17426531132312,1240890,11,4988,29908,0,ok
17426531213123,1323684,11,5324,31926,0,ok
17426531223221,796484,11,3197,19152,0,ok
17426531232233,1810991,11,7291,43734,0,ok
17426531313131,1064930,11,4281,25663,0,ok
17426531331332,1019045,11,4092,24535,0,ok
17426532121211,806491,11,3239,19406,0,ok
17426532331331,835343,11,3355,20098,0,ok
17435622211133,1572029,11,6319,37899,0,ok
17435623211123,1540993,11,6194,37152,0,ok
17436521323232,1159118,11,4659,27947,0,ok
17452363213232,935608,11,3759,22536,0,ok
17452363322132,822646,11,3305,19807,0,ok
17452633213232,748777,11,2993,17944,0,ok
17453262211133,970787,11,3899,23366,0,ok
17462352213311,1374817,11,5533,33174,0,ok
17463251122112,1291756,11,5199,31176,0,ok
17463251221331,1039446,11,4178,25046,0,ok
17463251313113,1339437,11,5390,32318,0,ok
17463251321231,1115194,11,4487,26902,0,ok
17463251323112,1542826,11,6209,37242,0,ok
17463251331221,1093482,11,4394,26346,0,ok
17526431131121,1112705,11,4469,26804,0,ok
17526431231321,1199254,11,4823,28914,0,ok
17526432123233,1408808,11,5666,33987,0,ok
17543261111111,3108120,11,12560,75340,0,ok
17543261132111,1011269,11,4069,24386,0,ok
17642531111111,1239786,11,4997,29960,0,ok
17642531112233,1469386,11,5914,35465,0,ok
17642533312211,717220,11,2877,17248,0,ok
17643251122112,1109423,11,4456,26718,0,ok
21345671111111,1512395,11,6095,36543,0,ok
21345762223322,1321113,11,5300,31783,0,ok
21345762312323,1461282,11,5869,35198,0,ok
21345762313223,1275700,11,5123,30719,0,ok
21345763332233,991639,11,3979,23852,0,ok
21346752313322,1535206,11,6173,37022,0,ok
21347562312323,2038105,11,8202,49192,0,ok
21354671122112,950199,11,3821,22900,0,ok
21354671131313,996273,11,4001,23994,0,ok
21354671221112,615464,11,2467,14782,0,ok
21354672311123,1651168,11,6647,39871,0,ok
21354672311132,1699830,11,6847,41063,0,ok
21354672313211,3580658,11,14430,86567,0,ok
21354673131113,963892,11,3874,23225,0,ok
21354761112233,1434985,11,5775,34628,0,ok
21354761112311,1050531,11,4223,25321,0,ok
21354761113211,1446333,11,5821,34909,0,ok
21354761113322,1093146,11,4394,26346,0,ok
21354761122211,1103973,11,4438,26605,0,ok
21354761133311,932089,11,3745,22448,0,ok
21354762213311,1657427,11,6678,40048,0,ok
21354763312211,1202023,11,4830,28963,0,ok
21357462311111,1560383,11,6266,37575,0,ok
21357463213331,805733,11,3224,19321,0,ok
21357642221132,972561,11,3901,23386,0,ok
21364752311111,1396323,11,5606,33619,0,ok
21364753212212,702799,11,2813,16852,0,ok
21365742221312,791873,11,3177,19041,0,ok
21365742312323,1409885,11,5669,34001,0,ok
21367451311331,897686,11,3608,21629,0,ok
21367452112112,1029900,11,4138,24806,0,ok
21374653333121,899943,11,3607,21621,0,ok
21375462312233,972629,11,3905,23415,0,ok
21375463333211,1245561,11,5006,30026,0,ok
21376541111123,1123488,11,4517,27079,0,ok
21376541112311,1138371,11,4576,27444,0,ok
21376541122211,1161951,11,4668,27987,0,ok
21376541131133,1004690,11,4040,24217,0,ok
21457631321123,1660409,11,6682,40079,0,ok
21473563331312,1071002,11,4293,25749,0,ok
21536742222131,1222900,11,4906,29418,0,ok
21654372231323,1099862,11,4420,26510,0,ok
21654372233321,1042106,11,4187,25107,0,ok
21654373332122,1066418,11,4283,25674,0,ok
21654373332221,1109556,11,4458,26732,0,ok
21734652123131,766195,11,3081,18463,0,ok
23147562123131,1457982,11,5862,35163,0,ok
23147651112323,1062974,11,4275,25636,0,ok
23147652312323,865238,11,3473,20817,0,ok
23156471222132,818609,11,3285,19687,0,ok
23156471333132,1196933,11,4818,28884,0,ok
23156473323332,816660,11,3278,19651,0,ok
23157461231333,860119,11,3449,20673,0,ok
23157462131123,1546673,11,6217,37284,0,ok
23164573213133,713723,11,2859,17122,0,ok
23164752131312,1378075,11,5543,33247,0,ok
23164753333313,981701,11,3944,23646,0,ok
23165471111111,987210,11,3974,23823,0,ok
23165471311133,848604,11,3410,20437,0,ok
23165471312132,810705,11,3258,19526,0,ok
23165472111122,1007000,11,4047,24267,0,ok
23165472111332,834181,11,3353,20091,0,ok
23165472132332,1890315,11,7619,45690,0,ok
23165472311111,1065364,11,4285,25696,0,ok
23165473233221,1366585,11,5496,32959,0,ok
23165741112323,1132047,11,4549,27278,0,ok
23165741231312,981002,11,3932,23575,0,ok
23165742123131,1443112,11,5802,34803,0,ok
23165742131321,1763681,11,7086,42502,0,ok
23165742131333,2170321,11,8723,52332,0,ok
23165742312323,1304160,11,5237,31394,0,ok
23165743331312,1545104,11,6201,37191,0,ok
23167541233322,913232,11,3664,21971,0,ok
23167542131222,2226832,11,8980,53867,0,ok
23174652123131,1500071,11,6036,36202,0,ok
23175463211222,720648,11,2882,17278,0,ok
23176452132221,1253818,11,5035,30184,0,ok
23176453332233,878556,11,3523,21118,0,ok
23416752121211,1385958,11,5562,33360,0,ok
23417563232123,1063119,11,4274,25629,0,ok
23456173212332,1050263,11,4217,25289,0,ok
23456173233122,1200055,11,4825,28936,0,ok
23456713212332,1034990,11,4158,24920,0,ok
23475162121112,1546312,11,6210,37239,0,ok
23517462131333,1658145,11,6661,39953,0,ok
23576412233321,763062,11,3061,18344,0,ok
23576412312323,983720,11,3953,23699,0,ok
23657142121112,1236984,11,4965,29770,0,ok
23671452122333,1659321,11,6654,39910,0,ok
23674153232321,1040710,11,4187,25100,0,ok
23751461132123,1113201,11,4479,26852,0,ok
23751463112321,1101488,11,4433,26577,0,ok
23756143222331,952352,11,3819,22907,0,ok
23756411222312,1083627,11,4337,25998,0,ok
23756413222112,1320819,11,5294,31746,0,ok
23756413223312,1292891,11,5182,31071,0,ok
23756413322312,1069086,11,4272,25614,0,ok
24153672321233,1019702,11,4095,24548,0,ok
24157361313212,1008133,11,4054,24306,0,ok
24157362323111,1482591,11,5971,35813,0,ok
24167353132232,1333521,11,5345,32061,0,ok
24173652323231,957392,11,3851,23085,0,ok
24315673311311,1765319,11,7103,42609,0,ok
24315761122322,1091326,11,4383,26285,0,ok
24315762213323,2388257,11,9641,57829,0,ok
24351671212211,1243714,11,4999,29984,0,ok
24351673111133,1496084,11,6020,36115,0,ok
24351673311311,1716254,11,6907,41427,0,ok
24351761111123,3145004,11,12676,76042,0,ok
24351761212232,940705,11,3769,22599,0,ok
24367511323112,1264928,11,5085,30494,0,ok
24367513111121,1015780,11,4084,24483,0,ok
24376512222122,1311504,11,5261,31550,0,ok
24516732233111,1468921,11,5911,35445,0,ok
24531673123121,1332330,11,5352,32096,0,ok
24536713231232,950805,11,3811,22851,0,ok
24537613231322,1183804,11,4755,28512,0,ok
24561372111131,1554183,11,6262,37552,0,ok
24563711121212,1096635,11,4396,26364,0,ok
24563712121232,1299103,11,5213,31263,0,ok
24563713121222,1433539,11,5750,34488,0,ok
24571362221213,1693151,11,6806,40817,0,ok
24571631121212,967458,11,3878,23247,0,ok
24615371112332,1055233,11,4240,25419,0,ok
24615372213311,2650695,11,10668,63995,0,ok
24615731122313,2674832,11,10778,64663,0,ok
24615731132333,3559958,11,14352,86107,0,ok
24615732111323,1367680,11,5484,32896,0,ok
24615732213311,1431583,11,5751,34487,0,ok
24615732233321,1658046,11,6662,39956,0,ok
24615733113323,1398071,11,5609,33640,0,ok
24615733311122,1311498,11,5270,31602,0,ok
24617532233321,1993821,11,8029,48148,0,ok
24637512311132,1183968,11,4760,28536,0,ok
24651731113223,1178514,11,4735,28397,0,ok
24651731333333,1274504,11,5128,30759,0,ok
24715363311332,856959,11,3429,20559,0,ok
24715631111111,782830,11,3147,18871,0,ok
24715631122121,1003583,11,4028,24144,0,ok
24715631122133,1964062,11,7924,47523,0,ok
24715632313223,1108034,11,4455,26709,0,ok
24715633112111,704105,11,2826,16933,0,ok
24715633131131,1039138,11,4172,25009,0,ok
24716532323231,1028773,11,4120,24697,0,ok
24731561111111,3379499,11,13642,81840,0,ok
24731562311231,1071676,11,4308,25832,0,ok
24736512222332,2062987,11,8301,49794,0,ok
24751362221231,2009247,11,8078,48450,0,ok
24751362321113,1707201,11,6853,41097,0,ok
24761531221223,1444253,11,5800,34785,0,ok
24763151111111,791033,11,3182,19071,0,ok
24765313222112,961670,11,3852,23089,0,ok
25134672233321,926530,11,3724,22320,0,ok
25134672312323,1073959,11,4323,25923,0,ok
25134672313211,1405974,11,5669,34001,0,ok
25137461111111,1876800,11,7572,45414,0,ok
25137461211323,883856,11,3552,21282,0,ok
25163741112323,1318026,11,5305,31809,0,ok
25314673111313,2311870,11,9282,55669,0,ok
25314673111331,2179498,11,8745,52453,0,ok
25314673131311,1721585,11,6898,41371,0,ok
25341673113311,1634260,11,6568,39396,0,ok
25341762313223,1692532,11,6804,40804,0,ok
25364172311231,2093266,11,8429,50558,0,ok
25364173223231,1071629,11,4311,25844,0,ok
25367411211122,954679,11,3833,22974,0,ok
25413672323111,2695988,11,10866,65183,0,ok
25413763121222,930819,11,3733,22373,0,ok
25436711311313,1011128,11,4064,24366,0,ok
25436712123122,1072514,11,4314,25866,0,ok
25436712123332,1129764,11,4545,27246,0,ok
25436712132122,1242848,11,4996,29963,0,ok
25436712323231,863914,11,3472,20809,0,ok
25436713232321,845945,11,3396,20351,0,ok
25436713332122,874001,11,3505,21016,0,ok
25463713212332,825422,11,3300,19782,0,ok
25471362323132,1184493,11,4768,28591,0,ok
25471631312213,1769171,11,7117,42685,0,ok
25631741212121,1696099,11,6807,40827,0,ok
25634713321232,946893,11,3800,22775,0,ok
25641371213132,951350,11,3815,22872,0,ok
25714632123131,1256834,11,5054,30305,0,ok
25714632223331,1115848,11,4482,26878,0,ok
25714632313211,3743736,11,15097,90573,0,ok
25714633121333,1259989,11,5069,30400,0,ok
25716431212223,1324167,11,5320,31906,0,ok
25716433223213,897935,11,3601,21580,0,ok
25731642232211,1780533,11,7150,42878,0,ok
25734162221111,966863,11,3883,23271,0,ok
25734613113323,1145167,11,4597,27567,0,ok
25736141111123,1279860,11,5142,30836,0,ok
25736141233232,970155,11,3889,23324,0,ok
25736411133113,822981,11,3301,19784,0,ok
25736411231321,1020802,11,4099,24582,0,ok
25736411321312,1590465,11,6408,38430,0,ok
25736411331113,956145,11,3841,23024,0,ok
25736413123112,1052725,11,4230,25368,0,ok
25741361232113,1233624,11,4960,29741,0,ok
25741632222323,1175850,11,4727,28349,0,ok
25741632312323,1132196,11,4551,27294,0,ok
25743611233232,861121,11,3449,20675,0,ok
25763142223133,1321484,11,5310,31846,0,ok
25763411332322,1038978,11,4176,25039,0,ok
26135742132221,1440238,11,5790,34736,0,ok
26135742213323,1385510,11,5580,33457,0,ok
26135742332312,2049685,11,8259,49538,0,ok
26153471122121,861823,11,3459,20733,0,ok
26153473131131,1031321,11,4145,24851,0,ok
26153473132121,1046188,11,4203,25193,0,ok
26154372332213,2773608,11,11154,66906,0,ok
26175432331133,1457285,11,5854,35106,0,ok
26317451212211,2102800,11,8469,50802,0,ok
26345711223113,657905,11,2639,15810,0,ok
26371453112111,1084228,11,4360,26144,0,ok
26415731322323,1249685,11,5026,30144,0,ok
26415732121223,985421,11,3956,23727,0,ok
26415732233321,1168250,11,4692,28133,0,ok
26435712222122,2497863,11,10047,60271,0,ok
26435712233321,1183296,11,4748,28472,0,ok
26435712311132,1522928,11,6124,36726,0,ok
26435712322322,2468835,11,9932,59587,0,ok
26435713311122,1334638,11,5363,32157,0,ok
26435713333133,1133625,11,4546,27254,0,ok
26437512122312,1641060,11,6603,39608,0,ok
26453172211133,1688731,11,6796,40759,0,ok
26453711333333,906823,11,3639,21817,0,ok
26513471122121,987506,11,3965,23769,0,ok
26517343333313,1145464,11,4597,27560,0,ok
26534713333313,1267385,11,5094,30539,0,ok
26543171111111,971981,11,3915,23467,0,ok
26543171123111,728952,11,2928,17538,0,ok
26547313131323,987030,11,3955,23715,0,ok
26573413331312,998436,11,4005,23998,0,ok
26714531212133,2001370,11,8064,48372,0,ok
26714532121133,1010290,11,4053,24301,0,ok
26715433231322,904719,11,3631,21770,0,ok
26741351232113,1014087,11,4080,24451,0,ok
26743512121232,1388962,11,5577,33450,0,ok
27134561131133,1303471,11,5243,31436,0,ok
27154632311132,780720,11,3139,18811,0,ok
27314652313211,2909003,11,11762,70559,0,ok
27365412321212,1503877,11,6041,36231,0,ok
27415363131113,1141445,11,4579,27451,0,ok
27415632323231,1341916,11,5385,32290,0,ok
27415633321322,1304261,11,5236,31400,0,ok
27416532133232,913119,11,3667,21986,0,ok
27416533321232,1077539,11,4331,25966,0,ok
27435612122222,1612006,11,6490,38932,0,ok
27453161123111,878493,11,3533,21179,0,ok
27453161132111,837676,11,3360,20158,0,ok
27456133132223,1140183,11,4581,27470,0,ok
27516341111111,1286158,11,5190,31107,0,ok
27534161111111,1611698,11,6505,39007,0,ok
27534161111123,1193951,11,4799,28777,0,ok
27534162311111,1011341,11,4064,24369,0,ok
27534612311132,1274807,11,5125,30733,0,ok
27536412332312,2074070,11,8360,50146,0,ok
27543611111123,1119263,11,4496,26963,0,ok
27543611111132,904858,11,3639,21809,0,ok
27546312231122,1775335,11,7126,42737,0,ok
27613543333133,975004,11,3909,23425,0,ok
27614353311332,1034552,11,4146,24857,0,ok
27615431312333,1294985,11,5202,31198,0,ok
27615432113321,1589610,11,6396,38351,0,ok
27615433313213,806984,11,3239,19400,0,ok
27634511131133,998074,11,4011,24044,0,ok
27634512233321,1091529,11,4388,26310,0,ok
27643513311233,1602398,11,6434,38594,0,ok
31246753312211,1540482,11,6191,37134,0,ok
31247651113232,1078297,11,4335,26001,0,ok
31247651323232,987508,11,3964,23769,0,ok
31256471231222,755365,11,3023,18120,0,ok
31257462222221,1147524,11,4608,27638,0,ok
31257462312311,1657763,11,6670,40013,0,ok
31257643311122,1027846,11,4126,24740,0,ok
31264572122213,1112473,11,4474,26829,0,ok
31264573132313,718486,11,2882,17275,0,ok
31264573222223,701235,11,2811,16847,0,ok
31264752132122,872326,11,3495,20948,0,ok
31264752313121,2122629,11,8554,51314,0,ok
31265471111111,1085733,11,4370,26208,0,ok
31265471122112,1145162,11,4605,27613,0,ok
31265471122133,1220075,11,4910,29436,0,ok
31265471312213,1056128,11,4247,25465,0,ok
31265471313113,1019662,11,4099,24574,0,ok
31265471321111,803877,11,3228,19351,0,ok
31265472233321,1708031,11,6874,41232,0,ok
31265472312233,1115153,11,4487,26902,0,ok
31265741233331,956926,11,3836,22990,0,ok
31267542222233,1133388,11,4549,27274,0,ok
31267542313133,1890762,11,7610,45642,0,ok
31275461112233,1134153,11,4548,27266,0,ok
31275461322233,1189376,11,4768,28598,0,ok
31275462133211,1049008,11,4207,25217,0,ok
31275462223211,1071660,11,4297,25763,0,ok
31275462311213,2057188,11,8276,49655,0,ok
31275462312212,2071033,11,8334,49988,0,ok
31275463311122,1708350,11,6862,41154,0,ok
31276452133322,836594,11,3357,20128,0,ok
31276452313313,1988977,11,8008,48035,0,ok
31452671323211,1299451,11,5232,31377,0,ok
31452671332232,1057742,11,4255,25512,0,ok
31452672322331,936321,11,3761,22553,0,ok
31456722111221,1055064,11,4240,25421,0,ok
31462751111111,1647117,11,6643,39845,0,ok
31462751113322,1163384,11,4679,28061,0,ok
31475261322233,1218181,11,4895,29361,0,ok
31475262331313,2051325,11,8267,49592,0,ok
31475262333221,1225881,11,4927,29555,0,ok
31524673332122,1819675,11,7312,43862,0,ok
31527643332122,990637,11,3983,23875,0,ok
31564272212111,1251311,11,5026,30139,0,ok
31564272213311,1211215,11,4870,29203,0,ok
31564273113311,828009,11,3324,19921,0,ok
31572461122133,1400607,11,5642,33833,0,ok
31624751112233,1119244,11,4503,27004,0,ok
31624753312211,1407722,11,5672,34009,0,ok
31627452221333,1173731,11,4703,28200,0,ok
31654272313322,1355953,11,5446,32654,0,ok
31754621331122,1750205,11,7045,42254,0,ok
31765242322121,1308196,11,5250,31483,0,ok
32145671111111,2321985,11,9369,56202,0,ok
32145671123333,908031,11,3646,21856,0,ok
32145671132222,927037,11,3722,22318,0,ok
32145671221112,872849,11,3506,21015,0,ok
32145671333333,874867,11,3513,21063,0,ok
32145672113333,824299,11,3311,19848,0,ok
32145672212222,779059,11,3130,18763,0,ok
32145673112222,796887,11,3201,19185,0,ok
32145673311113,779488,11,3132,18769,0,ok
32146751232323,1253043,11,5038,30216,0,ok
32146752232223,1779251,11,7171,43004,0,ok
32147562313223,1110997,11,4467,26785,0,ok
32147562333233,2022665,11,8146,48855,0,ok
32147651123333,1081679,11,4328,25947,0,ok
32147651132222,1012628,11,4049,24270,0,ok
32147651213333,1079473,11,4316,25871,0,ok
32147651312222,953756,11,3811,22849,0,ok
32147652113333,955793,11,3821,22908,0,ok
32147652231332,1281211,11,5131,30768,0,ok
32147652233213,1689796,11,6774,40628,0,ok
32147652331322,1368565,11,5483,32875,0,ok
32147652332213,1715347,11,6878,41255,0,ok
32147653112222,996847,11,3985,23892,0,ok
32156471111111,1973736,11,7963,47769,0,ok
32156471113211,1702279,11,6858,41128,0,ok
32156471232332,1136572,11,4569,27393,0,ok
32156472312332,1036700,11,4165,24971,0,ok
32156472332132,1560526,11,6290,37723,0,ok
32156472332321,1167843,11,4694,28154,0,ok
32156472333332,1684489,11,6791,40731,0,ok
32156473223123,679547,11,2727,16333,0,ok
32156741112323,2313680,11,9329,55952,0,ok
32156742311123,1645107,11,6632,39779,0,ok
32156742313223,1879832,11,7575,45440,0,ok
32156742333131,1020610,11,4105,24604,0,ok
32157641232323,1465503,11,5901,35392,0,ok
32157642231323,1271160,11,5117,30683,0,ok
32164571111111,1053674,11,4241,25433,0,ok
32164571111231,854820,11,3434,20584,0,ok
32164571232323,1187491,11,4779,28651,0,ok
32164572232223,1331692,11,5361,32154,0,ok
32164572232313,1292313,11,5200,31184,0,ok
32164572233321,1313260,11,5285,31693,0,ok
32164572312323,1570075,11,6327,37939,0,ok
32164573323212,771116,11,3097,18556,0,ok
32165741111111,1262306,11,5078,30462,0,ok
32165741111132,875331,11,3514,21075,0,ok
32165741233223,1389539,11,5592,33534,0,ok
32165742211112,1072650,11,4310,25845,0,ok
32165742331112,1398281,11,5633,33771,0,ok
32165743311131,882121,11,3546,21244,0,ok
32167451111111,2157161,11,8703,52199,0,ok
32167451213333,797422,11,3198,19172,0,ok
32167451222222,871024,11,3501,20987,0,ok
32167451312222,742356,11,2982,17866,0,ok
32167451333111,723363,11,2905,17404,0,ok
32167452211121,799011,11,3211,19246,0,ok
32167453222313,674801,11,2710,16232,0,ok
32167453313333,772740,11,3103,18599,0,ok
32167453321232,790000,11,3175,19024,0,ok
32174561112323,1858627,11,7492,44940,0,ok
32174561232113,1601045,11,6446,38662,0,ok
32174561232233,1506106,11,6062,36363,0,ok
32174562231212,1121562,11,4513,27051,0,ok
32174652312332,1313741,11,5286,31706,0,ok
32174652332132,1034773,11,4158,24930,0,ok
32175461111111,2097401,11,8463,50760,0,ok
32175461113112,1760797,11,7092,42532,0,ok
32175461221112,763853,11,3067,18379,0,ok
32175461333111,757995,11,3045,18241,0,ok
32175462233111,1283780,11,5170,30997,0,ok
32175462312323,1464069,11,5887,35296,0,ok
32416753121222,1476785,11,5928,35558,0,ok
32417562113321,1343317,11,5392,32342,0,ok
32417652132131,1101620,11,4427,26553,0,ok
32417653132121,963488,11,3874,23220,0,ok
32451762331121,1052063,11,4233,25373,0,ok
32456173212332,718502,11,2874,17220,0,ok
32456711233133,1546042,11,6202,37194,0,ok
32465172112121,852349,11,3423,20511,0,ok
32465172132131,763673,11,3065,18364,0,ok
32465172133121,1147053,11,4610,27647,0,ok
32465172332321,1287432,11,5179,31064,0,ok
32465173123121,826880,11,3318,19887,0,ok
32465173132121,1191759,11,4794,28743,0,ok
32465173133111,914913,11,3674,22020,0,ok
32465173233221,891781,11,3579,21459,0,ok
32475161232323,1020433,11,4096,24550,0,ok
32475163331222,900691,11,3607,21616,0,ok
32476513232231,814470,11,3270,19604,0,ok
32517463131311,1701083,11,6833,40989,0,ok
32546713323212,869052,11,3486,20897,0,ok
32547611121113,1023566,11,4115,24682,0,ok
32547611131112,1037773,11,4178,25039,0,ok
32547611213111,932785,11,3748,22469,0,ok
32547611312111,956585,11,3844,23045,0,ok
32547612111311,1084118,11,4363,26158,0,ok
32547613111211,925850,11,3724,22324,0,ok
32561471113133,989453,11,3981,23859,0,ok
32561471121311,1174922,11,4729,28357,0,ok
32561471122211,937863,11,3771,22602,0,ok
32561471131211,900653,11,3619,21696,0,ok
32561471211131,1356292,11,5458,32729,0,ok
32561471311121,934779,11,3760,22532,0,ok
32561472133313,1665103,11,6717,40282,0,ok
32561472213122,1076554,11,4333,25974,0,ok
32561473222223,671352,11,2693,16143,0,ok
32561473323212,892220,11,3585,21491,0,ok
32567412122222,900601,11,3618,21678,0,ok
32567412131312,1669376,11,6716,40283,0,ok
32567412222212,1976224,11,7958,47721,0,ok
32567413131212,1607469,11,6475,38836,0,ok
32567413133333,1164344,11,4675,28034,0,ok
32576142313223,1217115,11,4896,29365,0,ok
32615473332122,865483,11,3476,20838,0,ok
32647152133121,1235563,11,4965,29771,0,ok
32647153132121,890375,11,3580,21464,0,ok
32647512333233,1461610,11,5874,35223,0,ok
32657143121213,1587558,11,6379,38262,0,ok
32657412111212,1394954,11,5605,33606,0,ok
32671453123313,1610013,11,6464,38779,0,ok
32674152113333,1957703,11,7869,47207,0,ok
32714652332132,1023612,11,4111,24641,0,ok
32716452123212,1496448,11,6010,36051,0,ok
32741651121311,1366154,11,5501,32986,0,ok
32741651131211,1098073,11,4419,26494,0,ok
32741651211131,1295825,11,5218,31295,0,ok
32741651311121,946315,11,3804,22811,0,ok
32741652111113,1065741,11,4286,25698,0,ok
32741653111112,1240490,11,4993,29946,0,ok
32745611223332,980544,11,3934,23586,0,ok
32745612313322,1982389,11,7986,47910,0,ok
32745612322331,949870,11,3811,22847,0,ok
32751643321232,824364,11,3306,19820,0,ok
32754163211123,876458,11,3522,21112,0,ok
32756141233121,1196117,11,4802,28798,0,ok
32761452121313,1642093,11,6616,39685,0,ok
32761452122222,969107,11,3890,23320,0,ok
32761452222212,888047,11,3563,21365,0,ok
32761453121312,2009397,11,8089,48522,0,ok
32761453133333,937216,11,3765,22566,0,ok
32765411112221,908898,11,3655,21909,0,ok
32765411121113,858247,11,3451,20683,0,ok
32765411131112,1128529,11,4542,27241,0,ok
32765411133113,912350,11,3669,21982,0,ok
32765411331113,720155,11,2890,17317,0,ok
32765412221312,1550018,11,6243,37445,0,ok
32765412323222,1256868,11,5057,30333,0,ok
32765413122212,1614154,11,6506,39020,0,ok
32765413223312,744755,11,2990,17920,0,ok
32765413231223,904880,11,3636,21796,0,ok
32765413322312,691293,11,2774,16612,0,ok
34125672131213,2026314,11,8174,49031,0,ok
34125672131312,2265341,11,9137,54814,0,ok
34125672221222,829851,11,3326,19942,0,ok
34125673133333,858261,11,3441,20629,0,ok
34127651121113,880266,11,3538,21208,0,ok
34127651131112,1071841,11,4313,25852,0,ok
34127651213111,1149862,11,4625,27730,0,ok
34127651312111,865475,11,3475,20830,0,ok
34127652111311,1061865,11,4270,25607,0,ok
34127653111211,877366,11,3528,21143,0,ok
34162752132212,1717186,11,6896,41359,0,ok
34165271112212,1144793,11,4606,27618,0,ok
34165271121311,988220,11,3971,23816,0,ok
34165271131211,1420509,11,5721,34310,0,ok
34165271211131,1208545,11,4862,29158,0,ok
34165271311121,914261,11,3678,22045,0,ok
34165271311133,919450,11,3700,22180,0,ok
34165272323333,1582593,11,6384,38284,0,ok
34165273133312,1568968,11,6317,37886,0,ok
34165273222322,596253,11,2391,14323,0,ok
34165273311131,680652,11,2733,16372,0,ok
34167252213323,1188252,11,4779,28650,0,ok
34172562132332,2288608,11,9225,55340,0,ok
34172562313331,946889,11,3796,22754,0,ok
34175263321232,740902,11,2972,17807,0,ok
34216572213122,1521064,11,6108,36638,0,ok
34261572132131,952220,11,3826,22935,0,ok
34261572133121,990231,11,3979,23859,0,ok
34261573123121,782576,11,3139,18812,0,ok
34265712212132,1351468,11,5422,32506,0,ok
34275161312213,1344682,11,5414,32463,0,ok
34275162112322,1706875,11,6875,41233,0,ok
34275162213221,1372953,11,5521,33110,0,ok
34516271111111,954895,11,3842,23039,0,ok
34516272312332,1064158,11,4275,25625,0,ok
34516722313223,1290469,11,5184,31089,0,ok
34517622231323,1017914,11,4086,24500,0,ok
34521672223232,1232532,11,4960,29739,0,ok
34526713232312,1113198,11,4479,26845,0,ok
34527612211322,1850421,11,7427,44540,0,ok
34527612231122,1783596,11,7157,42926,0,ok
34527612231332,1917826,11,7691,46138,0,ok
34527612331322,1893363,11,7593,45542,0,ok
34527613312133,973857,11,3890,23325,0,ok
34561272122123,1303909,11,5222,31317,0,ok
34561272122321,1416465,11,5674,34027,0,ok
34561272212213,2158586,11,8667,51995,0,ok
34561272213122,1112814,11,4452,26691,0,ok
34561272232211,2067379,11,8299,49784,0,ok
34561273221233,1133939,11,4535,27192,0,ok
34561273233131,1156882,11,4627,27740,0,ok
34561273311233,1074200,11,4295,25753,0,ok
34561273313321,1060397,11,4238,25410,0,ok
34561273321133,1011857,11,4046,24247,0,ok
34561273321223,1154158,11,4619,27690,0,ok
34561721111111,1127292,11,4537,27209,0,ok
34562171321111,833915,11,3348,20064,0,ok
34562171321231,1019924,11,4101,24582,0,ok
34562172232313,1066578,11,4283,25685,0,ok
34567212223232,1391496,11,5600,33586,0,ok
34617252111212,1273801,11,5116,30671,0,ok
34617252123212,1467307,11,5894,35343,0,ok
34617252132212,1354905,11,5436,32598,0,ok
34617522221333,1090666,11,4375,26227,0,ok
34621572132131,849676,11,3405,20414,0,ok
34625172111212,1931759,11,7776,46638,0,ok
34627512232313,1126150,11,4534,27179,0,ok
34651271123111,1907155,11,7690,46122,0,ok
34651272332132,1155482,11,4647,27864,0,ok
34675212222122,1801967,11,7242,43444,0,ok
34715262221123,1177150,11,4716,28275,0,ok
34716522223211,1782646,11,7172,43023,0,ok
34721652121313,1465283,11,5887,35308,0,ok
34721652131213,1183479,11,4757,28526,0,ok
34721652221222,1780560,11,7164,42973,0,ok
34721652222212,1603870,11,6454,38711,0,ok
34721653333313,906791,11,3639,21810,0,ok
34725611212211,979778,11,3938,23611,0,ok
34725612111113,903550,11,3632,21775,0,ok
34725612121322,2488528,11,10050,60288,0,ok
34725612231212,1718301,11,6928,41552,0,ok
34725612231332,1633053,11,6578,39462,0,ok
34725612322232,736564,11,2959,17723,0,ok
34725612331322,1602947,11,6455,38716,0,ok
34725613111112,1015813,11,4083,24483,0,ok
34725613111133,1403525,11,5655,33916,0,ok
34725613132223,1208330,11,4865,29167,0,ok
34725613311113,1041899,11,4191,25127,0,ok
34761252323222,702084,11,2819,16883,0,ok
35126741232212,1015234,11,4071,24410,0,ok
35126742231233,1439096,11,5782,34682,0,ok
35127462331331,1837453,11,7383,44284,0,ok
35162472122231,881637,11,3541,21231,0,ok
35162472123233,1128448,11,4537,27207,0,ok
35162473122221,961710,11,3863,23166,0,ok
35162473323131,907148,11,3643,21839,0,ok
35162473332122,1154719,11,4643,27835,0,ok
35162473332131,1253558,11,5043,30240,0,ok
35162742213323,1284342,11,5163,30957,0,ok
35167242132212,1315793,11,5282,31674,0,ok
35172461232323,1168648,11,4688,28120,0,ok
35174262213131,1152158,11,4624,27729,0,ok
35174262231113,1574124,11,6332,37978,0,ok
35246171111111,1199939,11,4839,29009,0,ok
35246171113322,891886,11,3584,21483,0,ok
35246172213311,1159345,11,4664,27973,0,ok
35267141223233,1342776,11,5407,32426,0,ok
35267141321132,2197934,11,8850,53084,0,ok
35271461322233,888976,11,3567,21386,0,ok
35416721113112,1096957,11,4410,26445,0,ok
35416723232213,1045326,11,4198,25178,0,ok
35417622223133,1381704,11,5551,33284,0,ok
35426712131132,1474485,11,5930,35564,0,ok
35426712311312,2207767,11,8909,53433,0,ok
35426713111313,1370812,11,5517,33081,0,ok
35426713131113,1065939,11,4284,25679,0,ok
35426713312211,1099115,11,4417,26480,0,ok
35461271111231,1180589,11,4745,28452,0,ok
35461271321231,793211,11,3184,19083,0,ok
35461272222323,1079691,11,4346,26051,0,ok
35462171131313,774913,11,3111,18652,0,ok
35462171212121,808285,11,3247,19458,0,ok
35462171221223,778156,11,3121,18708,0,ok
35462171332331,1110055,11,4464,26762,0,ok
35462172213311,1119704,11,4502,26993,0,ok
35462172223331,1012141,11,4068,24389,0,ok
35462172312131,1838869,11,7417,44484,0,ok
35462173123211,998593,11,4012,24051,0,ok
35462173131311,907230,11,3644,21840,0,ok
35462173221221,835689,11,3350,20083,0,ok
35462712322322,1190243,11,4779,28656,0,ok
35472163222313,727615,11,2920,17497,0,ok
35472163231322,845895,11,3396,20355,0,ok
35476122221111,1097175,11,4411,26441,0,ok
35614722321233,1056186,11,4242,25432,0,ok
35617423131332,851981,11,3416,20483,0,ok
35624712121232,1696228,11,6810,40844,0,ok
35624712321212,1909767,11,7664,45978,0,ok
35624712321332,1785301,11,7164,42960,0,ok
35624712331232,1624152,11,6513,39064,0,ok
35714623111322,916471,11,3674,22028,0,ok
35721642221213,1753303,11,7039,42216,0,ok
35762142222113,1163553,11,4669,28004,0,ok
36125471111333,809532,11,3253,19504,0,ok
36125471212112,1407449,11,5663,33953,0,ok
36125471213111,1263471,11,5091,30525,0,ok
36125471222111,1085176,11,4360,26138,0,ok
36125471312111,1009199,11,4057,24333,0,ok
36125472111311,1413650,11,5698,34167,0,ok
36125472121223,1195053,11,4809,28835,0,ok
36125473111211,934995,11,3757,22533,0,ok
36125473232222,1391486,11,5606,33616,0,ok
36125473323233,887710,11,3568,21390,0,ok
36125743222331,1575306,11,6325,37938,0,ok
36127451333222,1044589,11,4196,25162,0,ok
36145272122222,1158347,11,4655,27908,0,ok
36145272131213,2201944,11,8865,53169,0,ok
36145272131312,1644798,11,6623,39723,0,ok
36145273333313,1136417,11,4563,27364,0,ok
36147251121311,863135,11,3467,20788,0,ok
36147251131211,1443826,11,5819,34895,0,ok
36147251211131,1071023,11,4307,25830,0,ok
36147251311121,1123575,11,4522,27118,0,ok
36147252111113,1270039,11,5112,30652,0,ok
36147253111112,923775,11,3714,22261,0,ok
36152741231312,1200056,11,4810,28855,0,ok
36152742131321,1481894,11,5959,35739,0,ok
36172452133133,1778559,11,7150,42883,0,ok
36217452131333,1326575,11,5324,31927,0,ok
36217541223311,771192,11,3098,18561,0,ok
36217543213112,980846,11,3943,23636,0,ok
36241573212332,946504,11,3797,22764,0,ok
36241753212311,1101461,11,4431,26560,0,ok
36415272123212,1120224,11,4498,26964,0,ok
36417522123311,1265937,11,5088,30513,0,ok
36514272212111,1668615,11,6715,40274,0,ok
36521472113321,1179557,11,4739,28422,0,ok
36521472331121,1571785,11,6323,37922,0,ok
36527411131133,711803,11,2855,17118,0,ok
36527412111113,790316,11,3172,19017,0,ok
36527412131222,1618715,11,6517,39089,0,ok
36527412211322,1741313,11,7016,42083,0,ok
36527412221312,2449216,11,9890,59327,0,ok
36527412231122,1546769,11,6232,37377,0,ok
36527412322232,819506,11,3291,19729,0,ok
36527413111112,1097723,11,4416,26475,0,ok
36527413311311,646265,11,2594,15530,0,ok
36541272323222,747510,11,3001,17980,0,ok
36542712121322,1154436,11,4634,27786,0,ok
36547212121313,1608370,11,6477,38851,0,ok
36547212122222,2241163,11,9038,54207,0,ok
36547212131312,1226944,11,4932,29568,0,ok
36547212221222,1533909,11,6174,37023,0,ok
36547213331333,955976,11,3835,22990,0,ok
36712542121112,1255056,11,5028,30151,0,ok
36712542121121,1419681,11,5697,34162,0,ok
36712542121211,1406441,11,5640,33816,0,ok
36712542122111,1023319,11,4093,24535,0,ok
36714252232223,835127,11,3356,20114,0,ok
36714521232113,1213448,11,4876,29248,0,ok
36714522121322,1663757,11,6699,40185,0,ok
36714522122213,1223228,11,4920,29505,0,ok
36714523132223,964125,11,3872,23207,0,ok
36714523132322,789230,11,3169,18988,0,ok
36721451131331,923968,11,3712,22261,0,ok
36721452121322,965541,11,3881,23268,0,ok
36721452122123,807206,11,3242,19428,0,ok
36721452122213,1221791,11,4920,29498,0,ok
36721452122321,839429,11,3369,20197,0,ok
36721452131111,1420778,11,5725,34331,0,ok
36721452223232,1305733,11,5261,31546,0,ok
36721453113113,914092,11,3672,22014,0,ok
36721453121111,1277439,11,5137,30812,0,ok
36725411121212,1196672,11,4792,28733,0,ok
36725411131313,800154,11,3196,19157,0,ok
36725411212121,973295,11,3892,23333,0,ok
36725411313131,1237365,11,4953,29700,0,ok
36725412111212,2956214,11,11886,71294,0,ok
36725412121112,2892869,11,11635,69791,0,ok
36725412121211,886678,11,3545,21242,0,ok
36725412121232,1829503,11,7341,44021,0,ok
36725412123212,1281541,11,5132,30767,0,ok
36725412321212,2999424,11,12062,72359,0,ok
36725413111313,1656655,11,6639,39816,0,ok
36725413131113,1458588,11,5844,35048,0,ok
36725413131311,932105,11,3722,22320,0,ok
36741252122123,1221978,11,4890,29317,0,ok
36741252122321,1776473,11,7132,42767,0,ok
36741252122333,1204145,11,4821,28904,0,ok
36741252123323,1324033,11,5302,31790,0,ok
36741253233131,1229679,11,4924,29525,0,ok
36745211211221,731202,11,2937,17596,0,ok
36745212121223,901161,11,3621,21704,0,ok
36745212122312,1037234,11,4167,24992,0,ok
36745212122333,955092,11,3841,23032,0,ok
36745212123323,906292,11,3641,21830,0,ok
36745212131111,1235538,11,4976,29836,0,ok
36745212223232,1575338,11,6351,38088,0,ok
36745213121111,1104617,11,4444,26644,0,ok
36745213131131,812564,11,3267,19579,0,ok
36745213133111,875884,11,3520,21094,0,ok
36745213232213,837627,11,3366,20176,0,ok
36751243222322,857676,11,3442,20641,0,ok
36752142122132,1323210,11,5323,31919,0,ok
36752142123221,961717,11,3865,23175,0,ok
36752143132232,998591,11,4015,24072,0,ok
36752143133222,809025,11,3241,19429,0,ok
36752143211132,1097434,11,4411,26446,0,ok
36754123232222,1335231,11,5350,32085,0,ok
37246511112233,992063,11,3986,23906,0,ok
37256142321233,1311699,11,5276,31637,0,ok
37415622333221,1406464,11,5654,33909,0,ok
37426513132313,954374,11,3819,22893,0,ok
37452162323312,1028715,11,4132,24770,0,ok
37516422333311,1900625,11,7660,45947,0,ok
37561241311112,983654,11,3955,23712,0,ok
37612453122233,897885,11,3603,21599,0,ok
37612542221111,1434007,11,5773,34615,0,ok
37614252221123,958834,11,3841,23017,0,ok
37614521111111,914959,11,3681,22067,0,ok
37614521323232,945016,11,3801,22786,0,ok
37614522111221,897600,11,3606,21618,0,ok
37614522113321,1385297,11,5577,33449,0,ok
37614522313322,932685,11,3748,22466,0,ok
37614522323312,792376,11,3182,19068,0,ok
37614523232213,967582,11,3888,23310,0,ok
37615421113322,1132885,11,4542,27235,0,ok
37615422211133,1628413,11,6549,39277,0,ok
37615422223133,1391587,11,5586,33505,0,ok
37615422313121,1316759,11,5290,31723,0,ok
37615422313331,1219659,11,4895,29356,0,ok
37615423121132,918864,11,3682,22075,0,ok
37624152311213,1292945,11,5192,31134,0,ok
37624511232233,1180297,11,4743,28443,0,ok
37624512121322,2062991,11,8309,49842,0,ok
37624512231212,1482759,11,5969,35802,0,ok
37624513131323,1090950,11,4384,26289,0,ok
37624513231313,1071440,11,4304,25811,0,ok
37641252222323,1616364,11,6513,39059,0,ok
37642152213311,1647870,11,6633,39774,0,ok
37642513122221,909127,11,3641,21830,0,ok
37645122312221,749043,11,3006,18008,0,ok
37651242211133,1844231,11,7424,44522,0,ok
37651422312311,1364735,11,5487,32904,0,ok
37652141113232,1093045,11,4399,26376,0,ok
37652143231322,844708,11,3392,20329,0,ok
37654212311222,1451852,11,5840,35025,0,ok
41236753232321,1205372,11,4850,29085,0,ok
41237561313131,1309636,11,5256,31521,0,ok
41263751312222,1469651,11,5897,35372,0,ok
41325671212211,1152634,11,4636,27797,0,ok
41325762313223,2207584,11,8902,53397,0,ok
41325763131233,981447,11,3942,23631,0,ok
41352671212112,1342055,11,5377,32241,0,ok
41352671212121,1354690,11,5430,32562,0,ok
41352671222111,1014927,11,4058,24336,0,ok
41357622313112,2043424,11,8249,49476,0,ok
41367253111133,1300726,11,5232,31367,0,ok
41532672313211,2237453,11,9023,54129,0,ok
41532761233133,1189316,11,4770,28606,0,ok
41563273113311,1140306,11,4583,27480,0,ok
41576322212222,1045010,11,4192,25141,0,ok
41625372313211,3290524,11,13264,79578,0,ok
41625373121213,1625347,11,6546,39263,0,ok
41625731222231,767573,11,3067,18387,0,ok
41635721212121,1523584,11,6113,36663,0,ok
41657321222312,1049531,11,4208,25231,0,ok
41673252212222,1094323,11,4390,26321,0,ok
41673521111111,930423,11,3744,22452,0,ok
41723562313211,2401961,11,9692,58142,0,ok
41725361232113,1330080,11,5347,32061,0,ok
41725361321213,1196430,11,4799,28772,0,ok
41725362221213,1104791,11,4430,26569,0,ok
41725362313211,1513794,11,6090,36521,0,ok
41725362313223,2030464,11,8170,49004,0,ok
41725363121222,1076022,11,4316,25879,0,ok
41725363121231,1255751,11,5042,30236,0,ok
41725631111111,1017666,11,4092,24542,0,ok
41725631211122,961092,11,3858,23131,0,ok
41725632322331,730438,11,2928,17549,0,ok
41725633111133,1326394,11,5341,32029,0,ok
41725633121123,1352771,11,5447,32660,0,ok
41725633211111,914169,11,3671,22015,0,ok
41726352313322,1546055,11,6227,37346,0,ok
41726532312233,1091255,11,4378,26247,0,ok
41735261323313,1453289,11,5842,35039,0,ok
41735262312233,1594402,11,6417,38495,0,ok
41735263123223,782532,11,3137,18809,0,ok
41735621233232,831074,11,3329,19947,0,ok
41735622313322,2187265,11,8810,52849,0,ok
41736521233232,1178034,11,4727,28350,0,ok
41736522332231,1023577,11,4114,24666,0,ok
41752631222123,1541780,11,6213,37257,0,ok
41752632311123,1296840,11,5217,31284,0,ok
41752632312323,1108816,11,4458,26735,0,ok
41752632313211,4405741,11,17772,106613,0,ok
41756231321213,1494662,11,6005,36018,0,ok
41756233121231,1007438,11,4042,24231,0,ok
41762532221333,1014679,11,4068,24393,0,ok
41762533123331,924382,11,3707,22219,0,ok
41765231233232,954915,11,3829,22961,0,ok
41765322221312,1071422,11,4303,25802,0,ok
41765322313211,1876395,11,7556,45316,0,ok
41765323122212,1297744,11,5221,31319,0,ok
42136752131312,1128008,11,4525,27132,0,ok
42137561123333,1178917,11,4728,28349,0,ok
42137653122131,1184013,11,4762,28556,0,ok
42137653132121,996572,11,4009,24031,0,ok
42157633231322,1122583,11,4506,27025,0,ok
42163751121212,1373557,11,5513,33060,0,ok
42165373223123,628594,11,2521,15102,0,ok
42167532131333,1397814,11,5610,33645,0,ok
42315673112111,1166641,11,4693,28140,0,ok
42351671212211,980398,11,3938,23609,0,ok
42351763231133,1451484,11,5829,34953,0,ok
42367153111121,911559,11,3667,21979,0,ok
42367153211123,1047324,11,4215,25272,0,ok
42516372233111,1337361,11,5379,32264,0,ok
42561733323122,859768,11,3454,20701,0,ok
42573612323231,823526,11,3303,19793,0,ok
42573613322231,1030272,11,4140,24821,0,ok
42613572313211,1305240,11,5251,31493,0,ok
42615371313332,1385888,11,5560,33343,0,ok
42615372213311,1534681,11,6165,36974,0,ok
42615372221213,1594199,11,6410,38443,0,ok
42615372313211,1229313,11,4940,29630,0,ok
42651372213311,996869,11,4003,24000,0,ok
42651733311122,1060785,11,4260,25541,0,ok
42673512232133,1192962,11,4795,28746,0,ok
42751632321233,1459622,11,5870,35208,0,ok
42751632323231,1049599,11,4220,25299,0,ok
43126572133313,1114810,11,4473,26816,0,ok
43167251232212,1036529,11,4154,24902,0,ok
43176252123131,1444012,11,5821,34902,0,ok
43176252311132,1094870,11,4408,26427,0,ok
43216573132121,957818,11,3846,23060,0,ok
43216573132223,1011482,11,4064,24368,0,ok
43216573212311,1026487,11,4125,24735,0,ok
43216573212332,1507757,11,6058,36334,0,ok
43512671313332,1251356,11,5028,30148,0,ok
43527612312323,1026027,11,4127,24739,0,ok
43561271111111,1052619,11,4240,25424,0,ok
43571262122222,838070,11,3356,20115,0,ok
43572161111111,1310622,11,5280,31664,0,ok
43572612312323,1412292,11,5682,34079,0,ok
43576211123222,1316374,11,5290,31728,0,ok
43576212112232,1084259,11,4348,26079,0,ok
43615271333312,1107863,11,4451,26688,0,ok
43615272113321,1100268,11,4425,26521,0,ok
43617521223221,1277753,11,5123,30723,0,ok
43621752213323,1169901,11,4696,28152,0,ok
43651722323132,930766,11,3742,22423,0,ok
43675122222122,1401304,11,5621,33712,0,ok
43675211221331,792932,11,3174,19018,0,ok
43721653231313,1018311,11,4082,24473,0,ok
43751623123313,1337056,11,5368,32201,0,ok
43765212222122,1649636,11,6625,39745,0,ok
45167323322231,886744,11,3560,21341,0,ok
45176231131313,2456605,11,9865,59167,0,ok
45176231133113,2521467,11,10125,60727,0,ok
45176231331113,2398508,11,9626,57736,0,ok
45176233131113,2879119,11,11566,69376,0,ok
45176321131133,1620803,11,6512,39060,0,ok
45213672221123,1639145,11,6592,39528,0,ok
45273162222122,919066,11,3680,22056,0,ok
45276131131133,1321418,11,5309,31845,0,ok
45312671222312,888743,11,3571,21399,0,ok
45312672223331,1345318,11,5412,32457,0,ok
45312672233321,1170350,11,4709,28235,0,ok
45312672313211,3000362,11,12090,72525,0,ok
45312673132313,1500066,11,6034,36187,0,ok
45312673222112,899458,11,3610,21643,0,ok
45312673231313,1176755,11,4730,28360,0,ok
45312761113211,1327898,11,5339,32021,0,ok
45312761133311,831366,11,3339,20012,0,ok
45312762221111,1171468,11,4711,28248,0,ok
45312762311111,1445166,11,5817,34887,0,ok
45321671212211,1221528,11,4913,29471,0,ok
45321671221121,941740,11,3784,22678,0,ok
45321673113311,1873963,11,7546,45255,0,ok
45327612222323,1039761,11,4176,25034,0,ok
45362712122222,1519662,11,6107,36626,0,ok
45367122223133,1631612,11,6563,39364,0,ok
45367211111132,1546321,11,6226,37346,0,ok
45367211211122,1385699,11,5577,33450,0,ok
45367213111133,1129793,11,4545,27250,0,ok
45376121131133,1467401,11,5898,35370,0,ok
45376121331311,1370947,11,5510,33049,0,ok
45376211333123,923277,11,3703,22203,0,ok
45376213131323,1256623,11,5050,30286,0,ok
45376213333322,1085151,11,4364,26166,0,ok
45612371133221,1050225,11,4219,25291,0,ok
45612372331121,1391737,11,5604,33599,0,ok
45612373112231,1247950,11,5022,30114,0,ok
45612373132121,1059493,11,4259,25541,0,ok
45612373132223,963402,11,3872,23211,0,ok
45612373322111,913599,11,3674,22020,0,ok
45612373332122,1107345,11,4453,26703,0,ok
45612373332221,940877,11,3779,22656,0,ok
45613271331221,806815,11,3230,19354,0,ok
45613272233111,1195038,11,4794,28749,0,ok
45621373123331,981925,11,3934,23589,0,ok
45621373211111,1761074,11,7076,42442,0,ok
45621732212123,940590,11,3772,22620,0,ok
45621732233333,2234456,11,9008,54045,0,ok
45623712332123,1335353,11,5378,32257,0,ok
45623713322321,692728,11,2782,16666,0,ok
45637123132121,915883,11,3677,22048,0,ok
45637123332122,783582,11,3148,18866,0,ok
45671231132231,709394,11,2846,17060,0,ok
45671233112132,1173467,11,4724,28316,0,ok
45673212212132,844655,11,3380,20264,0,ok
45673213211222,1381772,11,5552,33303,0,ok
45713623223132,950831,11,3822,22919,0,ok
45721363321313,1045545,11,4203,25192,0,ok
45721363322231,894236,11,3590,21522,0,ok
45732612233321,817338,11,3281,19669,0,ok
45736121122211,1221619,11,4907,29429,0,ok
46123571111111,976941,11,3936,23595,0,ok
46123573232123,1678390,11,6757,40532,0,ok
46125731333123,1144660,11,4593,27539,0,ok
46127351131313,972935,11,3901,23378,0,ok
46127352131333,1704798,11,6844,41050,0,ok
46127353131323,1504809,11,6037,36205,0,ok
46135272133313,1633705,11,6570,39400,0,ok
46153273131131,1235212,11,4957,29731,0,ok
46157233333232,986324,11,3962,23757,0,ok
46157321331233,985878,11,3950,23685,0,ok
46215372121223,1082145,11,4348,26069,0,ok
46215372313211,1787345,11,7201,43186,0,ok
46257132211133,1393784,11,5599,33583,0,ok
46257313312211,2442598,11,9827,58946,0,ok
46273512122312,1222940,11,4918,29498,0,ok
46273513221212,1010717,11,4059,24338,0,ok
46275311123222,1327525,11,5332,31979,0,ok
46275312112232,1134886,11,4549,27278,0,ok
46275312132212,1038764,11,4163,24958,0,ok
46275312232133,1535173,11,6177,37041,0,ok
46275312313211,1284384,11,5164,30968,0,ok
46275313121222,1281172,11,5143,30847,0,ok
46275313312211,1648872,11,6625,39728,0,ok
46321752111131,1589410,11,6400,38383,0,ok
46352171211233,1084244,11,4363,26160,0,ok
46352172113231,990550,11,3985,23892,0,ok
46372511221331,997973,11,3996,23956,0,ok
46375211211332,1368067,11,5507,33022,0,ok
46375212113111,1684028,11,6781,40677,0,ok
46375212132131,692499,11,2778,16648,0,ok
46375212132221,874712,11,3509,21038,0,ok
46375212332222,1354361,11,5455,32712,0,ok
46375213112111,1880281,11,7575,45432,0,ok
46375213123121,888667,11,3566,21378,0,ok
46375213333121,877477,11,3523,21117,0,ok
46512371331221,861058,11,3442,20638,0,ok
46512372113321,1242354,11,4991,29922,0,ok
46513272332111,897897,11,3604,21600,0,ok
46513273113221,841928,11,3380,20263,0,ok
46523711331332,1312311,11,5266,31579,0,ok
46527133111121,958346,11,3853,23097,0,ok
46572311223122,1601857,11,6445,38654,0,ok
46572312132122,1444290,11,5812,34855,0,ok
46721533123313,1120218,11,4494,26941,0,ok
47123562232133,1606857,11,6468,38787,0,ok
47123651233232,1147828,11,4615,27664,0,ok
47126351233232,1263699,11,5068,30392,0,ok
47126532133133,2314816,11,9329,55964,0,ok
47132562311111,1139939,11,4584,27480,0,ok
47132563222331,1190568,11,4775,28635,0,ok
47132652233321,1340040,11,5389,32318,0,ok
47135622132332,969586,11,3893,23347,0,ok
47136252133112,1906502,11,7667,45987,0,ok
47152361233232,1113572,11,4474,26834,0,ok
47152631322131,968753,11,3887,23293,0,ok
47156231332313,1844039,11,7424,44539,0,ok
47156233211132,1137841,11,4575,27430,0,ok
47156233223312,1059414,11,4253,25506,0,ok
47156233233113,1672054,11,6726,40345,0,ok
47156233322312,1057011,11,4244,25452,0,ok
47156321111111,914054,11,3678,22051,0,ok
47156321133311,1414910,11,5696,34153,0,ok
47156322132311,1140242,11,4585,27495,0,ok
47156322313232,701318,11,2814,16857,0,ok
47156322332132,738706,11,2963,17751,0,ok
47156322332312,1852343,11,7466,44780,0,ok
47156323223123,870411,11,3494,20934,0,ok
47162351322122,1025796,11,4120,24704,0,ok
47163522131222,1054542,11,4238,25406,0,ok
47165321232113,1004981,11,4034,24180,0,ok
47165321322131,1702032,11,6830,40959,0,ok
47165322132212,2540015,11,10232,61381,0,ok
47165322133112,2784920,11,11222,67319,0,ok
47165322232133,1335628,11,5369,32190,0,ok
47165322313211,1037771,11,4168,24992,0,ok
47216352131333,1525092,11,6124,36736,0,ok
47251363131113,1052275,11,4215,25271,0,ok
47251632131312,1328883,11,5337,32006,0,ok
47256133212311,911901,11,3660,21941,0,ok
47256133321232,869503,11,3494,20940,0,ok
47265312122222,1961908,11,7908,47435,0,ok
47265312131312,902671,11,3622,21722,0,ok
47265312313211,2798540,11,11271,67611,0,ok
47321651311133,1207178,11,4855,29111,0,ok
47352612123131,897124,11,3608,21629,0,ok
47352612311132,858637,11,3450,20684,0,ok
47352612313211,2010304,11,8102,48600,0,ok
47512632312323,947795,11,3808,22834,0,ok
47621532232331,710929,11,2854,17104,0,ok
47621533231121,1209753,11,4872,29205,0,ok
47632152233321,880333,11,3536,21196,0,ok
47632153212311,954817,11,3837,22999,0,ok
47632153232321,1284728,11,5172,31012,0,ok
47632513212332,1640456,11,6594,39546,0,ok
47652132231323,1224001,11,4921,29513,0,ok
47653213211231,1292621,11,5198,31169,0,ok
47653213232111,1052067,11,4234,25382,0,ok
51264731113322,739865,11,2967,17777,0,ok
51264732213311,972956,11,3910,23441,0,ok
51267342312233,1449397,11,5820,34909,0,ok
51324671211122,927665,11,3725,22331,0,ok
51324672212111,1159867,11,4658,27935,0,ok
51324673113311,1253784,11,5039,30213,0,ok
51324761111123,1123768,11,4511,27045,0,ok
51324763113332,884559,11,3544,21242,0,ok
51342672212111,1333388,11,5367,32183,0,ok
51342763312223,4900912,11,19797,118767,0,ok
51367241211113,981144,11,3946,23662,0,ok
51423671221331,1068899,11,4293,25740,0,ok
51426731111111,1391517,11,5613,33656,0,ok
51426733312211,961769,11,3863,23161,0,ok
51472361131313,1120802,11,4497,26964,0,ok
51472633331312,1280024,11,5138,30816,0,ok
51623471321111,863258,11,3471,20799,0,ok
51623743313321,1191226,11,4779,28658,0,ok
51624731312123,1231831,11,4948,29664,0,ok
51624733323113,2021789,11,8133,48796,0,ok
51632741323232,964644,11,3878,23248,0,ok
51642371122313,1323134,11,5315,31875,0,ok
51642731113322,1478911,11,5942,35641,0,ok
51647231113232,902161,11,3627,21751,0,ok
51723643131311,1139431,11,4573,27415,0,ok
51724362122222,821458,11,3299,19774,0,ok
51724363121213,1174201,11,4723,28324,0,ok
51726433123313,1106722,11,4437,26608,0,ok
51732643121213,1196836,11,4803,28799,0,ok
51742632323231,907246,11,3639,21817,0,ok
51742632323333,1077238,11,4328,25950,0,ok
52134761232113,1196581,11,4815,28877,0,ok
52147631121311,1123591,11,4519,27102,0,ok
52147631131211,1159899,11,4666,27984,0,ok
52147631211131,991226,11,3988,23908,0,ok
52147631311121,1187384,11,4780,28671,0,ok
52147632111113,1120040,11,4508,27022,0,ok
52147633111112,1205493,11,4849,29086,0,ok
52163471112122,833561,11,3352,20085,0,ok
52163471213111,974362,11,3918,23493,0,ok
52163471312111,1499231,11,6046,36262,0,ok
52163471333123,929631,11,3737,22405,0,ok
52163472111311,949175,11,3817,22885,0,ok
52163472131222,962324,11,3870,23189,0,ok
52163473111211,1256601,11,5061,30349,0,ok
52163473111331,900420,11,3617,21684,0,ok
52163473221323,953786,11,3836,22993,0,ok
52163473323332,1304137,11,5242,31430,0,ok
52167342121232,874895,11,3504,21006,0,ok
52167432121313,1431068,11,5755,34510,0,ok
52167432122222,1265606,11,5084,30490,0,ok
52167432131213,1102944,11,4430,26556,0,ok
52167433133333,1821504,11,7335,43998,0,ok
52167433331333,1764414,11,7107,42631,0,ok
52174633223123,1020951,11,4091,24530,0,ok
52314673311311,1727097,11,6944,41658,0,ok
52314761322122,880931,11,3529,21156,0,ok
52341671111111,3063043,11,12343,74048,0,ok
52341671122211,892989,11,3587,21503,0,ok
52341671311313,835721,11,3359,20128,0,ok
52341672211112,1295624,11,5216,31289,0,ok
52341672232313,1066592,11,4291,25728,0,ok
52341672323222,1204155,11,4846,29052,0,ok
52341672323312,971771,11,3902,23393,0,ok
52341673133111,1067465,11,4294,25741,0,ok
52341673232213,726471,11,2918,17484,0,ok
52341673232333,963207,11,3875,23233,0,ok
52341673323212,1534408,11,6177,37037,0,ok
52361472121313,1522775,11,6117,36691,0,ok
52361472131312,1088063,11,4366,26187,0,ok
52367142211121,1396499,11,5618,33687,0,ok
52367412322232,1210183,11,4873,29218,0,ok
52374161112323,1058597,11,4260,25544,0,ok
52376413222223,820598,11,3291,19721,0,ok
52463173212332,1567946,11,6300,37785,0,ok
52463713212332,1634671,11,6573,39414,0,ok
52471631223113,1239946,11,4987,29903,0,ok
52471631323112,935554,11,3759,22532,0,ok
52614372313211,1749444,11,7043,42250,0,ok
52641733212311,926353,11,3721,22310,0,ok
52641733232321,958351,11,3851,23080,0,ok
52673413232123,826057,11,3316,19878,0,ok
52713461232323,792391,11,3183,19071,0,ok
52714361232113,1606119,11,6462,38758,0,ok
52714633213223,1136527,11,4566,27377,0,ok
52714633223123,947777,11,3806,22816,0,ok
52731641233112,861308,11,3458,20733,0,ok
52731641323112,732727,11,2940,17619,0,ok
52736141322233,1203294,11,4834,28987,0,ok
52741362313211,1296060,11,5220,31309,0,ok
52741362313223,1172488,11,4707,28232,0,ok
52741632122333,2005141,11,8050,48285,0,ok
52741632123323,1654904,11,6635,39792,0,ok
52741632212213,1166052,11,4665,27976,0,ok
52741632212231,1007166,11,4025,24130,0,ok
52741632232211,934681,11,3736,22396,0,ok
52741633221233,1183837,11,4741,28423,0,ok
52741633313312,922134,11,3685,22089,0,ok
52741633313321,1012550,11,4051,24278,0,ok
52741633321223,1829424,11,7340,44026,0,ok
52741633323311,1005852,11,4022,24114,0,ok
52743611111213,1161697,11,4676,28039,0,ok
52743611111312,1138451,11,4576,27442,0,ok
52743611112131,1182039,11,4756,28528,0,ok
52743611113121,1183280,11,4759,28537,0,ok
52743612131111,1538754,11,6204,37204,0,ok
52743613121111,1678318,11,6764,40569,0,ok
52761431111213,845029,11,3392,20340,0,ok
52761431111312,1164765,11,4687,28111,0,ok
52761431112131,1083699,11,4360,26142,0,ok
52761431113121,1152420,11,4636,27795,0,ok
52761432131111,1586918,11,6395,38360,0,ok
52761433121111,1548282,11,6240,37427,0,ok
52763143222331,1415246,11,5682,34086,0,ok
52763411222312,2075727,11,8328,49948,0,ok
52763411333123,1207208,11,4830,28959,0,ok
52763413222112,1686264,11,6745,40456,0,ok
52763413223312,2090131,11,8385,50293,0,ok
52763413322312,1722334,11,6900,41377,0,ok
53126471231231,1285574,11,5162,30953,0,ok
53126471231321,892569,11,3584,21483,0,ok
53126471321321,1160125,11,4661,27942,0,ok
53146272123233,1523748,11,6132,36770,0,ok
53147262123131,1132320,11,4558,27333,0,ok
53162743312223,2866613,11,11556,69315,0,ok
53274163211222,1490703,11,5988,35905,0,ok
53421671321111,1792522,11,7219,43300,0,ok
53421671321231,853437,11,3431,20563,0,ok
53426171112233,1335859,11,5373,32221,0,ok
53462711113322,1393167,11,5597,33568,0,ok
53467211321111,925881,11,3723,22317,0,ok
53476121323112,1036203,11,4162,24960,0,ok
53476121323322,1205752,11,4847,29070,0,ok
53614721212121,1151032,11,4617,27681,0,ok
53621471331221,750667,11,3006,18014,0,ok
53642171111111,1257262,11,5068,30386,0,ok
53672142221213,2289109,11,9205,55216,0,ok
53714622233111,1318101,11,5290,31726,0,ok
53721463223312,1337120,11,5370,32195,0,ok
53724612121112,1601875,11,6436,38601,0,ok
53726143333121,745562,11,2993,17929,0,ok
53741621323112,1054514,11,4240,25418,0,ok
53741621332112,1004642,11,4036,24209,0,ok
53742612323333,805601,11,3231,19365,0,ok
53761242121211,1342575,11,5389,32312,0,ok
53761242221213,1386476,11,5560,33342,0,ok
53761242321212,956272,11,3834,22970,0,ok
53762143222331,826828,11,3307,19829,0,ok
53762413322123,981057,11,3937,23611,0,ok
54123673233323,958421,11,3851,23079,0,ok
54126371331221,876369,11,3513,21059,0,ok
54127632131213,1644986,11,6616,39680,0,ok
54127632222212,1051738,11,4222,25316,0,ok
54127633131212,1604214,11,6452,38695,0,ok
54127633133333,2266259,11,9133,54789,0,ok
54127633333313,1625733,11,6539,39225,0,ok
54163271133221,1235632,11,4967,29784,0,ok
54163272233111,1408032,11,5664,33961,0,ok
54167231121113,771339,11,3096,18558,0,ok
54167231131112,1085927,11,4369,26200,0,ok
54167231221211,742587,11,2978,17853,0,ok
54167231333213,1477269,11,5950,35677,0,ok
54167232112112,740288,11,2970,17793,0,ok
54167232133313,2677899,11,10821,64911,0,ok
54167232333113,1474211,11,5938,35605,0,ok
54167233232333,925888,11,3719,22293,0,ok
54167233331213,1494559,11,6020,36099,0,ok
54172633132313,2047502,11,8246,49457,0,ok
54217362233213,1743090,11,6993,41940,0,ok
54217632132212,1764607,11,7086,42498,0,ok
54231671123111,913212,11,3672,22012,0,ok
54231673123121,786958,11,3163,18956,0,ok
54261373123121,968170,11,3887,23300,0,ok
54261732231233,1125946,11,4514,27077,0,ok
54276132233312,971708,11,3901,23384,0,ok
54312671131331,727581,11,2920,17497,0,ok
54312672212111,913989,11,3673,22025,0,ok
54312673311311,1482556,11,5960,35745,0,ok
54317261113112,1004923,11,4040,24225,0,ok
54317621111222,1297965,11,5220,31304,0,ok
54321672212213,1685401,11,6764,40560,0,ok
54321672212231,1557247,11,6245,37452,0,ok
54321672232211,1150300,11,4603,27603,0,ok
54321673313312,2029737,11,8137,48805,0,ok
54321673313321,2057492,11,8252,49498,0,ok
54321673323311,1688882,11,6763,40567,0,ok
54321761211221,1187818,11,4781,28668,0,ok
54321763113113,1368646,11,5506,33016,0,ok
54326171111231,1529039,11,6155,36913,0,ok
54326171112233,799964,11,3211,19253,0,ok
54326171321231,920817,11,3700,22184,0,ok
54326711112212,1045445,11,4199,25175,0,ok
54327612223232,1055719,11,4248,25459,0,ok
54361272223232,998821,11,4018,24089,0,ok
54362171113133,1072627,11,4309,25835,0,ok
54362711111231,1137865,11,4580,27463,0,ok
54362711323112,1031250,11,4144,24849,0,ok
54367121112212,1273547,11,5118,30693,0,ok
54367121113211,1138641,11,4578,27447,0,ok
54367121113331,1148978,11,4614,27671,0,ok
54367122211121,1008786,11,4053,24300,0,ok
54367122311111,1205591,11,4845,29056,0,ok
54367123311113,1072385,11,4313,25853,0,ok
54367211132222,1616167,11,6484,38887,0,ok
54367211213333,1652330,11,6618,39696,0,ok
54367211222132,929816,11,3715,22271,0,ok
54367211333213,1117100,11,4464,26764,0,ok
54367212211322,1902739,11,7635,45789,0,ok
54367212231122,1426854,11,5718,34296,0,ok
54367212233213,1325438,11,5309,31837,0,ok
54367212332213,1077770,11,4308,25834,0,ok
54367212333113,1099398,11,4393,26338,0,ok
54367213112222,1661855,11,6656,39919,0,ok
54367213312133,1519574,11,6089,36505,0,ok
54371261113331,890126,11,3572,21408,0,ok
54371621113112,2647634,11,10686,64099,0,ok
54371621113322,825521,11,3316,19884,0,ok
54376121322233,1138650,11,4571,27415,0,ok
54376211111132,1295854,11,5211,31251,0,ok
54376211111222,1111160,11,4468,26796,0,ok
54376211113133,1498316,11,6032,36185,0,ok
54612371112311,1729802,11,6952,41698,0,ok
54612372222131,714826,11,2861,17139,0,ok
54612732112223,1563188,11,6290,37730,0,ok
54612733322213,1577802,11,6345,38057,0,ok
54621371133311,1015046,11,4080,24469,0,ok
54621372211121,944026,11,3794,22738,0,ok
54637211132111,1065605,11,4287,25705,0,ok
54671232221213,1761942,11,7084,42483,0,ok
54712361323313,1371005,11,5508,33039,0,ok
54712362223322,1098677,11,4411,26443,0,ok
54716232222113,973856,11,3902,23390,0,ok
54716321112323,1656060,11,6677,40046,0,ok
54716322313223,1087654,11,4375,26234,0,ok
54721631111111,4521721,11,18241,109428,0,ok
54721631122121,963042,11,3870,23201,0,ok
54721631311133,1156712,11,4657,27925,0,ok
54721632133232,875543,11,3517,21084,0,ok
54721632212222,1627940,11,6564,39366,0,ok
54721632212231,741917,11,2980,17860,0,ok
54721633231322,780207,11,3135,18788,0,ok
54721633313321,810681,11,3256,19515,0,ok
54721633333331,726699,11,2920,17492,0,ok
54723612131312,2005749,11,8075,48442,0,ok
54723612221222,1060299,11,4258,25531,0,ok
54723612222212,1350335,11,5432,32577,0,ok
54723613121312,1912142,11,7700,46187,0,ok
54723613333313,1212895,11,4877,29252,0,ok
54761233322321,999022,11,4005,24019,0,ok
54763212322232,1173865,11,4723,28331,0,ok
56123471222312,1036505,11,4143,24845,0,ok
56123471223221,1181513,11,4728,28348,0,ok
56123471331332,1901548,11,7623,45732,0,ok
56123471333123,1218242,11,4870,29197,0,ok
56123472322121,1231668,11,4929,29553,0,ok
56123472331331,1574847,11,6316,37872,0,ok
56123473133132,1366229,11,5466,32785,0,ok
56123473133231,1529059,11,6129,36760,0,ok
56123473222112,1097940,11,4388,26309,0,ok
56123473223312,913832,11,3651,21882,0,ok
56123473322312,1008315,11,4031,24171,0,ok
56124371111231,1018397,11,4099,24568,0,ok
56124371232323,1150721,11,4625,27729,0,ok
56127433332323,1366807,11,5505,33016,0,ok
56132472333332,923453,11,3708,22227,0,ok
56132473211111,1159572,11,4664,27977,0,ok
56132473213211,898585,11,3608,21637,0,ok
56143273332323,1599462,11,6442,38641,0,ok
56147231222132,1714980,11,6869,41197,0,ok
56147231333213,1625574,11,6520,39096,0,ok
56147232233213,1690881,11,6787,40695,0,ok
56147232332213,1989480,11,7988,47907,0,ok
56147232333113,1737046,11,6972,41805,0,ok
56147322333233,1123150,11,4509,27038,0,ok
56173421113112,1230445,11,4955,29718,0,ok
56174232323333,1087994,11,4374,26227,0,ok
56174321232113,1373885,11,5521,33121,0,ok
56213471111111,1127007,11,4541,27235,0,ok
56213743313333,1690573,11,6797,40760,0,ok
56243173133111,1060180,11,4255,25511,0,ok
56243713121333,1139272,11,4574,27428,0,ok
56247132333233,841206,11,3376,20246,0,ok
56271433111313,1729733,11,6948,41670,0,ok
56271433123313,1231508,11,4938,29607,0,ok
56271433132313,1932628,11,7770,46611,0,ok
56274132331133,763844,11,3058,18327,0,ok
56274312313211,1508425,11,6069,36397,0,ok
56321473233323,864922,11,3475,20830,0,ok
56321742211112,1742643,11,7016,42086,0,ok
56324171221331,1054210,11,4232,25373,0,ok
56327411211332,1119337,11,4496,26958,0,ok
56327413213112,1054833,11,4236,25393,0,ok
56341273121213,1660635,11,6681,40068,0,ok
56341273131212,1382347,11,5560,33339,0,ok
56347122333233,1011654,11,4063,24362,0,ok
56347211213111,1155445,11,4650,27875,0,ok
56347211222132,816779,11,3281,19656,0,ok
56347211312111,1474029,11,5941,35625,0,ok
56347211331131,751676,11,3022,18104,0,ok
56347212111221,1290062,11,5183,31082,0,ok
56347212111311,2243297,11,9049,54279,0,ok
56347212123233,863913,11,3471,20801,0,ok
56347212232223,850669,11,3417,20487,0,ok
56347213111211,2106978,11,8497,50964,0,ok
56347213131332,782685,11,3143,18837,0,ok
56423171231231,783466,11,3140,18824,0,ok
56423171231321,1268455,11,5102,30600,0,ok
56423171321321,833037,11,3340,20027,0,ok
56423172112121,1027835,11,4129,24759,0,ok
56423173132121,1157335,11,4650,27884,0,ok
56423173133111,766672,11,3078,18436,0,ok
56432713122122,1041043,11,4179,25052,0,ok
56712341232113,727044,11,2920,17495,0,ok
56712343211123,1234112,11,4967,29773,0,ok
56721343123331,1009061,11,4046,24259,0,ok
56721432312233,1270839,11,5109,30629,0,ok
56723411113313,1043072,11,4200,25178,0,ok
56723411121113,855472,11,3437,20607,0,ok
56723411131112,1306956,11,5262,31557,0,ok
56723411222312,729466,11,2927,17538,0,ok
56723412122312,679659,11,2729,16349,0,ok
56723412323222,1045058,11,4205,25204,0,ok
56723413221212,1269801,11,5113,30653,0,ok
56723413222112,1075953,11,4325,25935,0,ok
56723413331111,926111,11,3728,22334,0,ok
56732143122113,981959,11,3935,23584,0,ok
56741231121311,871331,11,3503,20995,0,ok
56741231131211,1406712,11,5662,33958,0,ok
56741231211131,1405673,11,5661,33952,0,ok
56741231311121,1134964,11,4570,27400,0,ok
56741232111113,1189817,11,4790,28718,0,ok
56741233111112,978877,11,3936,23599,0,ok
56743212122222,1537756,11,6186,37104,0,ok
56743212221222,2027686,11,8164,48976,0,ok
56743213121213,1488023,11,5981,35868,0,ok
56743213121312,1178562,11,4739,28416,0,ok
56743213331333,1921304,11,7739,46423,0,ok
57123461111111,2009612,11,8116,48673,0,ok
57164322131312,1073857,11,4317,25879,0,ok
57214361323232,985684,11,3963,23764,0,ok
57214632212213,1516162,11,6085,36482,0,ok
57236141113232,1040178,11,4182,25079,0,ok
57236141322233,1023596,11,4115,24668,0,ok
57236141323232,1706260,11,6869,41197,0,ok
57241631322113,778940,11,3127,18744,0,ok
57241631323112,765436,11,3074,18417,0,ok
57246131112233,1520056,11,6111,36655,0,ok
57264132111323,1227767,11,4932,29560,0,ok
57321641311112,1403921,11,5654,33904,0,ok
57321642311132,1422824,11,5738,34409,0,ok
57364212213311,1989597,11,8016,48089,0,ok
57364212313211,1806470,11,7288,43708,0,ok
57364213332122,1162886,11,4676,28040,0,ok
57642311113322,1133925,11,4561,27351,0,ok
61234572231323,1160910,11,4669,28005,0,ok
61234573232213,757570,11,3042,18230,0,ok
61235741313131,1706657,11,6852,41092,0,ok
61257343232123,1348770,11,5429,32559,0,ok
61274351313131,1314501,11,5282,31673,0,ok
61274532231323,1208457,11,4862,29154,0,ok
61352472233321,790853,11,3178,19042,0,ok
61352472313211,4131299,11,16699,100179,0,ok
61452731311313,949288,11,3803,22799,0,ok
61453721111111,890819,11,3585,21496,0,ok
61453721311112,1081374,11,4348,26073,0,ok
61453723111121,824972,11,3315,19879,0,ok
61472532123332,801529,11,3217,19284,0,ok
61472533112111,819570,11,3292,19726,0,ok
61527431111111,1160316,11,4672,28011,0,ok
61534272311132,1395789,11,5618,33683,0,ok
61534721112311,921744,11,3700,22190,0,ok
61534721113211,800684,11,3214,19258,0,ok
61543271111111,1289377,11,5196,31153,0,ok
61543271112311,1075908,11,4327,25948,0,ok
61572432312323,1239765,11,4984,29887,0,ok
61734523222331,1599205,11,6429,38555,0,ok
62134572321323,968680,11,3877,23248,0,ok
62135471122121,1184848,11,4761,28554,0,ok
62135472132131,1040209,11,4177,25053,0,ok
62135473122131,808477,11,3245,19447,0,ok
62135473123121,1371584,11,5516,33082,0,ok
62135473131131,1240555,11,4990,29927,0,ok
62135473132121,963771,11,3870,23200,0,ok
62135473232231,895648,11,3595,21549,0,ok
62135473322321,994213,11,3991,23936,0,ok
62135743222331,770363,11,3081,18468,0,ok
62135743312223,1856712,11,7471,44806,0,ok
62147353123121,982580,11,3944,23647,0,ok
62147353132121,847679,11,3404,20403,0,ok
62154733321121,732462,11,2941,17624,0,ok
62157342132212,1146116,11,4597,27563,0,ok
62173543232132,1036162,11,4166,24972,0,ok
62174351122133,1180862,11,4740,28422,0,ok
62174533311212,909701,11,3649,21870,0,ok
62317453112111,1286298,11,5181,31072,0,ok
62317453312211,1311527,11,5275,31633,0,ok
62351743112123,2041925,11,8220,49308,0,ok
62371453311311,881623,11,3537,21206,0,ok
62374511322311,715403,11,2873,17216,0,ok
62374513112321,1342911,11,5406,32424,0,ok
62374513312112,1031281,11,4149,24879,0,ok
62435172211133,1555741,11,6252,37494,0,ok
62435172311132,1704813,11,6859,41139,0,ok
62435711222222,828573,11,3329,19943,0,ok
62453713311122,1958529,11,7893,47339,0,ok
62471532232133,1263260,11,5083,30474,0,ok
62475131322323,784896,11,3148,18872,0,ok
62531472321233,1131833,11,4551,27296,0,ok
62543711211113,930131,11,3731,22375,0,ok
62543711311112,1054396,11,4240,25416,0,ok
62571432321233,1424853,11,5729,34367,0,ok
62735143223213,847812,11,3400,20378,0,ok
63125741112323,1846436,11,7431,44563,0,ok
63125743131233,853411,11,3430,20546,0,ok
63125743133312,1055658,11,4244,25449,0,ok
63142571111111,1149597,11,4632,27767,0,ok
63142571132321,1877987,11,7562,45356,0,ok
63142573112123,2083722,11,8397,50360,0,ok
63172452312323,889544,11,3577,21436,0,ok
63172452313211,2750126,11,11093,66540,0,ok
63174522332132,869594,11,3488,20906,0,ok
63247511123132,1151031,11,4630,27772,0,ok
63251743133231,1287577,11,5161,30954,0,ok
63452711311313,1034654,11,4159,24928,0,ok
63452712333221,882789,11,3545,21253,0,ok
63471522123131,962844,11,3869,23192,0,ok
63471522323132,1339018,11,5388,32314,0,ok
63471522332132,921257,11,3699,22178,0,ok
63472512123332,931234,11,3739,22409,0,ok
63512743313333,2117229,11,8522,51120,0,ok
63541271212211,1356616,11,5450,32681,0,ok
63542713121333,1512174,11,6075,36436,0,ok
63574212123131,995138,11,4005,24013,0,ok
63574212313211,1334836,11,5376,32231,0,ok
63712542221111,956937,11,3843,23039,0,ok
63714252123131,1315248,11,5291,31727,0,ok
63714521112323,1149852,11,4626,27731,0,ok
63714522332132,741477,11,2976,17830,0,ok
63721541233322,1038368,11,4172,25025,0,ok
63724153121213,1248877,11,5021,30115,0,ok
63725141112323,1729798,11,6958,41729,0,ok
63725141233121,1122370,11,4505,27016,0,ok
63725142123131,1835246,11,7381,44277,0,ok
63725142223133,1627134,11,6538,39210,0,ok
63725143122113,1567332,11,6298,37780,0,ok
63725143123313,1746124,11,7012,42066,0,ok
63741252222323,910617,11,3657,21924,0,ok
63741522123131,1048114,11,4215,25263,0,ok
63742511232221,1043238,11,4187,25107,0,ok
63745123122212,874627,11,3510,21045,0,ok
63751242221321,979241,11,3920,23509,0,ok
63751423122311,1486263,11,5977,35844,0,ok
63752141111111,1219876,11,4909,29439,0,ok
63752141122211,1223159,11,4922,29505,0,ok
63752141123213,1299487,11,5230,31362,0,ok
63752142332132,736437,11,2954,17706,0,ok
63752143123223,938950,11,3772,22608,0,ok
63752143212323,1206981,11,4857,29116,0,ok
63752143223123,879530,11,3529,21156,0,ok
63752411223212,1794887,11,7238,43416,0,ok
63752411333213,1337472,11,5379,32243,0,ok
63752412312323,1420951,11,5717,34286,0,ok
63752412322112,820059,11,3290,19722,0,ok
63752412333113,1174871,11,4719,28292,0,ok
63754213122122,1246004,11,5005,30016,0,ok
64125371131313,2018999,11,8118,48692,0,ok
64157321133212,3606062,11,14531,87171,0,ok
64231572311132,1192424,11,4796,28752,0,ok
64257131113223,1938079,11,7808,46836,0,ok
64271533221212,993452,11,3988,23909,0,ok
64275131212223,1281061,11,5145,30854,0,ok
64275131312123,1359468,11,5460,32749,0,ok
64275132211133,1610489,11,6470,38808,0,ok
64275132232133,1717763,11,6908,41427,0,ok
64275133231112,1007802,11,4039,24217,0,ok
64275133312211,1115977,11,4478,26849,0,ok
64275311112332,886214,11,3556,21313,0,ok
64275311222222,1079527,11,4338,26013,0,ok
64275313312211,1156457,11,4647,27867,0,ok
64321572111131,2980626,11,12038,72214,0,ok
64321572132131,1033338,11,4156,24908,0,ok
64321572311132,1210652,11,4876,29225,0,ok
64325713121222,2201752,11,8850,53085,0,ok
64351272132131,894788,11,3588,21512,0,ok
64357212313211,1203136,11,4844,29050,0,ok
64357213231322,1491074,11,5998,35972,0,ok
64357213312211,1424455,11,5726,34343,0,ok
64531271212211,1661161,11,6682,40072,0,ok
64531272132131,1259165,11,5067,30385,0,ok
64531273122131,1084084,11,4359,26136,0,ok
64531273123121,897465,11,3596,21561,0,ok
64531273311311,1044756,11,4202,25195,0,ok
64531273312211,828071,11,3324,19918,0,ok
64572131122223,1028104,11,4128,24761,0,ok
64713253112111,1140531,11,4590,27519,0,ok
65123471112311,883519,11,3548,21266,0,ok
65123471233232,1327756,11,5346,32061,0,ok
65123472312311,932441,11,3749,22468,0,ok
65132471212112,1118089,11,4496,26964,0,ok
65132471222111,671526,11,2689,16119,0,ok
65132471231321,1523331,11,6133,36781,0,ok
65132471323121,1052211,11,4228,25354,0,ok
65132472131231,1295755,11,5216,31281,0,ok
65132472212231,1330480,11,5347,32062,0,ok
65132472233321,1455712,11,5859,35135,0,ok
65132473111331,1021787,11,4107,24614,0,ok
65132473313312,860757,11,3458,20722,0,ok
65132473323311,707189,11,2837,17002,0,ok
65132741223323,694601,11,2782,16679,0,ok
65132743222331,1140622,11,4577,27452,0,ok
65134721233232,1339954,11,5384,32281,0,ok
65147321232113,1772139,11,7135,42794,0,ok
65172431132333,1351890,11,5434,32580,0,ok
65174232123131,922503,11,3706,22223,0,ok
65174232133313,1399505,11,5632,33768,0,ok
65174232323312,1200062,11,4824,28924,0,ok
65174233323212,1385016,11,5573,33424,0,ok
65174233331213,2411864,11,9738,58407,0,ok
65174322313211,865160,11,3479,20845,0,ok
65174323223123,1164070,11,4677,28050,0,ok
65213741111111,1301376,11,5245,31458,0,ok
65241371111111,1221811,11,4925,29529,0,ok
65243712121322,1259750,11,5058,30327,0,ok
65271341332331,993414,11,3980,23862,0,ok
65271432231233,1040686,11,4176,25033,0,ok
65274131111111,1310313,11,5279,31660,0,ok
65274131311313,904371,11,3636,21790,0,ok
65274131312213,911245,11,3665,21959,0,ok
65274132123332,907899,11,3650,21880,0,ok
65274133132223,831515,11,3341,20020,0,ok
65274133232321,709719,11,2848,17064,0,ok
65274133312223,1711817,11,6906,41408,0,ok
65314272311132,1051801,11,4234,25381,0,ok
65314272313211,1815567,11,7322,43919,0,ok
65321472111122,1413979,11,5689,34127,0,ok
65417321232113,988900,11,3979,23851,0,ok
65417323223123,1032914,11,4150,24882,0,ok
65417323232123,1099823,11,4423,26521,0,ok
65423713321322,1441588,11,5796,34761,0,ok
65432173232321,1331438,11,5356,32121,0,ok
65471231132213,1356399,11,5454,32695,0,ok
65714323223123,1071700,11,4299,25776,0,ok
65723143321313,1537737,11,6194,37146,0,ok
65732411333123,1768980,11,7084,42487,0,ok
65742311212313,1012966,11,4071,24407,0,ok
67132541133311,1471592,11,5913,35464,0,ok
67145323133312,1409161,11,5672,34009,0,ok
67154233323332,1083053,11,4334,25989,0,ok
67215343333133,1944533,11,7821,46914,0,ok
67231541323112,1540785,11,6203,37205,0,ok
67231543323122,1423594,11,5728,34358,0,ok
67234513332122,863361,11,3462,20754,0,ok
67245131313323,1341592,11,5393,32351,0,ok
67245311112311,1884219,11,7576,45436,0,ok
67245311133233,871677,11,3489,20916,0,ok
67254311131133,1330623,11,5347,32070,0,ok
67254313311113,1043974,11,4198,25171,0,ok
67312452233321,1194247,11,4799,28777,0,ok
67312541121221,758875,11,3047,18253,0,ok
67312542221111,1105353,11,4440,26621,0,ok
67321451111123,1371681,11,5520,33102,0,ok
67321451112311,1151200,11,4629,27753,0,ok
67321451212211,1665975,11,6704,40197,0,ok
67321451311133,1282006,11,5159,30938,0,ok
67321452111122,1359797,11,5472,32820,0,ok
67321453113311,1468086,11,5913,35468,0,ok
67321542232133,980702,11,3940,23616,0,ok
67341252222323,896582,11,3602,21582,0,ok
67342512222113,794585,11,3181,19061,0,ok
67345122223133,1252071,11,5024,30129,0,ok
67345122232133,1661702,11,6680,40062,0,ok
67345211111123,862112,11,3459,20738,0,ok
67345211111132,1123983,11,4517,27090,0,ok
67345211112233,1113467,11,4474,26826,0,ok
67345211113322,1288104,11,5180,31071,0,ok
67345211211122,1339884,11,5395,32346,0,ok
67345211311133,1687371,11,6804,40806,0,ok
67345212111122,1220223,11,4912,29455,0,ok
67345213111133,1774973,11,7158,42930,0,ok
67354121111111,1175420,11,4738,28395,0,ok
67354211212121,834117,11,3350,20079,0,ok
67354211313113,1459012,11,5870,35195,0,ok
67354211333111,1435039,11,5772,34613,0,ok
67354212111221,899626,11,3611,21649,0,ok
67354212212222,1088350,11,4378,26253,0,ok
67354212311132,1712629,11,6907,41420,0,ok
67354213111313,965076,11,3877,23243,0,ok
67354213131311,1140991,11,4589,27521,0,ok
67354213211132,1810657,11,7300,43788,0,ok
67354213313333,1116831,11,4494,26946,0,ok
67412353132121,1183107,11,4752,28496,0,ok
67412353332221,860486,11,3457,20720,0,ok
67412531131133,1100768,11,4425,26529,0,ok
67435121332112,711227,11,2854,17103,0,ok
67435123123121,688118,11,2759,16539,0,ok
67452313321232,1194086,11,4799,28766,0,ok
71234563231322,1169983,11,4705,28218,0,ok
71263541333222,1846039,11,7430,44561,0,ok
71263542323123,1755140,11,7064,42362,0,ok
71264533131323,1044722,11,4183,25078,0,ok
71264533221323,1217818,11,4879,29256,0,ok
71264533231223,1466845,11,5879,35256,0,ok
71264533231313,1531867,11,6148,36879,0,ok
71326451211311,1197192,11,4815,28880,0,ok
71326453132121,794831,11,3190,19118,0,ok
71326543333313,1382630,11,5554,33305,0,ok
71345262132131,921042,11,3700,22185,0,ok
71362453113311,1097047,11,4410,26432,0,ok
71365423331312,1150899,11,4612,27667,0,ok
71423563213232,865548,11,3466,20776,0,ok
71423653213232,924612,11,3710,22241,0,ok
71426353312211,1153933,11,4636,27792,0,ok
71426533333223,1941742,11,7815,46886,0,ok
71432561232323,1108663,11,4456,26717,0,ok
71432561323232,1137626,11,4579,27454,0,ok
71432562111221,1340028,11,5395,32351,0,ok
71432563232213,832805,11,3345,20050,0,ok
71432563323113,877065,11,3523,21120,0,ok
71432563323122,902643,11,3627,21742,0,ok
71432563332113,899979,11,3618,21693,0,ok
71435261322233,1279056,11,5133,30775,0,ok
71435262222122,907557,11,3637,21802,0,ok
71435263211123,1316578,11,5290,31720,0,ok
71435263311122,1360976,11,5467,32782,0,ok
71435263333133,926195,11,3711,22249,0,ok
71435263333223,970841,11,3890,23320,0,ok
71435623333331,1206876,11,4849,29081,0,ok
71436253333112,2430434,11,9789,58727,0,ok
71452363213232,931497,11,3739,22413,0,ok
71452632222131,1276621,11,5125,30732,0,ok
71453262222221,1155085,11,4641,27840,0,ok
71453623311122,1406888,11,5651,33890,0,ok
71456321322323,1057092,11,4249,25470,0,ok
71456322111221,814797,11,3268,19597,0,ok
71462531113322,1697675,11,6834,40999,0,ok
71462532111212,912708,11,3664,21971,0,ok
71462532121112,828071,11,3325,19926,0,ok
71462533111223,1354957,11,5446,32659,0,ok
71462533221113,1492359,11,6006,36031,0,ok
71463523331222,912672,11,3658,21927,0,ok
71523463131311,1534103,11,6162,36948,0,ok
71523463231313,1323714,11,5311,31854,0,ok
71523463331312,1397104,11,5606,33612,0,ok
71532463221332,924630,11,3705,22210,0,ok
71534262122222,930370,11,3734,22384,0,ok
71542633132322,938265,11,3766,22577,0,ok
71543622111131,891858,11,3585,21492,0,ok
71543623111121,947380,11,3809,22830,0,ok
71546233331213,1579671,11,6354,38104,0,ok
71546322231212,1491590,11,5991,35930,0,ok
71562433123232,861836,11,3461,20752,0,ok
71563243221221,998881,11,4002,23994,0,ok
71625433213133,1737088,11,6972,41815,0,ok
71643252231212,1163882,11,4670,27999,0,ok
71643523331213,1388348,11,5577,33455,0,ok
72134562312212,980131,11,3930,23562,0,ok
72136541322233,957519,11,3850,23086,0,ok
72143563222331,761433,11,3048,18269,0,ok
72143651121113,1054178,11,4238,25414,0,ok
72143651131112,1142277,11,4590,27535,0,ok
72143651213111,896816,11,3604,21607,0,ok
72143651312111,1152909,11,4640,27824,0,ok
72143652111311,920849,11,3702,22197,0,ok
72143653111211,1011452,11,4071,24401,0,ok
72145631233223,1192250,11,4789,28721,0,ok
72145633232231,1037450,11,4165,24974,0,ok
72145633312223,1777419,11,7157,42933,0,ok
72146352232223,1001452,11,4024,24116,0,ok
72163452122222,1782997,11,7175,43038,0,ok
72163453121213,1043032,11,4187,25110,0,ok
72163453131212,1738636,11,6995,41956,0,ok
72163453133333,1021260,11,4099,24570,0,ok
72163453331333,1100885,11,4417,26482,0,ok
72164353131113,945431,11,3789,22716,0,ok
72165431113331,760477,11,3059,18325,0,ok
72165432111113,1308341,11,5269,31596,0,ok
72165432111122,1199948,11,4827,28941,0,ok
72165432211112,906745,11,3644,21849,0,ok
72165432323312,792499,11,3181,19070,0,ok
72165433111112,976826,11,3930,23563,0,ok
72165433121333,1024689,11,4123,24715,0,ok
72165433221233,862002,11,3461,20746,0,ok
72165433233323,1677869,11,6767,40579,0,ok
72165433321223,949602,11,3818,22890,0,ok
72165433331213,881434,11,3545,21250,0,ok
72345611111111,1345144,11,5419,32501,0,ok
72345611133113,753030,11,3025,18130,0,ok
72345611221223,751887,11,3020,18097,0,ok
72345611222222,1114833,11,4484,26894,0,ok
72345611331332,990630,11,3978,23858,0,ok
72345612122111,1118138,11,4497,26962,0,ok
72345612331331,699650,11,2809,16825,0,ok
72345613221221,722675,11,2901,17386,0,ok
72345613333331,952845,11,3825,22940,0,ok
72356141112323,1112017,11,4476,26834,0,ok
72356141232113,1121837,11,4516,27074,0,ok
72356143211123,1416175,11,5708,34229,0,ok
72361453232333,807619,11,3244,19446,0,ok
72361542333233,1590830,11,6399,38372,0,ok
72365412222212,1306709,11,5258,31529,0,ok
72365413121312,1427561,11,5736,34404,0,ok
72365413131212,1161232,11,4665,27973,0,ok
72365413331333,1104551,11,4440,26629,0,ok
72435163333313,1141327,11,4584,27497,0,ok
72513641232323,895223,11,3594,21539,0,ok
72513641233322,1182570,11,4754,28506,0,ok
72516342313223,1428916,11,5749,34467,0,ok
72531463321232,1227410,11,4937,29615,0,ok
72534163211123,1149173,11,4619,27696,0,ok
72541631111213,1160262,11,4670,28006,0,ok
72541631111312,1004695,11,4037,24204,0,ok
72541631112131,996893,11,4009,24031,0,ok
72541631113121,1226299,11,4937,29603,0,ok
72541632131111,1524900,11,6148,36871,0,ok
72541633121111,1858090,11,7492,44944,0,ok
72543162311111,839109,11,3372,20212,0,ok
72543163211111,772569,11,3100,18578,0,ok
72543611221223,893081,11,3565,21367,0,ok
72543611223221,1102005,11,4406,26418,0,ok
72543611331332,1034636,11,4134,24782,0,ok
72543611332331,1110246,11,4439,26616,0,ok
72543612331331,1008961,11,4033,24168,0,ok
72543613132232,1714052,11,6870,41198,0,ok
72543613133222,1868211,11,7489,44915,0,ok
72543613221221,1075530,11,4299,25774,0,ok
72543613223312,1778429,11,7129,42757,0,ok
72543613322312,1335881,11,5342,32041,0,ok
72546311323112,1163486,11,4680,28062,0,ok
72546313323212,1244229,11,5006,30016,0,ok
72561342313223,1412695,11,5680,34072,0,ok
72561432213122,1260249,11,5044,30247,0,ok
72561433221233,1432353,11,5740,34421,0,ok
72561433311233,1924702,11,7723,46322,0,ok
72561433321133,1203250,11,4819,28892,0,ok
72561433321223,1464281,11,5865,35175,0,ok
72563411111213,849337,11,3410,20438,0,ok
72563411111312,1106572,11,4455,26701,0,ok
72563411112131,1422828,11,5724,34333,0,ok
72563411113121,1088591,11,4380,26263,0,ok
72563412131111,1517205,11,6115,36672,0,ok
72563413121111,1551581,11,6256,37519,0,ok
72643513212311,1215261,11,4889,29322,0,ok
72643513212332,1123846,11,4518,27089,0,ok
73125463133132,1314847,11,5279,31659,0,ok
73146522113231,886236,11,3560,21348,0,ok
73246153312211,779461,11,3130,18764,0,ok
73456123231322,797192,11,3198,19166,0,ok
73516243323113,1455226,11,5855,35115,0,ok
73516243332131,737441,11,2957,17719,0,ok
73541262321212,1804756,11,7264,43554,0,ok
73542163321133,1353073,11,5430,32564,0,ok
73542613132121,1159744,11,4662,27957,0,ok
73542613132322,767182,11,3080,18451,0,ok
73564213321322,1284064,11,5153,30900,0,ok
73614251112323,1140194,11,4584,27492,0,ok
73615241112323,1553393,11,6247,37457,0,ok
73615241113322,1467509,11,5892,35333,0,ok
73615242223133,1626685,11,6540,39222,0,ok
73615243123313,1369505,11,5500,32986,0,ok
73615243213313,1051779,11,4217,25285,0,ok
73615243331312,1011459,11,4053,24298,0,ok
73615243332311,984748,11,3945,23653,0,ok
73615421113322,1175700,11,4725,28340,0,ok
73615423213211,1458731,11,5870,35202,0,ok
73615423333331,1053700,11,4233,25386,0,ok
73624513121132,2148395,11,8638,51819,0,ok
73624513332131,1062048,11,4254,25515,0,ok
73625141112323,1260179,11,5071,30409,0,ok
73625143121213,1621606,11,6532,39175,0,ok
73625143333313,752855,11,3021,18108,0,ok
73625412222323,854235,11,3430,20559,0,ok
73642511111111,1244713,11,5009,30039,0,ok
73642511113232,1293185,11,5201,31188,0,ok
73642511113322,1634541,11,6581,39469,0,ok
73642513223222,1593840,11,6407,38440,0,ok
73645121113211,1422500,11,5713,34267,0,ok
73645122222311,888671,11,3562,21355,0,ok
73645211223113,752289,11,3019,18097,0,ok
73645211231111,1274839,11,5128,30756,0,ok
73645211321111,990147,11,3981,23860,0,ok
73645211332112,977659,11,3928,23542,0,ok
73645213112231,926888,11,3725,22333,0,ok
73645213333112,1398282,11,5626,33747,0,ok
73651241113322,1513044,11,6087,36513,0,ok
73652413211312,864690,11,3467,20781,0,ok
73652413331321,944546,11,3787,22708,0,ok
73654122111122,1517155,11,6104,36605,0,ok
73654122221111,783766,11,3147,18855,0,ok
73654211111132,1020681,11,4095,24555,0,ok
74123563323221,885947,11,3560,21334,0,ok
74123652322121,1520930,11,6094,36548,0,ok
74123653132232,1515532,11,6070,36395,0,ok
74123653133132,1259051,11,5040,30222,0,ok
74123653133222,1409602,11,5649,33869,0,ok
74123653133231,1301934,11,5215,31274,0,ok
74125631313311,811252,11,3262,19540,0,ok
74125632121121,1017246,11,4088,24515,0,ok
74125632122111,682207,11,2734,16391,0,ok
74125632131111,1410638,11,5685,34092,0,ok
74125632321332,930484,11,3741,22426,0,ok
74125633121111,1234571,11,4966,29784,0,ok
74125633131233,1349779,11,5435,32594,0,ok
74125633132232,989231,11,3978,23848,0,ok
74125633133222,735586,11,2951,17695,0,ok
74125633133312,984564,11,3956,23714,0,ok
74125633332323,1118436,11,4497,26966,0,ok
74126352333122,1416796,11,5698,34167,0,ok
74132561321231,1340374,11,5389,32319,0,ok
74132562121121,896325,11,3599,21574,0,ok
74132562122111,669269,11,2679,16063,0,ok
74132563131221,2005974,11,8078,48454,0,ok
74132563132112,1113885,11,4473,26821,0,ok
74136522322121,1225990,11,4908,29430,0,ok
74152363132232,1256406,11,5034,30189,0,ok
74152363133132,1014222,11,4054,24306,0,ok
74152363133222,1080966,11,4324,25926,0,ok
74152363133231,1271423,11,5094,30538,0,ok
74156322122123,843085,11,3385,20277,0,ok
74156322122321,642630,11,2574,15426,0,ok
74156322313223,970983,11,3902,23384,0,ok
74156323132331,1038850,11,4174,25032,0,ok
74156323133123,1723681,11,6944,41648,0,ok
74163251121122,730700,11,2932,17581,0,ok
74163252112211,872555,11,3508,21028,0,ok
74163252131111,1956967,11,7895,47352,0,ok
74163253121111,974025,11,3914,23465,0,ok
74163253131332,1623234,11,6544,39247,0,ok
74163253133132,710571,11,2849,17079,0,ok
74163253133213,1562339,11,6294,37741,0,ok
74163253133231,722213,11,2894,17347,0,ok
74163253332323,952918,11,3832,22975,0,ok
74165231121212,1454440,11,5826,34943,0,ok
74165231131313,2853624,11,11472,68814,0,ok
74165231212121,1183787,11,4738,28406,0,ok
74165231313131,1032706,11,4129,24749,0,ok
74165232111212,794573,11,3174,19018,0,ok
74165232121112,1416766,11,5678,34040,0,ok
74165232121211,804736,11,3213,19264,0,ok
74165233111313,915110,11,3657,21918,0,ok
74165233131113,2834196,11,11394,68355,0,ok
74165233131311,1237042,11,4952,29685,0,ok
74165233131323,1245360,11,4985,29895,0,ok
74165233132313,3107586,11,12496,74964,0,ok
74165233231313,1947273,11,7810,46842,0,ok
74213652323132,767716,11,3080,18463,0,ok
74251633111313,1025405,11,4114,24655,0,ok
74256311321222,1912019,11,7684,46092,0,ok
74256313111232,1579617,11,6336,38001,0,ok
74265312333233,866059,11,3476,20843,0,ok
74312652333332,906274,11,3637,21801,0,ok
74321563311131,1156190,11,4647,27869,0,ok
74321653233323,990989,11,3981,23869,0,ok
74325163131323,1080362,11,4335,25993,0,ok
74325612221222,928711,11,3727,22339,0,ok
74325613121312,1635285,11,6578,39454,0,ok
74325613131212,1493706,11,6016,36079,0,ok
74325613133333,1058623,11,4257,25518,0,ok
74361253112132,2527312,11,10190,61125,0,ok
74361253211231,927164,11,3720,22301,0,ok
74365211121221,849234,11,3412,20445,0,ok
74365211213111,1385382,11,5584,33484,0,ok
74365211312111,1126119,11,4530,27163,0,ok
74365211313113,1010265,11,4064,24361,0,ok
74365211333111,979771,11,3940,23620,0,ok
74365212111311,1942423,11,7841,47024,0,ok
74365212222323,782485,11,3145,18847,0,ok
74365212333332,734092,11,2947,17664,0,ok
74365213111211,2103119,11,8492,50930,0,ok
74365213121333,766840,11,3080,18465,0,ok
74512361322233,1070423,11,4300,25784,0,ok
74512362313223,861732,11,3461,20749,0,ok
74513263121222,1351289,11,5420,32500,0,ok
74521632222212,1685451,11,6784,40695,0,ok
74521633121213,1407330,11,5657,33922,0,ok
74521633121312,1139838,11,4583,27479,0,ok
74521633133333,1785241,11,7184,43090,0,ok
74521633333313,2084596,11,8403,50405,0,ok
74523611121113,804157,11,3228,19349,0,ok
74523611131112,1414870,11,5698,34187,0,ok
74523611213111,953440,11,3832,22975,0,ok
74523611312111,947277,11,3809,22834,0,ok
74523612111311,1076583,11,4331,25974,0,ok
74523613111211,866404,11,3480,20868,0,ok
74532163123223,969184,11,3884,23285,0,ok
74561231111222,751232,11,3016,18079,0,ok
74561232111113,1517939,11,6120,36695,0,ok
74561232221111,953293,11,3834,22980,0,ok
74561233111112,1029167,11,4136,24806,0,ok
74561233131233,846565,11,3402,20396,0,ok
74561233233323,1579038,11,6361,38154,0,ok
74561233311233,722951,11,2904,17395,0,ok
74561233321133,921725,11,3706,22219,0,ok
74561233321313,1578005,11,6355,38111,0,ok
74563211232332,1116430,11,4480,26877,0,ok
74653213133222,1488971,11,5977,35844,0,ok
75132463233233,1032909,11,4144,24846,0,ok
75143263231313,1369335,11,5493,32947,0,ok
75146321323331,1154812,11,4632,27773,0,ok
75213642223133,1066928,11,4286,25691,0,ok
75231463211123,1921602,11,7731,46376,0,ok
75234161322233,1011090,11,4064,24372,0,ok
75234162221111,1310921,11,5274,31629,0,ok
75236143213232,1038175,11,4169,24983,0,ok
75241632222323,1145164,11,4604,27606,0,ok
75243162211322,2334340,11,9386,56294,0,ok
75243611113232,1061769,11,4270,25591,0,ok
75243613213232,996923,11,4004,24009,0,ok
75246131333312,1165907,11,4674,28030,0,ok
75246311111111,2126302,11,8563,51362,0,ok
75246313212311,1411926,11,5680,34069,0,ok
75246313312211,1472350,11,5925,35528,0,ok
75246313332332,1058381,11,4255,25511,0,ok
75261432123233,1159449,11,4663,27959,0,ok
75264132121232,1052930,11,4233,25382,0,ok
75264132223331,901969,11,3624,21713,0,ok
75264132321212,778074,11,3122,18707,0,ok
75264133121333,1249337,11,5029,30148,0,ok
75264133331213,1008087,11,4055,24311,0,ok
75264311223122,1587949,11,6388,38311,0,ok
75264313231112,1081479,11,4338,26013,0,ok
75312463333133,1210137,11,4857,29126,0,ok
75314621133221,1018600,11,4097,24560,0,ok
75314621313212,3314313,11,13374,80228,0,ok
75314623113122,942157,11,3785,22688,0,ok
75316241231231,1092817,11,4383,26269,0,ok
75321461311112,2078653,11,8385,50298,0,ok
75321463132121,946882,11,3804,22806,0,ok
75346122133133,975015,11,3910,23444,0,ok
75346211133122,1309088,11,5266,31578,0,ok
75346211211311,2156246,11,8687,52116,0,ok
75346211311211,1837729,11,7408,44427,0,ok
75346212323333,887425,11,3564,21354,0,ok
75346213112132,965723,11,3878,23245,0,ok
75346213132121,895132,11,3595,21553,0,ok
75346213132322,1176427,11,4736,28392,0,ok
75346213332122,1281148,11,5154,30902,0,ok
75412631223332,988118,11,3975,23829,0,ok
75416323232213,1034188,11,4154,24905,0,ok
75431263133213,1166728,11,4688,28109,0,ok
75462132123212,1273572,11,5102,30597,0,ok
75613243131332,1097551,11,4409,26430,0,ok
75613243133213,1064990,11,4278,25650,0,ok
75634123323122,976073,11,3918,23489,0,ok
75641323232111,857699,11,3445,20648,0,ok
75642132213311,1006507,11,4045,24255,0,ok
76123453233323,893029,11,3589,21505,0,ok
76125343333133,1159926,11,4655,27912,0,ok
76143252131312,1343659,11,5405,32418,0,ok
76143252221222,1022637,11,4109,24634,0,ok
76143253131212,1590728,11,6408,38437,0,ok
76143253331333,1051632,11,4223,25318,0,ok
76143253333313,1335319,11,5365,32175,0,ok
76145231121113,891187,11,3582,21471,0,ok
76145231122112,1710505,11,6881,41267,0,ok
76145231131112,1004711,11,4039,24219,0,ok
76145231221112,2118360,11,8534,51188,0,ok
76145231311331,751059,11,3016,18070,0,ok
76145232123332,788726,11,3169,18993,0,ok
76145232233213,1840958,11,7420,44503,0,ok
76145232331313,2195225,11,8864,53163,0,ok
76145232332213,1877108,11,7564,45364,0,ok
76145233133213,1603968,11,6460,38751,0,ok
76145233232333,909580,11,3658,21932,0,ok
76154323333112,1334881,11,5359,32139,0,ok
76213543213133,1495615,11,6014,36070,0,ok
76213543311332,983061,11,3943,23637,0,ok
76215341231231,1026145,11,4115,24666,0,ok
76215433333133,1111625,11,4460,26745,0,ok
76231451123111,950978,11,3821,22914,0,ok
76245311121131,705381,11,2830,16963,0,ok
76245311131121,675148,11,2709,16227,0,ok
76245311213312,1626920,11,6555,39312,0,ok
76245312132131,842536,11,3382,20268,0,ok
76245313122122,1202760,11,4840,29024,0,ok
76245313123121,889262,11,3572,21406,0,ok
76253141123132,1193842,11,4805,28812,0,ok
76253141211332,1369548,11,5518,33090,0,ok
76253413322312,1000845,11,4011,24041,0,ok
76254133311323,1856654,11,7462,44754,0,ok
76254313211111,1870279,11,7517,45088,0,ok
76312452212111,1417079,11,5695,34155,0,ok
76312453211111,1193011,11,4800,28782,0,ok
76312453311311,802763,11,3219,19295,0,ok
76312542321212,811770,11,3257,19526,0,ok
76312542322121,742130,11,2976,17839,0,ok
76312543322222,1168194,11,4690,28126,0,ok
76315241112113,902171,11,3622,21714,0,ok
76315241113112,806863,11,3239,19417,0,ok
76315241223113,1215799,11,4893,29332,0,ok
76315241322122,670107,11,2687,16099,0,ok
76315241323313,1311647,11,5277,31647,0,ok
76315241332112,838880,11,3366,20179,0,ok
76315243211231,1129315,11,4543,27235,0,ok
76315243323323,746188,11,2994,17946,0,ok
76321452122123,936108,11,3740,22419,0,ok
76321452122321,1063256,11,4254,25497,0,ok
76321452122333,1034225,11,4136,24789,0,ok
76321452123323,1292827,11,5176,31031,0,ok
76321452212231,1685257,11,6759,40538,0,ok
76321452213122,1285115,11,5148,30867,0,ok
76321453233131,986750,11,3943,23635,0,ok
76321453311233,1534764,11,6151,36881,0,ok
76321453313312,1832365,11,7352,44092,0,ok
76321453321133,956774,11,3823,22913,0,ok
76321453323311,1391942,11,5572,33424,0,ok
76321542211112,1877113,11,7557,45333,0,ok
76321543211111,1226047,11,4932,29574,0,ok
76321543311131,1297953,11,5223,31327,0,ok
76324151112233,904811,11,3634,21789,0,ok
76324151112323,1179466,11,4748,28470,0,ok
76324153323122,748368,11,2998,17968,0,ok
76325411111213,871375,11,3504,20999,0,ok
76325411111312,2497317,11,10080,60473,0,ok
76325411112131,1024778,11,4123,24718,0,ok
76325411113121,1126055,11,4531,27168,0,ok
76325411122121,724602,11,2909,17427,0,ok
76325411331311,996960,11,4007,24024,0,ok
76325412112121,1323392,11,5326,31941,0,ok
76325412231212,1649499,11,6650,39884,0,ok
76325412333233,1175918,11,4736,28390,0,ok
76325413222223,815320,11,3275,19630,0,ok
76341251111213,1490098,11,6008,36022,0,ok
76341251111312,1302109,11,5240,31423,0,ok
76341251112131,1457236,11,5866,35189,0,ok
76341251113121,1071511,11,4312,25847,0,ok
76341251221121,935557,11,3757,22527,0,ok
76341251311313,1009166,11,4060,24331,0,ok
76341252232313,978632,11,3935,23593,0,ok
76341252323333,742621,11,2979,17858,0,ok
76341253221212,1415380,11,5699,34172,0,ok
76341253233131,636195,11,2552,15286,0,ok
76342511111231,900998,11,3621,21703,0,ok
76342511111321,1201608,11,4830,28970,0,ok
76342511323112,891832,11,3584,21475,0,ok
76342512232223,868165,11,3489,20914,0,ok
76342513213112,1682083,11,6772,40618,0,ok
76342513322111,1189652,11,4782,28674,0,ok
76342513323122,913359,11,3666,21983,0,ok
76342513323212,834659,11,3352,20090,0,ok
76345122211112,1168735,11,4695,28156,0,ok
76345122211121,1019863,11,4097,24564,0,ok
76345122213311,1138004,11,4573,27424,0,ok
76345122311111,1316911,11,5299,31777,0,ok
76345123211111,1188390,11,4783,28678,0,ok
76345123311113,900088,11,3611,21644,0,ok
76345123311131,827845,11,3322,19926,0,ok
76345123312211,858474,11,3448,20664,0,ok
76351421112323,1131034,11,4549,27273,0,ok
76351421113322,933895,11,3749,22481,0,ok
76351423321232,731176,11,2935,17586,0,ok
76354121121212,770549,11,3092,18527,0,ok
76354121122121,653636,11,2622,15705,0,ok
76354121311313,840576,11,3373,20219,0,ok
76354121313131,1041225,11,4189,25113,0,ok
76354122111212,981176,11,3942,23630,0,ok
76354122112121,1047979,11,4214,25263,0,ok
76354122212222,1818341,11,7332,43976,0,ok
76354123211123,976771,11,3925,23534,0,ok
76354123211132,947148,11,3804,22804,0,ok
76354123313333,1909726,11,7700,46187,0,ok
76354212213323,883552,11,3551,21288,0,ok
76354212312233,1490121,11,6008,36020,0,ok
76354212313322,1610312,11,6489,38921,0,ok
76354212333332,977961,11,3928,23548,0,ok
76354213222223,787501,11,3163,18955,0,ok
76354213312223,872248,11,3507,21014,0,ok
76421351131121,867667,11,3486,20900,0,ok
76512343213313,2825593,11,11387,68313,0,ok
76512343332311,1281093,11,5137,30807,0,ok
76514321112323,960671,11,3864,23171,0,ok
76514321232113,1458061,11,5878,35249,0,ok
76521433232333,937332,11,3767,22584,0,ok
76523413223231,1175204,11,4723,28317,0,ok
76524313331222,1188827,11,4767,28582,0,ok
76541232131213,2783674,11,11221,67311,0,ok
76541232221222,1081578,11,4346,26056,0,ok
76541233121213,2021649,11,8155,48915,0,ok
76541233331333,1126889,11,4529,27166,0,ok
76541233333313,1007846,11,4041,24226,0,ok
76543211111111,1955321,11,7880,47256,0,ok
76543211212112,1191601,11,4793,28743,0,ok
76543211223221,886333,11,3556,21328,0,ok
76543211332331,1040036,11,4179,25063,0,ok
76543211333333,927932,11,3727,22350,0,ok
76543212132323,791806,11,3182,19072,0,ok
76543212222221,1043888,11,4199,25168,0,ok
76543212323213,801036,11,3217,19285,0,ok
76543213113131,856068,11,3439,20617,0,ok
