state,iret,len,expanded,generated,exit,check
12345672121232,9769386,11,49870,299213,0,-
12345672123212,9366046,11,47805,286816,0,-
12345672321212,9833070,11,50192,301135,0,-
12345673131323,9495953,11,48471,290816,0,-
12345673132313,11237521,11,57359,344148,0,-
12345673231313,10920317,11,55745,334461,0,-
12345761111111,6575644,11,33633,201786,0,-
12346571111231,4866375,11,24869,149195,0,-
12346751113133,6777048,11,34645,207852,0,-
12347561112212,6204169,11,31708,190232,0,-
12347651111111,10289702,11,52653,315906,0,-
12347651122112,6365852,11,32550,195285,0,-
12347651133311,5802096,11,29674,178021,0,-
12347652111221,5228604,11,26734,160388,0,-
12347652123233,6186004,11,31639,189813,0,-
12347652123332,7623809,11,38989,233922,0,-
12347652223232,5770540,11,29512,177051,0,-
12347653111133,6159924,11,31510,189049,0,-
12347653132223,5268190,11,26937,161610,0,-
12347653132322,5148103,11,26324,157922,0,-
12347653332323,5801387,11,29665,177972,0,-
12354671111111,7258726,11,37127,222744,0,-
12354761112323,9607248,11,49124,294728,0,-
12354762121112,6839683,11,34972,209813,0,-
12354762121211,7433542,11,38004,228017,0,-
12354762311123,5585480,11,28550,171287,0,-
12354763131131,6223387,11,31810,190839,0,-
12354763133111,5655114,11,28905,173419,0,-
12354763211123,6622800,11,33855,203117,0,-
12356471113133,5983916,11,30580,183468,0,-
12356741133131,8118305,11,41427,248551,0,-
12356741313131,8451296,11,43142,258840,0,-
12356743113131,8502206,11,43387,260316,0,-
12357461111222,6559079,11,33528,201158,0,-
12357461113331,6310968,11,32261,193553,0,-
12357462211112,6501035,11,33235,199389,0,-
12357641113331,6124009,11,31308,187830,0,-
12364571112212,6828213,11,34906,209422,0,-
12364751112212,5851493,11,29912,179460,0,-
12364751113133,6152931,11,31454,188706,0,-
12364753311131,5906705,11,30197,181159,0,-
12365471111111,7249246,11,37099,222578,0,-
12365471211122,6140800,11,31409,188440,0,-
12365471313113,5085585,11,26004,156004,0,-
12365472223232,5691331,11,29108,174632,0,-
12365472321233,6573025,11,33613,201669,0,-
12365473232312,5172695,11,26446,158657,0,-
12365473332323,5191319,11,26545,159255,0,-
12365741113331,6187760,11,31626,189740,0,-
12367451123333,9131453,11,46606,279617,0,-
12367451132222,8321814,11,42453,254702,0,-
12367451213333,8857814,11,45188,271112,0,-
12367451312222,10830456,11,55278,331661,0,-
12367452113333,9792624,11,49980,299866,0,-
12367453112222,8828679,11,45039,270216,0,-
12367541112212,7655481,11,39122,234725,0,-
12367541113331,8773506,11,44837,269010,0,-
12367541331131,5616518,11,28705,172221,0,-
12374561121212,8470250,11,43242,259433,0,-
12374561211212,8340741,11,42564,255370,0,-
12374562111212,9900527,11,50546,303264,0,-
12374651111222,6858147,11,35044,210245,0,-
12375461111222,6626345,11,33879,203255,0,-
12375641113112,6261064,11,31997,191966,0,-
12376451111222,6977803,11,35672,214015,0,-
12376451113133,6663718,11,34064,204375,0,-
12376451221211,5746282,11,29369,176195,0,-
12376541112323,6946279,11,35519,213102,0,-
12376541232233,8222969,11,42032,252186,0,-
12376541322233,5699047,11,29126,174745,0,-
12376542121232,6343990,11,32429,194553,0,-
12376542123212,5850745,11,29908,179432,0,-
12376543133132,5113741,11,26121,156715,0,-
12376543133231,5084099,11,25973,155817,0,-
12456731132321,9271349,11,47383,284280,0,-
12456731233223,5503464,11,28126,168743,0,-
12456733223321,5539600,11,28312,169861,0,-
12463751231231,5854353,11,29886,179294,0,-
12467351131121,5857313,11,29941,179623,0,-
12467351231321,5073712,11,25934,155581,0,-
12473561132123,5575939,11,28499,170985,0,-
12536741112323,6004413,11,30719,184301,0,-
12537461332112,5594600,11,28567,171383,0,-
12543671111111,7454275,11,38150,228890,0,-
12543671211212,5810180,11,29707,178222,0,-
12543671331113,5330591,11,27256,163516,0,-
12543672121121,5442656,11,27828,166954,0,-
12543672321332,5624824,11,28760,172544,0,-
12543672322232,5451240,11,27875,167235,0,-
12543672331232,5168567,11,26428,158546,0,-
12543673111331,5311186,11,27156,162916,0,-
12543673221323,5567392,11,28465,170770,0,-
12543673231223,5329141,11,27248,163471,0,-
12543673233323,6767600,11,34604,207607,0,-
12546371221331,5553044,11,28362,170158,0,-
12563472131213,6907162,11,35295,211752,0,-
12563473131212,6473759,11,33078,198448,0,-
12564733323122,5315815,11,27144,162842,0,-
12567433232333,5521295,11,28231,169363,0,-
12576343212221,6808678,11,34771,208613,0,-
12637451132111,6532762,11,33391,200332,0,-
12637451332112,4903737,11,25061,150338,0,-
12643571321321,5395258,11,27549,165273,0,-
12645371131121,6053077,11,30934,185580,0,-
12673542331133,7474033,11,38174,229032,0,-
12734561112323,5970671,11,30547,183266,0,-
12734561322233,5265589,11,26919,161497,0,-
12734562313223,5047345,11,25804,154804,0,-
12745631111111,17647149,11,90278,541652,0,-
12745632111122,5805427,11,29693,178137,0,-
12745632212213,6849316,11,35028,210154,0,-
12745632222221,5566129,11,28464,170763,0,-
12745632232211,6619208,11,33851,203083,0,-
12745633131131,6204648,11,31720,190309,0,-
12745633313312,5430168,11,27762,166555,0,-
12745633313333,5788021,11,29603,177605,0,-
12745633323311,5500364,11,28123,168721,0,-
12753462231323,6205010,11,31707,190230,0,-
12763452322232,5599009,11,28629,171760,0,-
12765432121313,6298330,11,32177,193054,0,-
12765432222212,9530560,11,48688,292119,0,-
12765433121213,7144677,11,36504,219011,0,-
12765433331333,6528552,11,33357,200137,0,-
13245671321111,6312164,11,32256,193520,0,-
13246571111111,7976658,11,40813,244866,0,-
13246571112233,5370131,11,27446,164662,0,-
13246571113232,8324601,11,42551,255300,0,-
13246572321332,6307772,11,32236,193396,0,-
13246572331232,5699681,11,29131,174766,0,-
13246573221233,5893619,11,30119,180685,0,-
13246573321223,6007509,11,30701,184190,0,-
13246752133211,7326221,11,37415,224484,0,-
13247563212131,6530641,11,33355,200123,0,-
13254761322233,6212880,11,31752,190504,0,-
13254761323322,5337724,11,27273,163617,0,-
13254762321233,7381072,11,37732,226383,0,-
13254763323122,6316693,11,32272,193619,0,-
13257641112233,5426277,11,27722,166322,0,-
13265741112323,8964809,11,45839,275023,0,-
13265742131312,7661254,11,39152,234895,0,-
13267451122211,6661080,11,34056,204323,0,-
13267451311133,5586385,11,28558,171328,0,-
13267541111132,7112797,11,36322,217914,0,-
13267541232212,6489825,11,33134,198790,0,-
13274651112323,7912990,11,40467,242792,0,-
13275461112233,5971700,11,30514,183066,0,-
13275463213211,5904983,11,30169,181001,0,-
13275641112233,7215915,11,36850,221077,0,-
13275641112323,8972863,11,45862,275152,0,-
13275642131333,6806505,11,34757,208531,0,-
13275643212221,7287970,11,37215,223273,0,-
13276451113211,7839494,11,40029,240157,0,-
13276451233133,7801248,11,39832,238972,0,-
13276541133122,5788446,11,29583,177478,0,-
13276541213312,7776577,11,39744,238443,0,-
13276541321123,5806088,11,29674,178024,0,-
13276541322311,7475076,11,38203,229195,0,-
13276541323112,4885210,11,24961,149746,0,-
13276541323322,5096886,11,26045,156253,0,-
13276542323312,5817250,11,29733,178382,0,-
13276543323122,5624339,11,28741,172433,0,-
13462571111111,6272431,11,32095,192554,0,-
13462572213311,5221215,11,26694,160156,0,-
13527461211113,6227909,11,31837,191007,0,-
13542671231231,4981649,11,25442,152633,0,-
13546271213213,5571729,11,28463,170763,0,-
13546271231231,7181486,11,36671,220005,0,-
13546271321321,6172216,11,31518,189092,0,-
13572641122133,7924213,11,40501,242995,0,-
13576241312213,7730190,11,39484,236898,0,-
13576241321321,6204143,11,31659,189935,0,-
13627451332112,5529522,11,28233,169386,0,-
13642571221223,7354980,11,37504,225009,0,-
13642571223221,7341006,11,37434,224584,0,-
13642573221221,8320119,11,42429,254559,0,-
13645271221331,5163841,11,26372,158214,0,-
13647521111111,6048730,11,30950,185678,0,-
13675241112323,6623355,11,33856,203123,0,-
13675242331313,5958589,11,30445,182655,0,-
13725642332132,6127563,11,31321,187911,0,-
13754262123323,11816823,11,60326,361942,0,-
13762451321321,5171093,11,26398,158367,0,-
13764251211311,4750914,11,24285,145683,0,-
13764252323231,5498901,11,28110,168643,0,-
13765422121211,7365356,11,37619,225702,0,-
14263751131121,5546977,11,28355,170118,0,-
14267351321321,5614739,11,28663,171959,0,-
14275633323122,5982567,11,30575,183432,0,-
14325671111111,20489633,11,104821,628911,0,-
14325672112121,5436482,11,27796,166764,0,-
14325672231323,5626276,11,28772,172621,0,-
14325672323222,5489840,11,28073,168419,0,-
14325673123232,5611964,11,28693,172143,0,-
14325673232333,5270576,11,26958,161724,0,-
14325673311131,6387156,11,32666,195985,0,-
14327652131213,6117786,11,31261,187553,0,-
14327653121213,6505793,11,33240,199432,0,-
14352672212111,5858006,11,29939,179615,0,-
14356721112323,6088748,11,31151,186893,0,-
14356721322233,7120089,11,36403,218405,0,-
14367252322232,5635971,11,28818,172890,0,-
14367523311113,9906464,11,50627,303752,0,-
14523672121313,6289468,11,32130,192766,0,-
14523673121312,7587234,11,38762,232567,0,-
14527631121311,5831953,11,29826,178938,0,-
14527631131211,5618339,11,28733,172381,0,-
14527631133311,5427840,11,27762,166541,0,-
14527631211131,6138885,11,31395,188357,0,-
14527631311121,6054563,11,30966,185775,0,-
14527632122213,6112329,11,31265,187571,0,-
14527632212111,6212278,11,31768,190591,0,-
14527632333332,7311142,11,37385,224298,0,-
14527633132322,5672091,11,28999,173977,0,-
14527633312133,5845664,11,29895,179352,0,-
14536273311311,6537630,11,33411,200454,0,-
14537622231323,5770279,11,29490,176925,0,-
14563272323222,5322687,11,27221,163311,0,-
14567231312213,7735337,11,39529,237164,0,-
14567231321123,6607265,11,33744,202451,0,-
14573261333111,6303885,11,32210,193244,0,-
14625731111111,7876884,11,40303,241801,0,-
14625731131121,6257427,11,31980,191864,0,-
14625731322233,5640360,11,28829,172950,0,-
14625732112121,5925113,11,30287,181708,0,-
14625732113321,6608985,11,33787,202710,0,-
14625732213323,5577063,11,28514,171063,0,-
14625732233111,6136254,11,31370,188201,0,-
14625733133111,5525767,11,28242,169435,0,-
14632571111111,9645261,11,49327,295947,0,-
14632571321132,5692992,11,29097,174568,0,-
14652733321331,6153600,11,31413,188460,0,-
14673251111111,7685294,11,39320,235905,0,-
14723651111213,5569238,11,28480,170868,0,-
14723651111312,7082354,11,36215,217281,0,-
14723651112131,5613588,11,28704,172215,0,-
14723651113121,5380972,11,27518,165090,0,-
14723651211212,5123106,11,26192,157133,0,-
14723652322121,4776135,11,24411,146448,0,-
14723652331232,5890499,11,30120,180703,0,-
14723653232222,5351945,11,27364,164167,0,-
14723653313111,5550162,11,28385,170289,0,-
14723653321313,6791452,11,34725,208340,0,-
14725361111111,6373434,11,32603,195604,0,-
14725361111123,5552921,11,28379,170260,0,-
14725361322332,5961065,11,30459,182738,0,-
14725362211121,6902242,11,35278,211653,0,-
14725363211213,5390275,11,27551,165291,0,-
14725363213121,5224651,11,26707,160221,0,-
14725363223213,5495341,11,28080,168464,0,-
14725363311113,7031535,11,35939,215608,0,-
14726531223122,6120720,11,31280,187667,0,-
14726531232122,6129914,11,31334,187991,0,-
14726531233313,5459802,11,27907,167430,0,-
14726531333312,5081344,11,25966,155784,0,-
14726532232313,6313176,11,32274,193633,0,-
14726533323122,5341340,11,27289,163714,0,-
14735621221112,5511973,11,28173,169025,0,-
14735621223113,5088016,11,25995,155954,0,-
14735621223332,8053354,11,41158,246936,0,-
14735621233112,6778076,11,34636,207796,0,-
14735621323112,6450836,11,32965,197770,0,-
14735621332112,4998357,11,25533,153176,0,-
14735621333111,5331004,11,27251,163484,0,-
14735621333222,4995758,11,25531,153169,0,-
14736251111132,5969365,11,30511,183051,0,-
14736251112332,5495766,11,28083,168484,0,-
14736253222223,5565751,11,28444,170660,0,-
14736521132222,6032186,11,30822,184909,0,-
14736521133131,5947548,11,30398,182370,0,-
14736521211212,5702348,11,29144,174847,0,-
14736521213333,5838265,11,29828,178947,0,-
14736521221313,6036579,11,30843,185050,0,-
14736521321231,8169943,11,41758,250545,0,-
14736521322233,5447946,11,27844,167050,0,-
14736521332121,6861665,11,35065,210375,0,-
14736523112222,6064336,11,30988,185912,0,-
14736523113131,5716000,11,29215,175271,0,-
14752363222121,5253093,11,26842,161034,0,-
14752363232222,6762144,11,34563,207358,0,-
14752363233131,6019870,11,30762,184545,0,-
14752631111111,7465863,11,38187,229109,0,-
14752631112311,6195305,11,31667,189982,0,-
14752631323223,5491440,11,28067,168381,0,-
14752632332132,5307870,11,27122,162714,0,-
14752633213223,5406554,11,27626,165744,0,-
14752633222223,5764362,11,29467,176787,0,-
14752633223123,5581700,11,28518,171090,0,-
14752633223231,6055872,11,30947,185664,0,-
14753261221112,5463999,11,27926,167538,0,-
14753261323112,6781057,11,34644,207855,0,-
14753261333111,5475702,11,27983,167879,0,-
14762351221331,6281147,11,32088,192513,0,-
14762351321231,6740005,11,34446,206665,0,-
14762351331221,5150486,11,26304,157798,0,-
14763251221223,9657074,11,49254,295508,0,-
14763251222312,8970474,11,45754,274506,0,-
14763251332331,8469049,11,43187,259105,0,-
14763251333123,8001207,11,40805,244814,0,-
14763252322121,7759672,11,39570,237397,0,-
14763253132232,7622470,11,38870,233203,0,-
14763253133132,7615559,11,38836,232995,0,-
14763253133222,8254083,11,42095,252559,0,-
14763253133231,7986958,11,40730,244356,0,-
14763253221221,7682283,11,39170,235001,0,-
14763253222112,8808209,11,44923,269524,0,-
14763521113211,6067403,11,31005,186009,0,-
14763521113223,5546005,11,28338,170015,0,-
14763523222331,4679811,11,23901,143386,0,-
14765231111213,6000738,11,30686,184095,0,-
14765231111312,6258479,11,32004,192007,0,-
14765231112131,5846693,11,29901,179388,0,-
14765231113121,5348284,11,27350,164080,0,-
14765231133131,5403599,11,27627,165740,0,-
14765232211211,5512487,11,28192,169138,0,-
14765232232322,5467520,11,27960,167740,0,-
14765232331313,5477427,11,28008,168028,0,-
14765233113131,5167209,11,26417,158479,0,-
14765233323332,5515151,11,28198,169184,0,-
15236471111111,7084385,11,36244,217449,0,-
15236473231121,4938668,11,25242,151439,0,-
15243671331221,5547211,11,28332,169973,0,-
15246371331332,7647039,11,38993,233941,0,-
15246371332331,7400039,11,37734,226384,0,-
15246372331331,7310940,11,37279,223657,0,-
15267431223113,5568938,11,28438,170606,0,-
15273641112323,6919328,11,35372,212211,0,-
15324673113311,9511067,11,48621,291714,0,-
15342671211311,4751066,11,24279,145647,0,-
15346271321321,5092136,11,26004,156005,0,-
15367421211113,6751977,11,34516,207085,0,-
15367421223113,5034848,11,25732,154373,0,-
15367423211123,5840244,11,29862,179152,0,-
15426371111111,6275760,11,32112,192656,0,-
15426371112233,5533959,11,28293,169747,0,-
15463271313113,6157586,11,31459,188738,0,-
15624732123212,7510949,11,38404,230414,0,-
15624732133313,6260250,11,32002,191990,0,-
15624732333332,5879421,11,30052,180297,0,-
15627431223113,5036527,11,25726,154337,0,-
15627431322113,6904752,11,35283,211680,0,-
15627431332112,5133898,11,26225,157332,0,-
15634722123332,7985911,11,40826,244943,0,-
15634722321233,5794403,11,29620,177708,0,-
15637423211123,6514633,11,33297,199772,0,-
15642371111111,13302641,11,68037,408215,0,-
15642372213311,5703488,11,29148,174869,0,-
15642372231332,5877947,11,30038,180207,0,-
15642372331322,5473611,11,27972,167814,0,-
15642373212311,5590367,11,28573,171427,0,-
15642373221323,5930593,11,30308,181839,0,-
15642373231223,6708811,11,34287,205711,0,-
15643271221331,5401079,11,27586,165503,0,-
15643271331221,5731162,11,29275,175637,0,-
15643273223111,5078803,11,25947,155659,0,-
15647233213232,5072267,11,25895,155354,0,-
15672341113232,6551051,11,33480,200869,0,-
15672341323112,5195113,11,26538,159219,0,-
15672342323312,5976856,11,30545,183256,0,-
15672343213232,5075344,11,25925,155524,0,-
15672433312133,7168297,11,36595,219555,0,-
15724362212132,6923211,11,35348,212078,0,-
15724631111111,6491766,11,33216,199273,0,-
15724631211311,5288006,11,27021,162115,0,-
15724631322233,5974201,11,30530,183164,0,-
15724632123233,7472968,11,38199,229183,0,-
15724632313223,5528246,11,28247,169474,0,-
15724632323231,6134268,11,31346,188056,0,-
15724632323333,6091199,11,31136,186798,0,-
15724633132322,5121547,11,26178,157047,0,-
15734622331223,6126896,11,31274,187621,0,-
15746321111111,8181064,11,41848,251070,0,-
15746321323211,4893279,11,25008,150030,0,-
15746322313112,4595185,11,23485,140895,0,-
15762342122213,8519918,11,43510,261044,0,-
15763241111111,7264175,11,37166,222981,0,-
15763242323132,5203444,11,26596,159555,0,-
16243571132132,5184201,11,26485,158894,0,-
16243571231231,5594804,11,28577,171433,0,-
16243571321321,5361385,11,27386,164304,0,-
16245371231231,5799616,11,29610,177644,0,-
16254733312223,10025096,11,51220,307304,0,-
16257431132111,5901300,11,30166,180975,0,-
16257433223123,5002426,11,25562,153363,0,-
16273541122133,8476253,11,43293,259737,0,-
16273541321321,7492321,11,38238,229408,0,-
16275341312213,7057983,11,36077,216455,0,-
16275343122221,5781619,11,29537,177209,0,-
16327453232333,5426219,11,27742,166436,0,-
16342571331221,5735720,11,29291,175734,0,-
16345271111111,12402470,11,63463,380766,0,-
16345271133131,5586753,11,28569,171394,0,-
16345271222111,6097289,11,31180,187068,0,-
16345272322232,5891312,11,30125,180738,0,-
16345272333212,5362993,11,27426,164542,0,-
16345273122323,6539630,11,33444,200646,0,-
16345273233323,7017194,11,35880,215264,0,-
16347252131312,7917282,11,40451,242685,0,-
16347253121312,7492129,11,38277,229644,0,-
16357421223113,5785263,11,29540,177234,0,-
16374521112323,6119815,11,31308,187838,0,-
16374523211123,5448645,11,27864,167163,0,-
16423572112121,6493581,11,33176,199041,0,-
16427531211311,5211280,11,26630,159763,0,-
16427531231321,5750414,11,29386,176304,0,-
16427532333233,9475032,11,48429,290557,0,-
16453271111111,7862469,11,40223,241315,0,-
16453271211113,5253275,11,26854,161099,0,-
16453272111131,5311754,11,27154,162901,0,-
16475233132313,7832997,11,40007,240031,0,-
16523473332323,5387191,11,27550,165286,0,-
16523741112212,6311948,11,32255,193511,0,-
16524731112212,7290618,11,37271,223617,0,-
16524731112233,6264548,11,32018,192097,0,-
16524731113133,6198758,11,31692,190132,0,-
16527341111111,6157888,11,31501,188985,0,-
16527431123333,9139954,11,46643,279844,0,-
16527431222132,9501073,11,48473,290824,0,-
16527431312222,10307032,11,52605,315611,0,-
16527431333213,8161449,11,41630,249761,0,-
16527432113333,8280734,11,42258,253533,0,-
16527432211322,9556407,11,48769,292592,0,-
16527432231122,8591657,11,43842,263041,0,-
16527432231332,8200941,11,41834,250986,0,-
16527432331322,8762585,11,44703,268200,0,-
16527432333113,8530220,11,43518,261086,0,-
16527433312133,8369828,11,42710,256236,0,-
16532471111222,6994404,11,35740,214421,0,-
16534271111111,6910730,11,35353,212101,0,-
16534271111132,5157575,11,26372,158206,0,-
16534273211111,6480249,11,33136,198805,0,-
16534723211123,8470438,11,43298,259779,0,-
16537421111222,5713734,11,29212,175248,0,-
16537421113322,5768034,11,29475,176833,0,-
16537421113331,6069210,11,31028,186152,0,-
16537421223113,5036573,11,25727,154341,0,-
16537421233112,7084360,11,36197,217167,0,-
16537421332112,5103482,11,26067,156377,0,-
16542371221331,4800991,11,24520,147099,0,-
16542371331221,5320029,11,27172,163014,0,-
16542372112331,7406413,11,37846,227061,0,-
16543271221223,10138384,11,51710,310235,0,-
16543271223221,7551299,11,38504,231008,0,-
16543271331332,8184942,11,41733,250382,0,-
16543271332331,8264788,11,42146,252857,0,-
16543272331331,7651838,11,39019,234086,0,-
16543273221221,8160158,11,41608,249626,0,-
16543721111111,6309057,11,32277,193642,0,-
16543721113211,5171445,11,26442,158634,0,-
16547233332323,5948847,11,30422,182520,0,-
16547321113331,7450735,11,38071,228415,0,-
16572431111111,7139120,11,36523,219126,0,-
16572433213223,5137120,11,26254,157502,0,-
16573241123123,6006684,11,30690,184119,0,-
16573241312312,5406135,11,27619,165691,0,-
16574231113133,6342694,11,32410,194450,0,-
16723451122133,6362316,11,32509,195043,0,-
16723451322311,5637857,11,28784,172693,0,-
16725431121311,5384864,11,27541,165228,0,-
16725431131211,5557868,11,28423,170523,0,-
16725431211122,5607632,11,28676,172049,0,-
16725431211131,6895015,11,35260,211545,0,-
16725431311121,5211893,11,26655,159909,0,-
16725432211121,6170646,11,31559,189338,0,-
16725432232223,5417213,11,27709,166234,0,-
16725433113311,5553217,11,28399,170375,0,-
16725433122212,5243863,11,26814,160868,0,-
16725433333232,4989186,11,25509,153034,0,-
16735242122213,7507532,11,38338,230013,0,-
16742352232313,6686417,11,34175,205037,0,-
16743252323222,5470393,11,27975,167831,0,-
16745232121313,6406632,11,32735,196402,0,-
16745232122222,5955981,11,30430,182562,0,-
16745233121213,5883400,11,30060,180342,0,-
16745233333313,8524421,11,43566,261390,0,-
16753241221112,6493275,11,33180,199068,0,-
17246351111111,6132795,11,31384,188282,0,-
17265433111313,9337554,11,47692,286134,0,-
17324561211323,6453197,11,32975,197829,0,-
17324561232332,4700845,11,24023,144123,0,-
17326452212111,9918051,11,50692,304137,0,-
17356241212313,4780637,11,24434,146579,0,-
17356242211331,7577526,11,38727,232340,0,-
17362451211311,4693939,11,23992,143938,0,-
17362451231321,5276705,11,26968,161796,0,-
17362452213311,8114753,11,41477,248848,0,-
17364251231231,6299414,11,32158,192934,0,-
17423653213232,5341314,11,27278,163649,0,-
17425631122112,5735419,11,29314,175865,0,-
17425631223113,5145538,11,26285,157694,0,-
17425631313113,5579601,11,28522,171113,0,-
17425631322113,6566417,11,33556,201316,0,-
17425631322332,7716084,11,39437,236602,0,-
17425631323112,6641676,11,33939,203620,0,-
17425631323223,5404663,11,27620,165706,0,-
17425631332112,5274763,11,26950,161678,0,-
17426531112233,5729323,11,29280,175672,0,-
17426531121212,6455763,11,33001,197991,0,-
17426531132312,6319092,11,32296,193759,0,-
17426531213123,6885676,11,35189,211119,0,-
17426531223221,5069757,11,25902,155382,0,-
17426531232233,8052234,11,41160,246948,0,-
17426531313131,6479212,11,33121,198709,0,-
17426531331332,5319087,11,27170,163006,0,-
17426532121211,5891647,11,30123,180716,0,-
17426532331331,5836716,11,29820,178891,0,-
17435622211133,7735757,11,39503,237006,0,-
17435623211123,8332435,11,42562,255360,0,-
17436521323232,5083816,11,25977,155855,0,-
17452363213232,5128262,11,26192,157134,0,-
17452363322132,5163569,11,26384,158281,0,-
17452633213232,6626538,11,33814,202876,0,-
17453262211133,5880719,11,30050,180278,0,-
17462352213311,6114834,11,31241,187425,0,-
17463251122112,5663912,11,28947,173664,0,-
17463251221331,4777780,11,24399,146372,0,-
17463251313113,5498884,11,28104,168602,0,-
17463251321231,5939610,11,30353,182098,0,-
17463251323112,6777301,11,34627,207750,0,-
17463251331221,5073851,11,25915,155472,0,-
17526431131121,5698462,11,29113,174674,0,-
17526431231321,6002523,11,30671,184008,0,-
17526432123233,7942718,11,40595,243564,0,-
17543261111111,8100021,11,41440,248620,0,-
17543261132111,5159169,11,26374,158219,0,-
17642531111111,6114158,11,31286,187694,0,-
17642531112233,7341801,11,37534,225188,0,-
17642533312211,5224724,11,26713,160264,0,-
17643251122112,6190517,11,31628,189756,0,-
21345671111111,7624509,11,38998,233961,0,-
21345762223322,9120107,11,46576,279445,0,-
21345762312323,7205460,11,36797,220769,0,-
21345762313223,6478435,11,33083,198482,0,-
21345763332233,6950952,11,35499,212978,0,-
21346752313322,7750691,11,39613,237665,0,-
21347562312323,9699122,11,49559,297337,0,-
21354671122112,5658614,11,28924,173521,0,-
21354671131313,6972479,11,35650,213894,0,-
21354671221112,5755235,11,29417,176488,0,-
21354672311123,6376344,11,32594,195559,0,-
21354672311132,6990249,11,35739,214421,0,-
21354672313211,19780527,11,101180,607070,0,-
21354673131113,6936795,11,35469,212798,0,-
21354761112233,5917010,11,30241,181424,0,-
21354761112311,5522767,11,28223,169321,0,-
21354761113211,6126558,11,31309,187837,0,-
21354761113322,5608219,11,28658,171930,0,-
21354761122211,7354955,11,37592,225532,0,-
21354761133311,6171384,11,31543,189239,0,-
21354762213311,5165708,11,26399,158374,0,-
21354763312211,5518782,11,28200,169183,0,-
21357462311111,7646639,11,39042,234234,0,-
21357463213331,7075143,11,36115,216673,0,-
21357642221132,7371399,11,37659,225940,0,-
21364752311111,6617430,11,33791,202735,0,-
21364753212212,6233033,11,31815,190870,0,-
21365742221312,5402219,11,27602,165597,0,-
21365742312323,6536909,11,33401,200396,0,-
21367451311331,5603637,11,28639,171815,0,-
21367452112112,5503655,11,28128,168746,0,-
21374653333121,6131569,11,31308,187833,0,-
21375462312233,6007521,11,30707,184230,0,-
21375463333211,6516122,11,33295,199760,0,-
21376541111123,5878999,11,30043,180238,0,-
21376541112311,5676218,11,29007,174030,0,-
21376541122211,7720498,11,39455,236715,0,-
21376541131133,6010471,11,30720,184300,0,-
21457631321123,8013511,11,40954,245711,0,-
21473563331312,7166747,11,36589,219531,0,-
21536742222131,7061856,11,36055,216318,0,-
21654372231323,6208731,11,31738,190424,0,-
21654372233321,5670023,11,28976,173847,0,-
21654373332122,5581239,11,28515,171066,0,-
21654373332221,5540354,11,28308,169835,0,-
21734652123131,5442832,11,27833,166978,0,-
23147562123131,7879442,11,40273,241632,0,-
23147651112323,6499801,11,33238,199417,0,-
23147652312323,5666718,11,28959,173736,0,-
23156471222132,6093471,11,31144,186844,0,-
23156471333132,5163185,11,26384,158280,0,-
23156473323332,5730495,11,29289,175720,0,-
23157461231333,6464903,11,33020,198105,0,-
23157462131123,8065029,11,41196,247164,0,-
23164573213133,6464438,11,33006,198010,0,-
23164752131312,6168265,11,31524,189133,0,-
23164753333313,6003403,11,30682,184074,0,-
23165471111111,6520714,11,33358,200127,0,-
23165471311133,5894207,11,30134,180784,0,-
23165471312132,5483397,11,28030,168161,0,-
23165472111122,6153207,11,31455,188718,0,-
23165472111332,5263324,11,26904,161400,0,-
23165472132332,6055155,11,30947,185658,0,-
23165472311111,5636438,11,28808,172834,0,-
23165473233221,6671902,11,34094,204547,0,-
23165741112323,8177017,11,41799,250787,0,-
23165741231312,7442068,11,38005,228022,0,-
23165742123131,7381296,11,37715,226287,0,-
23165742131321,9098592,11,46464,278776,0,-
23165742131333,10640276,11,54348,326085,0,-
23165742312323,7365074,11,37609,225629,0,-
23165743331312,10669504,11,54495,326964,0,-
23167541233322,6188854,11,31622,189725,0,-
23167542131222,6123133,11,31285,187697,0,-
23174652123131,6405058,11,32743,196444,0,-
23175463211222,6693228,11,34167,204994,0,-
23176452132221,6162370,11,31463,188758,0,-
23176453332233,6556535,11,33491,200932,0,-
23416752121211,8287060,11,42329,253968,0,-
23417563232123,5473628,11,27978,167853,0,-
23456173212332,4765859,11,24339,146021,0,-
23456173233122,6083411,11,31085,186496,0,-
23456713212332,4955981,11,25310,151835,0,-
23475162121112,7762798,11,39640,237822,0,-
23517462131333,8356012,11,42664,255977,0,-
23576412233321,5527532,11,28263,169562,0,-
23576412312323,5306486,11,27132,162773,0,-
23657142121112,8412011,11,42967,257788,0,-
23671452122333,11580140,11,59120,354709,0,-
23674153232321,5009113,11,25605,153608,0,-
23751461132123,4785025,11,24457,146720,0,-
23751463112321,4838289,11,24730,148359,0,-
23756143222331,6042347,11,30859,185147,0,-
23756411222312,7476096,11,38126,228732,0,-
23756413222112,7815257,11,39856,239118,0,-
23756413223312,7494659,11,38219,229293,0,-
23756413322312,7847448,11,40021,240111,0,-
24153672321233,6134571,11,31346,188063,0,-
24157361313212,5597583,11,28605,171612,0,-
24157362323111,5516593,11,28189,169121,0,-
24167353132232,8106786,11,41375,248241,0,-
24173652323231,5105906,11,26105,156612,0,-
24315673311311,9678830,11,49483,296892,0,-
24315761122322,6731411,11,34399,206384,0,-
24315762213323,6144090,11,31406,188419,0,-
24351671212211,7710464,11,39410,236453,0,-
24351673111133,7846491,11,40110,240655,0,-
24351673311311,9083829,11,46433,278583,0,-
24351761111123,9299949,11,47500,284986,0,-
24351761212232,6564213,11,33511,201057,0,-
24367511323112,6861864,11,35069,210401,0,-
24367513111121,5132221,11,26234,157383,0,-
24376512222122,8424837,11,43018,258095,0,-
24516732233111,6268243,11,32041,192228,0,-
24531673123121,7016924,11,35831,214973,0,-
24536713231232,6250451,11,31903,191406,0,-
24537613231322,8121124,11,41501,248991,0,-
24561372111131,6122209,11,31292,187732,0,-
24563711121212,7783686,11,39736,238407,0,-
24563712121232,7845234,11,40051,240297,0,-
24563713121222,10059868,11,51354,308118,0,-
24571362221213,7253954,11,37036,222197,0,-
24571631121212,7232679,11,36935,221592,0,-
24615371112332,5808636,11,29673,178023,0,-
24615372213311,11011586,11,56247,337469,0,-
24615731122313,7643293,11,39033,234193,0,-
24615731132333,10470428,11,53480,320875,0,-
24615732111323,9242365,11,47199,283192,0,-
24615732213311,6307343,11,32208,193232,0,-
24615732233321,7497440,11,38285,229697,0,-
24615733113323,10769697,11,55016,330088,0,-
24615733311122,6577303,11,33594,201549,0,-
24617532233321,8363818,11,42746,256453,0,-
24637512311132,7836709,11,40058,240330,0,-
24651731113223,6118948,11,31260,187553,0,-
24651731333333,5510403,11,28150,168891,0,-
24715363311332,6601631,11,33702,202203,0,-
24715631111111,6959841,11,35610,213652,0,-
24715631122121,6915174,11,35341,212025,0,-
24715631122133,5567256,11,28464,170763,0,-
24715632313223,5048372,11,25801,154785,0,-
24715633112111,4967535,11,25387,152302,0,-
24715633131131,6739285,11,34439,206614,0,-
24716532323231,7827332,11,39965,239773,0,-
24731561111111,9728195,11,49751,298494,0,-
24731562311231,5664003,11,28945,173654,0,-
24736512222332,8142752,11,41596,249564,0,-
24751362221231,10078086,11,51471,308811,0,-
24751362321113,12143790,11,62024,372129,0,-
24761531221223,7883293,11,40236,241401,0,-
24763151111111,6495128,11,33234,199386,0,-
24765313222112,6644235,11,33902,203392,0,-
25134672233321,5480893,11,28022,168111,0,-
25134672312323,5264399,11,26913,161463,0,-
25134672313211,7053448,11,36089,216521,0,-
25137461111111,7091101,11,36280,217662,0,-
25137461211323,4883618,11,24963,149751,0,-
25163741112323,6458497,11,33013,198057,0,-
25314673111313,13172768,11,67246,403459,0,-
25314673111331,12587356,11,64232,385381,0,-
25314673131311,13012343,11,66424,398536,0,-
25341673113311,10869853,11,55556,333324,0,-
25341762313223,9194683,11,46967,281785,0,-
25364172311231,10029216,11,51264,307568,0,-
25364173223231,4744644,11,24248,145466,0,-
25367411211122,6712453,11,34302,205791,0,-
25413672323111,10098828,11,51618,309695,0,-
25413763121222,7023171,11,35858,215132,0,-
25436711311313,5933104,11,30326,181938,0,-
25436712123122,5517805,11,28207,169224,0,-
25436712123332,6112040,11,31249,187470,0,-
25436712132122,6046291,11,30900,185387,0,-
25436712323231,5513887,11,28183,169075,0,-
25436713232321,5929718,11,30306,181811,0,-
25436713332122,5624523,11,28739,172420,0,-
25463713212332,6233043,11,31808,190833,0,-
25471362323132,5877694,11,30044,180247,0,-
25471631312213,8848686,11,45196,271165,0,-
25631741212121,10847251,11,55392,332340,0,-
25634713321232,6833581,11,34921,209510,0,-
25641371213132,6598571,11,33704,202212,0,-
25714632123131,7037383,11,35980,215864,0,-
25714632223331,6244101,11,31914,191473,0,-
25714632313211,17452660,11,89280,535671,0,-
25714633121333,6823774,11,34885,209296,0,-
25716431212223,6574053,11,33580,201466,0,-
25716433223213,6204892,11,31683,190078,0,-
25731642232211,10918049,11,55753,334499,0,-
25734162221111,6192079,11,31640,189819,0,-
25734613113323,8389086,11,42854,257115,0,-
25736141111123,7446380,11,38051,228293,0,-
25736141233232,7057769,11,36044,216257,0,-
25736411133113,6727942,11,34389,206318,0,-
25736411231321,6071899,11,31037,186216,0,-
25736411321312,5178490,11,26459,158736,0,-
25736411331113,6427429,11,32853,197102,0,-
25736413123112,5396424,11,27574,165432,0,-
25741361232113,7458701,11,38124,228734,0,-
25741632222323,6295680,11,32186,193106,0,-
25741632312323,5680586,11,29031,174177,0,-
25743611233232,5884086,11,30036,180200,0,-
25763142223133,7157212,11,36569,219400,0,-
25763411332322,5431598,11,27753,166504,0,-
26135742132221,6789826,11,34692,208148,0,-
26135742213323,6257808,11,31987,191899,0,-
26135742332312,6471390,11,33065,198374,0,-
26153471122121,6372711,11,32566,195378,0,-
26153473131131,5784405,11,29563,177359,0,-
26153473132121,5643263,11,28829,172949,0,-
26154372332213,12542806,11,64044,384249,0,-
26175432331133,6922376,11,35343,212043,0,-
26317451212211,10042156,11,51326,307950,0,-
26345711223113,4682714,11,23929,143550,0,-
26371453112111,5514063,11,28183,169082,0,-
26415731322323,5433282,11,27761,166554,0,-
26415732121223,5409629,11,27639,165825,0,-
26415732233321,6706366,11,34267,205586,0,-
26435712222122,9913428,11,50631,303775,0,-
26435712233321,7328432,11,37420,224507,0,-
26435712311132,6990717,11,35716,214281,0,-
26435712322322,9226229,11,47118,282703,0,-
26435713311122,6903952,11,35265,211572,0,-
26435713333133,8397409,11,42884,257291,0,-
26437512122312,6162562,11,31488,188918,0,-
26453172211133,6817524,11,34837,209008,0,-
26453711333333,6138435,11,31358,188131,0,-
26513471122121,6501884,11,33223,199323,0,-
26517343333313,7920159,11,40442,242636,0,-
26534713333313,8497421,11,43429,260555,0,-
26543171111111,6429929,11,32898,197365,0,-
26543171123111,5218963,11,26679,160047,0,-
26547313131323,8482231,11,43324,259938,0,-
26573413331312,7008031,11,35782,214669,0,-
26714531212133,6786435,11,34670,208008,0,-
26714532121133,7333440,11,37464,224773,0,-
26715433231322,6252787,11,31958,191735,0,-
26741351232113,5421378,11,27720,166294,0,-
26743512121232,8474019,11,43281,259680,0,-
27134561131133,6284772,11,32115,192671,0,-
27154632311132,5648672,11,28885,173290,0,-
27314652313211,6870353,11,35152,210899,0,-
27365412321212,8183552,11,41793,250749,0,-
27415363131113,7923315,11,40458,242731,0,-
27415632323231,6775590,11,34600,207583,0,-
27415633321322,8359303,11,42691,256133,0,-
27416532133232,5634583,11,28799,172778,0,-
27416533321232,6842485,11,34976,209836,0,-
27435612122222,6080386,11,31073,186430,0,-
27453161123111,5021393,11,25667,153986,0,-
27453161132111,5892522,11,30116,180694,0,-
27456133132223,6399087,11,32694,196154,0,-
27516341111111,6185061,11,31647,189849,0,-
27534161111111,6152569,11,31479,188851,0,-
27534161111123,8177432,11,41802,250795,0,-
27534162311111,5698327,11,29130,174768,0,-
27534612311132,6666166,11,34079,204460,0,-
27536412332312,6169322,11,31499,188980,0,-
27543611111123,7235743,11,36987,221912,0,-
27543611111132,5140081,11,26279,157649,0,-
27546312231122,10854745,11,55420,332504,0,-
27613543333133,7940395,11,40542,243232,0,-
27614353311332,6893272,11,35194,211151,0,-
27615431312333,7504824,11,38346,230065,0,-
27615432113321,7937913,11,40573,243416,0,-
27615433313213,5520166,11,28207,169214,0,-
27634511131133,6191548,11,31654,189905,0,-
27634512233321,5797482,11,29631,177768,0,-
27643513311233,8989338,11,45898,275381,0,-
31246753312211,7659737,11,39136,234804,0,-
31247651113232,5513382,11,28174,169038,0,-
31247651323232,6508505,11,33260,199548,0,-
31256471231222,6172683,11,31510,189045,0,-
31257462222221,7350544,11,37562,225362,0,-
31257462312311,6085270,11,31092,186545,0,-
31257643311122,6396348,11,32680,196067,0,-
31264572122213,6297704,11,32191,193131,0,-
31264573132313,6057812,11,30975,185839,0,-
31264573222223,6222291,11,31804,190811,0,-
31264752132122,6266032,11,31994,191945,0,-
31264752313121,6669853,11,34067,204392,0,-
31265471111111,7920457,11,40523,243126,0,-
31265471122112,5567587,11,28455,170713,0,-
31265471122133,6371156,11,32570,195399,0,-
31265471312213,5660893,11,28939,173620,0,-
31265471313113,5256657,11,26869,161197,0,-
31265471321111,4954491,11,25321,151909,0,-
31265472233321,7944549,11,40604,243612,0,-
31265472312233,5660527,11,28939,173617,0,-
31265741233331,7831788,11,39987,239902,0,-
31267542222233,7324121,11,37414,224470,0,-
31267542313133,7942081,11,40577,243444,0,-
31275461112233,8072390,11,41218,247289,0,-
31275461322233,8150972,11,41615,249683,0,-
31275462133211,6803910,11,34746,208457,0,-
31275462223211,6834771,11,34902,209399,0,-
31275462311213,7169302,11,36610,219659,0,-
31275462312212,7239273,11,36973,221822,0,-
31275463311122,7786336,11,39764,238566,0,-
31276452133322,5609911,11,28662,171958,0,-
31276452313313,6596932,11,33708,202235,0,-
31452671323211,4665223,11,23843,143043,0,-
31452671332232,4946247,11,25281,151668,0,-
31452672322331,4969885,11,25400,152387,0,-
31456722111221,6246056,11,31913,191462,0,-
31462751111111,6684283,11,34199,205181,0,-
31462751113322,5746417,11,29377,176249,0,-
31475261322233,6007928,11,30696,184167,0,-
31475262331313,7190806,11,36747,220472,0,-
31475262333221,5978875,11,30549,183287,0,-
31524673332122,8479548,11,43298,259778,0,-
31527643332122,5004788,11,25576,153433,0,-
31564272212111,9580562,11,48971,293812,0,-
31564272213311,5558387,11,28403,170401,0,-
31564273113311,6070274,11,31028,186148,0,-
31572461122133,6189624,11,31639,189815,0,-
31624751112233,5266305,11,26923,161524,0,-
31624753312211,5164490,11,26403,158395,0,-
31627452221333,7972259,11,40691,244134,0,-
31654272313322,8738441,11,44635,267791,0,-
31754621331122,7683754,11,39271,235610,0,-
31765242322121,7509679,11,38328,229951,0,-
32145671111111,10521494,11,53839,323022,0,-
32145671123333,6066441,11,31025,186133,0,-
32145671132222,5688640,11,29086,174505,0,-
32145671221112,6100285,11,31192,187134,0,-
32145671333333,6053517,11,30955,185715,0,-
32145672113333,5703554,11,29170,175005,0,-
32145672212222,5779941,11,29562,177355,0,-
32145673112222,5159036,11,26377,158244,0,-
32145673311113,5891767,11,30135,180790,0,-
32146751232323,5859729,11,29949,179682,0,-
32146752232223,7204589,11,36828,220949,0,-
32147562313223,5166870,11,26404,158407,0,-
32147562333233,9255614,11,47307,283824,0,-
32147651123333,9032687,11,46103,276603,0,-
32147651132222,8238280,11,42024,252126,0,-
32147651213333,9312683,11,47506,285017,0,-
32147651312222,8574766,11,43760,262549,0,-
32147652113333,8347697,11,42596,255564,0,-
32147652231332,8091822,11,41276,247641,0,-
32147652233213,10665335,11,54436,326606,0,-
32147652331322,8777948,11,44779,268654,0,-
32147652332213,10320255,11,52670,316013,0,-
32147653112222,8405970,11,42883,257286,0,-
32156471111111,6736829,11,34460,206751,0,-
32156471113211,5358974,11,27390,164320,0,-
32156471232332,4935812,11,25222,151311,0,-
32156472312332,5211356,11,26628,159749,0,-
32156472332132,5132386,11,26222,157315,0,-
32156472332321,5640370,11,28826,172946,0,-
32156472333332,5834480,11,29825,178935,0,-
32156473223123,4788452,11,24466,146773,0,-
32156741112323,9784497,11,50029,300152,0,-
32156742311123,5271829,11,26945,161657,0,-
32156742313223,6249536,11,31936,191606,0,-
32156742333131,5291907,11,27045,162247,0,-
32157641232323,5893200,11,30115,180676,0,-
32157642231323,5937252,11,30351,182090,0,-
32164571111111,7332945,11,37519,225101,0,-
32164571111231,5107079,11,26102,156592,0,-
32164571232323,5256269,11,26864,161161,0,-
32164572232223,6259291,11,32002,192000,0,-
32164572232313,6246869,11,31940,191624,0,-
32164572233321,6098247,11,31168,186991,0,-
32164572312323,5884186,11,30076,180433,0,-
32164573323212,5566110,11,28452,170689,0,-
32165741111111,8808428,11,45045,270264,0,-
32165741111132,5676100,11,29008,174039,0,-
32165741233223,5455263,11,27873,167220,0,-
32165742211112,7147509,11,36536,219204,0,-
32165742331112,5255576,11,26863,161151,0,-
32165743311131,5566407,11,28457,170713,0,-
32167451111111,7367910,11,37706,226217,0,-
32167451213333,5870419,11,30011,180053,0,-
32167451222222,5638970,11,28835,172997,0,-
32167451312222,5602440,11,28648,171868,0,-
32167451333111,5417951,11,27699,166174,0,-
32167452211121,5794081,11,29634,177787,0,-
32167453222313,4999296,11,25559,153329,0,-
32167453313333,5782550,11,29576,177443,0,-
32167453321232,5700809,11,29152,174889,0,-
32174561112323,7147527,11,36550,219288,0,-
32174561232113,7452621,11,38100,228586,0,-
32174561232233,6587025,11,33667,201993,0,-
32174562231212,5972200,11,30530,183156,0,-
32174652312332,5119526,11,26156,156926,0,-
32174652332132,5223589,11,26685,160095,0,-
32175461111111,7557746,11,38670,232002,0,-
32175461113112,5234895,11,26751,160486,0,-
32175461221112,5412854,11,27664,165967,0,-
32175461333111,5586826,11,28554,171301,0,-
32175462233111,5896251,11,30145,180847,0,-
32175462312323,7839551,11,40072,240406,0,-
32416753121222,9250600,11,47238,283424,0,-
32417562113321,8850441,11,45201,271202,0,-
32417652132131,5459957,11,27900,167391,0,-
32417653132121,4741686,11,24235,145386,0,-
32451762331121,4835904,11,24715,148268,0,-
32456173212332,6207827,11,31681,190068,0,-
32456711233133,11737299,11,59943,359643,0,-
32465172112121,5993942,11,30643,183834,0,-
32465172132131,4912777,11,25098,150565,0,-
32465172133121,5143135,11,26279,157661,0,-
32465172332321,5753400,11,29404,176414,0,-
32465173123121,5393670,11,27560,165342,0,-
32465173132121,5550259,11,28363,170157,0,-
32465173133111,6005194,11,30694,184143,0,-
32465173233221,6425154,11,32837,197010,0,-
32475161232323,6558606,11,33491,200926,0,-
32475163331222,6737393,11,34403,206398,0,-
32476513232231,5702193,11,29144,174848,0,-
32517463131311,9255371,11,47261,283563,0,-
32546713323212,6237568,11,31868,191195,0,-
32547611121113,5791309,11,29609,177649,0,-
32547611131112,5375830,11,27491,164920,0,-
32547611213111,5496668,11,28110,168644,0,-
32547611312111,5756068,11,29436,176600,0,-
32547612111311,5596197,11,28618,171691,0,-
32547613111211,5495150,11,28101,168589,0,-
32561471113133,6320032,11,32318,193884,0,-
32561471121311,5667438,11,28984,173887,0,-
32561471122211,6127331,11,31338,188007,0,-
32561471131211,5720018,11,29252,175497,0,-
32561471211131,7249024,11,37073,222419,0,-
32561471311121,5799034,11,29660,177932,0,-
32561472133313,5498811,11,28127,168742,0,-
32561472213122,5478329,11,28019,168090,0,-
32561473222223,5187986,11,26529,159159,0,-
32561473323212,5260131,11,26894,161345,0,-
32567412122222,6041556,11,30865,185166,0,-
32567412131312,7478667,11,38209,229241,0,-
32567412222212,9190653,11,46958,281724,0,-
32567413131212,5934158,11,30319,181900,0,-
32567413133333,7271119,11,37145,222857,0,-
32576142313223,5927269,11,30303,181807,0,-
32615473332122,6109815,11,31227,187347,0,-
32647152133121,6962796,11,35581,213470,0,-
32647153132121,4776875,11,24413,146465,0,-
32647512333233,9686152,11,49508,297033,0,-
32657143121213,7296912,11,37260,223551,0,-
32657412111212,7170337,11,36626,219735,0,-
32671453123313,7508584,11,38338,230026,0,-
32674152113333,8672270,11,44291,265739,0,-
32714652332132,5529051,11,28236,169394,0,-
32716452123212,8273143,11,42253,253515,0,-
32741651121311,7577182,11,38743,232441,0,-
32741651131211,5990169,11,30627,183745,0,-
32741651211131,5576164,11,28511,171053,0,-
32741651311121,5797102,11,29641,177836,0,-
32741652111113,6110459,11,31241,187431,0,-
32741653111112,6103811,11,31208,187239,0,-
32745611223332,5333228,11,27231,163374,0,-
32745612313322,6209004,11,31726,190350,0,-
32745612322331,5199217,11,26547,159269,0,-
32751643321232,6420593,11,32810,196850,0,-
32754163211123,5524562,11,28251,169486,0,-
32756141233121,6570499,11,33547,201274,0,-
32761452121313,6100775,11,31173,187027,0,-
32761452122222,6483703,11,33128,198751,0,-
32761452222212,6076434,11,31048,186281,0,-
32761453121312,8503405,11,43457,260730,0,-
32761453133333,6212347,11,31745,190452,0,-
32765411112221,6025743,11,30816,184878,0,-
32765411121113,5466485,11,27954,167704,0,-
32765411131112,5214339,11,26663,159967,0,-
32765411133113,5701532,11,29155,174901,0,-
32765411331113,5696299,11,29125,174727,0,-
32765412221312,5418200,11,27704,166211,0,-
32765412323222,5632659,11,28803,172809,0,-
32765413122212,5173738,11,26452,158696,0,-
32765413223312,5138123,11,26261,157549,0,-
32765413231223,6108377,11,31229,187357,0,-
32765413322312,5077570,11,25952,155686,0,-
34125672131213,5837477,11,29826,178943,0,-
34125672131312,6492323,11,33172,199024,0,-
34125672221222,6085454,11,31096,186568,0,-
34125673133333,6672422,11,34091,204535,0,-
34127651121113,5446623,11,27849,167080,0,-
34127651131112,5380519,11,27515,165067,0,-
34127651213111,5529540,11,28275,169636,0,-
34127651312111,5776379,11,29533,177184,0,-
34127652111311,5427513,11,27750,166490,0,-
34127653111211,5471063,11,27975,167831,0,-
34162752132212,11127370,11,56822,340918,0,-
34165271112212,6651835,11,34017,204087,0,-
34165271121311,6152221,11,31462,188765,0,-
34165271131211,5762417,11,29471,176810,0,-
34165271211131,7078930,11,36200,217189,0,-
34165271311121,5407321,11,27654,165904,0,-
34165271311133,5950900,11,30435,182590,0,-
34165272323333,5547396,11,28375,170230,0,-
34165273133312,6955865,11,35567,213386,0,-
34165273222322,4979302,11,25458,152728,0,-
34165273311131,5467157,11,27960,167740,0,-
34167252213323,6351369,11,32455,194709,0,-
34172562132332,6282842,11,32079,192464,0,-
34172562313331,6723782,11,34344,206045,0,-
34175263321232,6451364,11,32978,197849,0,-
34216572213122,8682778,11,44344,266057,0,-
34261572132131,4878902,11,24921,149505,0,-
34261572133121,5120709,11,26163,156963,0,-
34261573123121,5233147,11,26734,160385,0,-
34265712212132,8143996,11,41585,249490,0,-
34275161312213,6098364,11,31172,187011,0,-
34275162112322,5870433,11,29996,179959,0,-
34275162213221,6452554,11,32972,197816,0,-
34516271111111,6310268,11,32284,193694,0,-
34516272312332,6901493,11,35268,211586,0,-
34516722313223,7741455,11,39555,237318,0,-
34517622231323,6469266,11,33072,198419,0,-
34521672223232,5988406,11,30618,183693,0,-
34526713232312,5522634,11,28225,169327,0,-
34527612211322,9104672,11,46465,278771,0,-
34527612231122,8864013,11,45232,271379,0,-
34527612231332,9722467,11,49594,297559,0,-
34527612331322,8861233,11,45201,271190,0,-
34527613312133,9021502,11,46037,276213,0,-
34561272122123,8434588,11,43028,258156,0,-
34561272122321,8805424,11,44915,269473,0,-
34561272212213,10695015,11,54591,327539,0,-
34561272213122,8751207,11,44656,267921,0,-
34561272232211,10337190,11,52759,316544,0,-
34561273221233,8360115,11,42646,255861,0,-
34561273233131,8280403,11,42238,253412,0,-
34561273311233,8675210,11,44270,265609,0,-
34561273313321,9891143,11,50483,302886,0,-
34561273321133,9021456,11,46037,276199,0,-
34561273321223,8482295,11,43271,259608,0,-
34561721111111,6837801,11,34976,209843,0,-
34562171321111,5514628,11,28179,169056,0,-
34562171321231,5384884,11,27519,165093,0,-
34562172232313,7114363,11,36371,218213,0,-
34567212223232,6978296,11,35676,214045,0,-
34617252111212,7656140,11,39094,234545,0,-
34617252123212,7584605,11,38726,232341,0,-
34617252132212,8102402,11,41361,248154,0,-
34617522221333,7215305,11,36837,221002,0,-
34621572132131,5708846,11,29152,174896,0,-
34625172111212,8195392,11,41863,251163,0,-
34627512232313,5766852,11,29480,176861,0,-
34651271123111,5631570,11,28787,172704,0,-
34651272332132,5375955,11,27472,164817,0,-
34675212222122,8376953,11,42769,256609,0,-
34715262221123,8229615,11,42003,252003,0,-
34716522223211,7320094,11,37387,224313,0,-
34721652121313,7850252,11,40099,240586,0,-
34721652131213,7110938,11,36337,218009,0,-
34721652221222,7950201,11,40611,243655,0,-
34721652222212,7470375,11,38174,229031,0,-
34721653333313,7019184,11,35861,215148,0,-
34725611212211,6223589,11,31828,190954,0,-
34725612111113,5360054,11,27411,164452,0,-
34725612121322,6197757,11,31700,190188,0,-
34725612231212,6212674,11,31777,190646,0,-
34725612231332,5447785,11,27852,167106,0,-
34725612322232,5820266,11,29765,178565,0,-
34725612331322,5749153,11,29393,176344,0,-
34725613111112,5890609,11,30125,180738,0,-
34725613111133,5717563,11,29245,175456,0,-
34725613132223,5751222,11,29407,176419,0,-
34725613311113,5734478,11,29326,175940,0,-
34761252323222,5426510,11,27749,166472,0,-
35126741232212,6879998,11,35140,210830,0,-
35126742231233,6856305,11,35020,210113,0,-
35127462331331,7226143,11,36875,221236,0,-
35162472122231,5474432,11,27978,167853,0,-
35162472123233,7000851,11,35783,214683,0,-
35162473122221,5385158,11,27516,165084,0,-
35162473323131,5480371,11,28008,168029,0,-
35162473332122,6089563,11,31109,186631,0,-
35162473332131,5428808,11,27737,166404,0,-
35162742213323,7061904,11,36069,216396,0,-
35167242132212,6901754,11,35243,211443,0,-
35172461232323,6552989,11,33458,200740,0,-
35174262213131,8217917,11,41981,251877,0,-
35174262231113,7234738,11,36957,221728,0,-
35246171111111,6109524,11,31263,187553,0,-
35246171113322,5310033,11,27149,162876,0,-
35246172213311,5916320,11,30247,181471,0,-
35267141223233,5008674,11,25599,153578,0,-
35267141321132,10461195,11,53476,320840,0,-
35271461322233,5429045,11,27736,166406,0,-
35416721113112,5420544,11,27697,166167,0,-
35416723232213,7323205,11,37437,224615,0,-
35417622223133,7936348,11,40540,243218,0,-
35426712131132,6072466,11,31035,186194,0,-
35426712311312,5375729,11,27473,164817,0,-
35426713111313,6441236,11,32931,197565,0,-
35426713131113,5836330,11,29835,178991,0,-
35426713312211,6154857,11,31451,188690,0,-
35461271111231,6311386,11,32251,193494,0,-
35461271321231,5377768,11,27481,164871,0,-
35461272222323,5583125,11,28540,171218,0,-
35462171131313,5974445,11,30544,183256,0,-
35462171212121,6257407,11,31987,191904,0,-
35462171221223,5147913,11,26299,157779,0,-
35462171332331,5768480,11,29470,176798,0,-
35462172213311,6159488,11,31476,188840,0,-
35462172223331,5619986,11,28725,172334,0,-
35462172312131,5449159,11,27847,167064,0,-
35462173123211,5720922,11,29240,175422,0,-
35462173131311,6387233,11,32649,195876,0,-
35462173221221,6148843,11,31409,188437,0,-
35462712322322,6861642,11,35043,210243,0,-
35472163222313,5600062,11,28623,171718,0,-
35472163231322,6204721,11,31717,190284,0,-
35476122221111,6360578,11,32505,195011,0,-
35614722321233,6633168,11,33910,203449,0,-
35617423131332,6044677,11,30884,185297,0,-
35624712121232,8590043,11,43848,263075,0,-
35624712321212,9999696,11,51042,306249,0,-
35624712321332,8408095,11,42902,257391,0,-
35624712331232,8476520,11,43249,259483,0,-
35714623111322,7317454,11,37381,224279,0,-
35721642221213,11254486,11,57470,344808,0,-
35762142222113,6769006,11,34567,207398,0,-
36125471111333,5811657,11,29721,178315,0,-
36125471212112,8225371,11,42044,252239,0,-
36125471213111,5313459,11,27174,163023,0,-
36125471222111,8372137,11,42792,256733,0,-
36125471312111,5587172,11,28569,171405,0,-
36125472111311,5291593,11,27060,162339,0,-
36125472121223,5074049,11,25945,155651,0,-
36125473111211,5689872,11,29096,174567,0,-
36125473232222,6223302,11,31819,190894,0,-
36125473323233,6017941,11,30775,184632,0,-
36125743222331,9672870,11,49402,296403,0,-
36127451333222,5223108,11,26668,159994,0,-
36145272122222,7084988,11,36201,217187,0,-
36145272131213,9214153,11,47077,282441,0,-
36145272131312,6299655,11,32183,193083,0,-
36145273333313,7255214,11,37062,222361,0,-
36147251121311,5983384,11,30592,183544,0,-
36147251131211,6269516,11,32054,192305,0,-
36147251211131,6521559,11,33346,200067,0,-
36147251311121,5459427,11,27913,167467,0,-
36147252111113,6975236,11,35663,213961,0,-
36147253111112,5855476,11,29938,179608,0,-
36152741231312,7739091,11,39517,237103,0,-
36152742131321,6827833,11,34872,209220,0,-
36172452133133,8185519,11,41796,250759,0,-
36217452131333,7941046,11,40545,243256,0,-
36217541223311,4674241,11,23890,143316,0,-
36217543213112,4924506,11,25168,150986,0,-
36241573212332,5152502,11,26305,157815,0,-
36241753212311,5976348,11,30552,183289,0,-
36415272123212,7366912,11,37626,225738,0,-
36417522123311,6617106,11,33804,202812,0,-
36514272212111,9178452,11,46913,281465,0,-
36521472113321,6463125,11,33021,198114,0,-
36521472331121,5444599,11,27798,166772,0,-
36527411131133,5486225,11,28055,168321,0,-
36527412111113,5405076,11,27642,165840,0,-
36527412131222,6347095,11,32458,194735,0,-
36527412211322,6405280,11,32751,196493,0,-
36527412221312,5563120,11,28449,170681,0,-
36527412231122,5622839,11,28752,172497,0,-
36527412322232,5712657,11,29214,175270,0,-
36527413111112,5702914,11,29167,174981,0,-
36527413311311,5343827,11,27327,163934,0,-
36541272323222,5367799,11,27451,164686,0,-
36542712121322,8317822,11,42474,254832,0,-
36547212121313,7014002,11,35837,215014,0,-
36547212122222,7432243,11,37978,227847,0,-
36547212131312,7467877,11,38161,228948,0,-
36547212221222,7085072,11,36203,217197,0,-
36547213331333,6385006,11,32625,195736,0,-
36712542121112,8655628,11,44184,265093,0,-
36712542121121,8110227,11,41379,248263,0,-
36712542121211,9542096,11,48709,292236,0,-
36712542122111,8550169,11,43628,261754,0,-
36714252232223,5578645,11,28520,171101,0,-
36714521232113,7700662,11,39367,236200,0,-
36714522121322,7655699,11,39134,234795,0,-
36714522122213,6204158,11,31716,190284,0,-
36714523132223,6309722,11,32255,193511,0,-
36714523132322,6189653,11,31638,189805,0,-
36721451131331,5443055,11,27827,166951,0,-
36721452121322,6226702,11,31847,191067,0,-
36721452122123,5190388,11,26536,159195,0,-
36721452122213,6222703,11,31830,190958,0,-
36721452122321,5815357,11,29730,178366,0,-
36721452131111,5753333,11,29420,176501,0,-
36721452223232,5567954,11,28473,170818,0,-
36721453113113,6050462,11,30932,185574,0,-
36721453121111,7350746,11,37588,225518,0,-
36725411121212,9194808,11,46931,281576,0,-
36725411131313,9223083,11,47075,282440,0,-
36725411212121,9250576,11,47215,283277,0,-
36725411313131,9288331,11,47405,284418,0,-
36725412111212,9960074,11,50834,304982,0,-
36725412121112,9203088,11,46973,281819,0,-
36725412121211,9477119,11,48367,290186,0,-
36725412121232,9250447,11,47215,283268,0,-
36725412123212,9798953,11,50008,300029,0,-
36725412321212,9637927,11,49189,295121,0,-
36725413111313,10615364,11,54178,325056,0,-
36725413131113,9540900,11,48695,292160,0,-
36725413131311,11147571,11,56892,341352,0,-
36741252122123,9320285,11,47546,285256,0,-
36741252122321,8704144,11,44395,266348,0,-
36741252122333,8404551,11,42884,257288,0,-
36741252123323,8996135,11,45910,275441,0,-
36741253233131,8872469,11,45256,271520,0,-
36745211211221,5069766,11,25920,155497,0,-
36745212121223,5288770,11,27046,162257,0,-
36745212122312,6608944,11,33795,202763,0,-
36745212122333,5616694,11,28722,172318,0,-
36745212123323,6312038,11,32278,193652,0,-
36745212131111,5307352,11,27141,162826,0,-
36745212223232,5575223,11,28511,171048,0,-
36745213121111,6845454,11,35007,210022,0,-
36745213131131,5206502,11,26626,159733,0,-
36745213133111,5712608,11,29213,175252,0,-
36745213232213,5450031,11,27873,167218,0,-
36751243222322,5710758,11,29184,175099,0,-
36752142122132,6092218,11,31136,186800,0,-
36752142123221,5706123,11,29161,174954,0,-
36752143132232,5075235,11,25930,155562,0,-
36752143133222,6180493,11,31571,189412,0,-
36752143211132,5766156,11,29468,176794,0,-
36754123232222,9915094,11,50595,303561,0,-
37246511112233,6988170,11,35724,214337,0,-
37256142321233,6572657,11,33589,201518,0,-
37415622333221,7398161,11,37807,226830,0,-
37426513132313,8492341,11,43353,260106,0,-
37452162323312,6107148,11,31206,187220,0,-
37516422333311,5798926,11,29628,177755,0,-
37561241311112,5632154,11,28792,172734,0,-
37612453122233,5711983,11,29185,175097,0,-
37612542221111,6704205,11,34268,205594,0,-
37614252221123,7297369,11,37256,223513,0,-
37614521111111,7675287,11,39271,235607,0,-
37614521323232,5002930,11,25572,153412,0,-
37614522111221,5671132,11,28988,173910,0,-
37614522113321,6444674,11,32950,197687,0,-
37614522313322,6716668,11,34344,206042,0,-
37614522323312,5630677,11,28783,172674,0,-
37614523232213,6343698,11,32434,194586,0,-
37615421113322,7085273,11,36177,217048,0,-
37615422211133,7041702,11,35961,215752,0,-
37615422223133,7135726,11,36440,218629,0,-
37615422313121,6637275,11,33896,203359,0,-
37615422313331,7125885,11,36393,218347,0,-
37615423121132,7530832,11,38460,230749,0,-
37624152311213,7301052,11,37291,223731,0,-
37624511232233,6601125,11,33740,202428,0,-
37624512121322,7621223,11,38956,233724,0,-
37624512231212,5890498,11,30113,180666,0,-
37624513131323,6276995,11,32091,192534,0,-
37624513231313,6120722,11,31292,187742,0,-
37641252222323,6488545,11,33164,198968,0,-
37642152213311,7625005,11,38959,233733,0,-
37642513122221,6558879,11,33483,200888,0,-
37645122312221,5536269,11,28290,169718,0,-
37651242211133,7900278,11,40355,242111,0,-
37651422312311,7431316,11,37976,227844,0,-
37652141113232,5357466,11,27378,164250,0,-
37652143231322,6049619,11,30925,185530,0,-
37654212311222,6975337,11,35640,213828,0,-
41236753232321,5906506,11,30195,181155,0,-
41237561313131,8311394,11,42443,254649,0,-
41263751312222,8982823,11,45863,275171,0,-
41325671212211,6033636,11,30839,185018,0,-
41325762313223,5608014,11,28647,171867,0,-
41325763131233,5364599,11,27410,164442,0,-
41352671212112,8368146,11,42701,256194,0,-
41352671212121,8628489,11,44046,264267,0,-
41352671222111,8679073,11,44287,265716,0,-
41357622313112,4811906,11,24594,147546,0,-
41367253111133,7903912,11,40396,242357,0,-
41532672313211,10623793,11,54360,326151,0,-
41532761233133,7064752,11,36066,216385,0,-
41563273113311,6332177,11,32359,194136,0,-
41576322212222,7798051,11,39826,238948,0,-
41625372313211,16829484,11,86068,516402,0,-
41625373121213,5920773,11,30258,181535,0,-
41625731222231,6885197,11,35146,210870,0,-
41635721212121,10101752,11,51581,309480,0,-
41657321222312,6336303,11,32331,193969,0,-
41673252212222,8230594,11,42038,252215,0,-
41673521111111,6708001,11,34320,205908,0,-
41723562313211,6409880,11,32764,196574,0,-
41725361232113,7242044,11,37004,222012,0,-
41725361321213,8736858,11,44620,267707,0,-
41725362221213,7477680,11,38193,229156,0,-
41725362313211,8090161,11,41356,248123,0,-
41725362313223,8121335,11,41473,248822,0,-
41725363121222,6967460,11,35585,213499,0,-
41725363121231,6670409,11,34063,204365,0,-
41725631111111,7999317,11,40918,245498,0,-
41725631211122,6217384,11,31783,190684,0,-
41725632322331,5438065,11,27788,166712,0,-
41725633111133,5880869,11,30069,180397,0,-
41725633121123,5669979,11,28981,173864,0,-
41725633211111,6488199,11,33164,198973,0,-
41726352313322,6172522,11,31551,189290,0,-
41726532312233,7661863,11,39136,234801,0,-
41735261323313,7676144,11,39217,235292,0,-
41735262312233,7203696,11,36822,220925,0,-
41735263123223,5795930,11,29609,177647,0,-
41735621233232,6014287,11,30694,184140,0,-
41735622313322,7036359,11,35937,215611,0,-
41736521233232,7216326,11,36849,221085,0,-
41736522332231,5597423,11,28595,171555,0,-
41752631222123,5294339,11,27057,162321,0,-
41752632311123,5798909,11,29642,177837,0,-
41752632312323,5330611,11,27243,163448,0,-
41752632313211,19991283,11,102258,613532,0,-
41756231321213,8367234,11,42738,256422,0,-
41756233121231,6529485,11,33348,200076,0,-
41762532221333,7289441,11,37226,223347,0,-
41762533123331,6696880,11,34200,205183,0,-
41765231233232,5947317,11,30365,182177,0,-
41765322221312,5411999,11,27650,165890,0,-
41765322313211,11670583,11,59677,358048,0,-
41765323122212,5705684,11,29153,174911,0,-
42136752131312,7761795,11,39631,237774,0,-
42137561123333,7335860,11,37456,224720,0,-
42137653122131,5544946,11,28333,169982,0,-
42137653132121,4675146,11,23893,143335,0,-
42157633231322,7377527,11,37691,226138,0,-
42163751121212,8536068,11,43599,261582,0,-
42165373223123,4637193,11,23701,142185,0,-
42167532131333,7968681,11,40685,244101,0,-
42315673112111,4977726,11,25438,152610,0,-
42351671212211,7202395,11,36821,220910,0,-
42351763231133,10552471,11,53902,323397,0,-
42367153111121,5103427,11,26087,156499,0,-
42367153211123,5601037,11,28636,171798,0,-
42516372233111,6981774,11,35688,214121,0,-
42561733323122,4935711,11,25222,151312,0,-
42573612323231,6134236,11,31344,188045,0,-
42573613322231,5686166,11,29053,174305,0,-
42613572313211,6400893,11,32720,196307,0,-
42615371313332,10271195,11,52459,314743,0,-
42615372213311,8188304,11,41820,250907,0,-
42615372221213,7475635,11,38179,229057,0,-
42615372313211,8346185,11,42663,255971,0,-
42651372213311,5424279,11,27710,166248,0,-
42651733311122,6824350,11,34871,209213,0,-
42673512232133,7492611,11,38288,229710,0,-
42751632321233,7272113,11,37168,222999,0,-
42751632323231,5811889,11,29697,178164,0,-
43126572133313,7839270,11,40038,240209,0,-
43167251232212,6618659,11,33791,202727,0,-
43176252123131,5514449,11,28200,169176,0,-
43176252311132,5865735,11,29997,179961,0,-
43216573132121,4890411,11,24981,149873,0,-
43216573132223,5478847,11,28000,167987,0,-
43216573212311,5374448,11,27464,164772,0,-
43216573212332,7729639,11,39475,236836,0,-
43512671313332,6190940,11,31618,189691,0,-
43527612312323,5215837,11,26662,159949,0,-
43561271111111,5883532,11,30099,180578,0,-
43571262122222,7519584,11,38393,230346,0,-
43572161111111,7031068,11,35967,215786,0,-
43572612312323,6170638,11,31527,189152,0,-
43576211123222,6557409,11,33487,200916,0,-
43576212112232,8234396,11,42055,252330,0,-
43615271333312,5579401,11,28499,170979,0,-
43615272113321,6192747,11,31653,189895,0,-
43617521223221,8131522,11,41500,248988,0,-
43621752213323,8159182,11,41671,250008,0,-
43651722323132,5934738,11,30337,181996,0,-
43675122222122,9291444,11,47422,284521,0,-
43675211221331,6237652,11,31834,190978,0,-
43721653231313,7160094,11,36571,219410,0,-
43751623123313,7239150,11,36959,221747,0,-
43765212222122,9081392,11,46369,278212,0,-
45167323322231,5965298,11,30474,182825,0,-
45176231131313,12862404,11,65650,393880,0,-
45176231133113,12829948,11,65464,392764,0,-
45176231331113,12459001,11,63563,381361,0,-
45176233131113,13206436,11,67412,404455,0,-
45176321131133,10910368,11,55763,334572,0,-
45213672221123,6944149,11,35460,212739,0,-
45273162222122,8054520,11,41121,246711,0,-
45276131131133,9527648,11,48701,292206,0,-
45312671222312,5228887,11,26714,160260,0,-
45312672223331,5830085,11,29800,178785,0,-
45312672233321,5455114,11,27881,167270,0,-
45312672313211,17136062,11,87661,525957,0,-
45312673132313,9363960,11,47880,287266,0,-
45312673222112,5200809,11,26567,159385,0,-
45312673231313,9241501,11,47253,283501,0,-
45312761113211,5995600,11,30640,183830,0,-
45312761133311,5723519,11,29254,175508,0,-
45312762221111,7017284,11,35861,215151,0,-
45312762311111,5749035,11,29379,176259,0,-
45321671212211,6274924,11,32080,192473,0,-
45321671221121,6272755,11,32061,192343,0,-
45321673113311,10405441,11,53197,319164,0,-
45327612222323,6701894,11,34241,205430,0,-
45362712122222,7961144,11,40655,243914,0,-
45367122223133,6811461,11,34804,208810,0,-
45367211111132,6049536,11,30920,185510,0,-
45367211211122,6402969,11,32729,196362,0,-
45367213111133,6499646,11,33227,199345,0,-
45376121131133,10072942,11,51491,308934,0,-
45376121331311,7372257,11,37670,226012,0,-
45376211333123,5968468,11,30493,182946,0,-
45376213131323,9462907,11,48387,290314,0,-
45376213333322,5527757,11,28251,169491,0,-
45612371133221,6279045,11,32087,192502,0,-
45612372331121,5300696,11,27089,162509,0,-
45612373112231,5438264,11,27794,166746,0,-
45612373132121,5191710,11,26527,159149,0,-
45612373132223,5721254,11,29244,175446,0,-
45612373322111,5021617,11,25662,153948,0,-
45612373332122,5353753,11,27356,164121,0,-
45612373332221,5396990,11,27578,165453,0,-
45613271331221,6125548,11,31262,187549,0,-
45613272233111,7709747,11,39378,236256,0,-
45621373123331,6742632,11,34424,206535,0,-
45621373211111,8416641,11,42979,257860,0,-
45621732212123,7018746,11,35860,215154,0,-
45621732233333,6727814,11,34368,206205,0,-
45623712332123,4933611,11,25215,151279,0,-
45623713322321,4727782,11,24161,144943,0,-
45637123132121,5435045,11,27774,166630,0,-
45637123332122,4763066,11,24342,146033,0,-
45671231132231,4837327,11,24722,148322,0,-
45671233112132,5200839,11,26582,159464,0,-
45673212212132,6257987,11,31956,191726,0,-
45673213211222,6393559,11,32646,195867,0,-
45713623223132,5148679,11,26314,157871,0,-
45721363321313,5985980,11,30577,183436,0,-
45721363322231,5776968,11,29513,177066,0,-
45732612233321,5202246,11,26595,159556,0,-
45736121122211,8457158,11,43223,259331,0,-
46123571111111,6323683,11,32356,194115,0,-
46123573232123,7746518,11,39598,237578,0,-
46125731333123,6230033,11,31794,190745,0,-
46127351131313,7819579,11,39929,239555,0,-
46127352131333,8796955,11,44897,269371,0,-
46127353131323,9451812,11,48263,289564,0,-
46135272133313,7380194,11,37690,226123,0,-
46153273131131,8930990,11,45624,273739,0,-
46157233333232,5445851,11,27832,166983,0,-
46157321331233,6511272,11,33238,199416,0,-
46215372121223,5763339,11,29448,176675,0,-
46215372313211,9985242,11,51066,306379,0,-
46257132211133,7093346,11,36243,217447,0,-
46257313312211,11097164,11,56682,340079,0,-
46273512122312,5776843,11,29517,177092,0,-
46273513221212,5495432,11,28077,168446,0,-
46275311123222,6742992,11,34431,206576,0,-
46275312112232,8470598,11,43258,259541,0,-
46275312132212,7470100,11,38152,228901,0,-
46275312232133,6580569,11,33606,201618,0,-
46275312313211,8035154,11,41073,246431,0,-
46275313121222,6927632,11,35377,212257,0,-
46275313312211,8005048,11,40882,245273,0,-
46321752111131,6105704,11,31205,187213,0,-
46352171211233,4984593,11,25476,152838,0,-
46352172113231,4619399,11,23610,141642,0,-
46372511221331,6755062,11,34471,206806,0,-
46375211211332,5009962,11,25601,153586,0,-
46375212113111,5499696,11,28107,168633,0,-
46375212132131,4998490,11,25534,153187,0,-
46375212132221,5513652,11,28172,169019,0,-
46375212332222,5386518,11,27533,165180,0,-
46375213112111,6825135,11,34874,209226,0,-
46375213123121,6228994,11,31821,190911,0,-
46375213333121,5069740,11,25905,155412,0,-
46512371331221,6569514,11,33522,201121,0,-
46512372113321,7147197,11,36507,219018,0,-
46513272332111,5281931,11,26985,161889,0,-
46513273113221,5260326,11,26875,161233,0,-
46523711331332,6287706,11,32080,192463,0,-
46527133111121,5108318,11,26113,156657,0,-
46572311223122,6706329,11,34262,205556,0,-
46572312132122,5471341,11,27949,167677,0,-
46721533123313,6978895,11,35637,213802,0,-
47123562232133,7626616,11,38974,233826,0,-
47123651233232,5649731,11,28858,173125,0,-
47126351233232,7699083,11,39296,235763,0,-
47126532133133,6452764,11,32949,197684,0,-
47132562311111,6172426,11,31543,189234,0,-
47132563222331,8249489,11,42130,252765,0,-
47132652233321,6153413,11,31435,188597,0,-
47135622132332,5770772,11,29480,176872,0,-
47136252133112,8147673,11,41615,249678,0,-
47152361233232,5095335,11,26021,156116,0,-
47152631322131,6549979,11,33447,200662,0,-
47156231332313,6568036,11,33571,201421,0,-
47156233211132,6280139,11,32101,192592,0,-
47156233223312,5423272,11,27708,166236,0,-
47156233233113,6401161,11,32716,196285,0,-
47156233322312,5207060,11,26601,159594,0,-
47156321111111,6615506,11,33837,203005,0,-
47156321133311,6693114,11,34212,205249,0,-
47156322132311,5677384,11,29016,174081,0,-
47156322313232,5243945,11,26804,160797,0,-
47156322332132,4896597,11,25018,150081,0,-
47156322332312,5117976,11,26149,156878,0,-
47156323223123,5643973,11,28835,172980,0,-
47162351322122,5738901,11,29314,175871,0,-
47163522131222,5491908,11,28060,168344,0,-
47165321232113,7444564,11,38037,228207,0,-
47165321322131,10835993,11,55347,332070,0,-
47165322132212,7463846,11,38120,228709,0,-
47165322133112,8517461,11,43499,260981,0,-
47165322232133,6416315,11,32764,196563,0,-
47165322313211,8382641,11,42850,257093,0,-
47216352131333,8955718,11,45731,274381,0,-
47251363131113,8687457,11,44364,266168,0,-
47251632131312,7418827,11,37884,227291,0,-
47256133212311,5664112,11,28946,173657,0,-
47256133321232,5590879,11,28580,171456,0,-
47265312122222,6016080,11,30744,184451,0,-
47265312131312,6269690,11,32043,192254,0,-
47265312313211,16809201,11,85959,515742,0,-
47321651311133,6287144,11,32131,192770,0,-
47352612123131,5397597,11,27601,165587,0,-
47352612311132,5559286,11,28429,170561,0,-
47352612313211,10500545,11,53729,322362,0,-
47512632312323,5338644,11,27294,163750,0,-
47621532232331,4897306,11,25031,150166,0,-
47621533231121,5112858,11,26136,156789,0,-
47632152233321,5197991,11,26571,159409,0,-
47632153212311,6389493,11,32666,195976,0,-
47632153232321,5880248,11,30060,180340,0,-
47632513212332,8237288,11,42072,252417,0,-
47652132231323,6381380,11,32609,195644,0,-
47653213211231,7978987,11,40778,244652,0,-
47653213232111,4669892,11,23870,143198,0,-
51264731113322,5405994,11,27634,165785,0,-
51264732213311,5096983,11,26058,156329,0,-
51267342312233,9001595,11,45980,275875,0,-
51324671211122,5865781,11,29982,179876,0,-
51324672212111,7579183,11,38739,232421,0,-
51324673113311,8931583,11,45653,273900,0,-
51324761111123,6606288,11,33734,202386,0,-
51324763113332,6365331,11,32490,194924,0,-
51342672212111,7231650,11,36972,221813,0,-
51342763312223,12818849,11,65540,393225,0,-
51367241211113,5187772,11,26516,159082,0,-
51423671221331,5494126,11,28053,168300,0,-
51426731111111,6446567,11,32987,197900,0,-
51426733312211,5854367,11,29932,179575,0,-
51472361131313,7797069,11,39822,238920,0,-
51472633331312,7401287,11,37788,226716,0,-
51623471321111,4695896,11,24006,144012,0,-
51623743313321,6909478,11,35275,211634,0,-
51624731312123,6695627,11,34199,205173,0,-
51624733323113,7302589,11,37280,223678,0,-
51632741323232,5213902,11,26654,159904,0,-
51642371122313,7020880,11,35855,215115,0,-
51642731113322,7657220,11,39118,234700,0,-
51647231113232,5017314,11,25645,153859,0,-
51723643131311,7364855,11,37612,225655,0,-
51724362122222,6372727,11,32572,195418,0,-
51724363121213,6257745,11,31984,191893,0,-
51726433123313,7431435,11,37943,227647,0,-
51732643121213,7766538,11,39660,237947,0,-
51742632323231,6136337,11,31359,188143,0,-
51742632323333,6661437,11,34044,204252,0,-
52134761232113,5887330,11,30103,180605,0,-
52147631121311,5959449,11,30470,182814,0,-
52147631131211,6223404,11,31816,190887,0,-
52147631211131,5354353,11,27377,164242,0,-
52147631311121,5467214,11,27954,167715,0,-
52147632111113,5915984,11,30249,181471,0,-
52147633111112,7625804,11,38990,233935,0,-
52163471112122,6189225,11,31653,189894,0,-
52163471213111,5316964,11,27187,163107,0,-
52163471312111,5245207,11,26823,160924,0,-
52163471333123,4853783,11,24807,148825,0,-
52163472111311,5296754,11,27087,162505,0,-
52163472131222,5206041,11,26619,159686,0,-
52163473111211,5614630,11,28711,172249,0,-
52163473111331,5549116,11,28369,170196,0,-
52163473221323,5202311,11,26601,159583,0,-
52163473323332,8928947,11,45647,273860,0,-
52167342121232,7358227,11,37582,225483,0,-
52167432121313,6615277,11,33802,202795,0,-
52167432122222,8078748,11,41286,247708,0,-
52167432131213,7036201,11,35954,215706,0,-
52167433133333,7810251,11,39915,239478,0,-
52167433331333,6702724,11,34245,205459,0,-
52174633223123,6959776,11,35537,213206,0,-
52314673311311,11014840,11,56297,337776,0,-
52314761322122,6268822,11,32008,192036,0,-
52341671111111,17523983,11,89647,537872,0,-
52341671122211,6405974,11,32759,196538,0,-
52341671311313,5202731,11,26602,159586,0,-
52341672211112,6466943,11,33072,198425,0,-
52341672232313,6008929,11,30732,184374,0,-
52341672323222,6547385,11,33479,200850,0,-
52341672323312,8607291,11,44004,264008,0,-
52341673133111,5520668,11,28227,169339,0,-
52341673232213,5889106,11,30118,180687,0,-
52341673232333,5251406,11,26858,161131,0,-
52341673323212,8454837,11,43225,259325,0,-
52361472121313,8015582,11,40947,245674,0,-
52361472131312,6625707,11,33850,203091,0,-
52367142211121,6769608,11,34599,207576,0,-
52367412322232,5679286,11,29041,174226,0,-
52374161112323,5866308,11,30013,180062,0,-
52376413222223,6353885,11,32459,194735,0,-
52463173212332,7607130,11,38852,233100,0,-
52463713212332,7637331,11,39009,234030,0,-
52471631223113,5719715,11,29231,175367,0,-
52471631323112,5864276,11,29974,179825,0,-
52614372313211,9490930,11,48528,291160,0,-
52641733212311,5557038,11,28398,170378,0,-
52641733232321,5657290,11,28912,173452,0,-
52673413232123,5278396,11,26983,161883,0,-
52713461232323,5208623,11,26630,159753,0,-
52714361232113,8605353,11,43985,263902,0,-
52714633213223,5651481,11,28877,173246,0,-
52714633223123,5659972,11,28914,173464,0,-
52731641233112,4978034,11,25439,152622,0,-
52731641323112,4798232,11,24521,147108,0,-
52736141322233,5654027,11,28879,173260,0,-
52741362313211,6521192,11,33346,200065,0,-
52741362313223,7429394,11,37959,227750,0,-
52741632122333,8368426,11,42704,256209,0,-
52741632123323,10335446,11,52738,316416,0,-
52741632212213,8754957,11,44675,268042,0,-
52741632212231,9105271,11,46448,278671,0,-
52741632232211,8482836,11,43294,259747,0,-
52741633221233,8354110,11,42615,255673,0,-
52741633313312,8239983,11,42035,252195,0,-
52741633313321,8878911,11,45315,271868,0,-
52741633321223,9823518,11,50115,300679,0,-
52741633323311,8586520,11,43799,262782,0,-
52743611111213,5684516,11,29066,174385,0,-
52743611111312,7021872,11,35904,215416,0,-
52743611112131,5680034,11,29043,174250,0,-
52743611113121,7142310,11,36523,219124,0,-
52743612131111,5414865,11,27689,166114,0,-
52743613121111,6557176,11,33532,201177,0,-
52761431111213,5641539,11,28845,173064,0,-
52761431111312,5680259,11,29043,174253,0,-
52761431112131,5909405,11,30221,181308,0,-
52761431113121,5989703,11,30629,183756,0,-
52761432131111,5753640,11,29420,176510,0,-
52761433121111,5525723,11,28256,169523,0,-
52763143222331,8737894,11,44631,267780,0,-
52763411222312,11594705,11,59136,354796,0,-
52763411333123,7891327,11,40243,241440,0,-
52763413222112,11990664,11,61159,366940,0,-
52763413223312,11958669,11,60995,365953,0,-
52763413322312,11606533,11,59199,355171,0,-
53126471231231,7060710,11,36064,216365,0,-
53126471231321,5639687,11,28818,172890,0,-
53126471321321,6040682,11,30848,185064,0,-
53146272123233,7973944,11,40756,244517,0,-
53147262123131,5548567,11,28370,170205,0,-
53162743312223,12992359,11,66425,398529,0,-
53274163211222,7233080,11,36926,221536,0,-
53421671321111,7422172,11,37936,227602,0,-
53421671321231,4945547,11,25279,151654,0,-
53426171112233,5723842,11,29243,175444,0,-
53462711113322,7459367,11,38109,228643,0,-
53467211321111,4719821,11,24126,144735,0,-
53476121323112,6160984,11,31484,188895,0,-
53476121323322,6346354,11,32433,194586,0,-
53614721212121,7869763,11,40191,241131,0,-
53621471331221,5170069,11,26395,158354,0,-
53642171111111,6358764,11,32538,195206,0,-
53672142221213,10649367,11,54384,326293,0,-
53714622233111,8759222,11,44738,268423,0,-
53721463223312,6527240,11,33308,199823,0,-
53724612121112,7746312,11,39562,237360,0,-
53726143333121,5569527,11,28452,170689,0,-
53741621323112,5716615,11,29218,175289,0,-
53741621332112,5896586,11,30135,180803,0,-
53742612323333,6768061,11,34591,207534,0,-
53761242121211,7683076,11,39232,235373,0,-
53761242221213,8138320,11,41540,249225,0,-
53761242321212,7624562,11,38935,233585,0,-
53762143222331,6505719,11,33200,199190,0,-
53762413322123,7121744,11,36383,218293,0,-
54123673233323,6203957,11,31723,190317,0,-
54126371331221,5257384,11,26840,161021,0,-
54127632131213,7556711,11,38613,231662,0,-
54127632222212,7168706,11,36632,219782,0,-
54127633131212,7553243,11,38586,231502,0,-
54127633133333,7916230,11,40442,242643,0,-
54127633333313,7358145,11,37587,225513,0,-
54163271133221,5828074,11,29758,178533,0,-
54163272233111,7582746,11,38751,232486,0,-
54167231121113,5274906,11,26973,161823,0,-
54167231131112,5352420,11,27371,164212,0,-
54167231221211,5710429,11,29193,175146,0,-
54167231333213,5286540,11,27027,162139,0,-
54167232112112,5675909,11,29017,174081,0,-
54167232133313,6015307,11,30767,184587,0,-
54167232333113,5255729,11,26869,161191,0,-
54167233232333,6778984,11,34662,207954,0,-
54167233331213,5979496,11,30584,183483,0,-
54172633132313,7399554,11,37791,226727,0,-
54217362233213,12207900,11,62339,374016,0,-
54217632132212,10917810,11,55752,334497,0,-
54231671123111,5664467,11,28955,173710,0,-
54231673123121,4962281,11,25360,152138,0,-
54261373123121,5387639,11,27510,165038,0,-
54261732231233,6661946,11,34011,204059,0,-
54276132233312,6479777,11,33104,198608,0,-
54312671131331,5569555,11,28466,170773,0,-
54312672212111,6091763,11,31141,186833,0,-
54312673311311,10355551,11,52941,317631,0,-
54317261113112,4982651,11,25467,152787,0,-
54317621111222,6531438,11,33379,200261,0,-
54321672212213,8849677,11,45167,270981,0,-
54321672212231,8289893,11,42290,253725,0,-
54321672232211,8659375,11,44193,265146,0,-
54321673313312,12548162,11,64029,384160,0,-
54321673313321,12895676,11,65827,394951,0,-
54321673323311,12852449,11,65581,393478,0,-
54321761211221,5406040,11,27628,165750,0,-
54321763113113,7311904,11,37364,224167,0,-
54326171111231,7351954,11,37579,225457,0,-
54326171112233,5213476,11,26651,159893,0,-
54326171321231,5299973,11,27092,162536,0,-
54326711112212,6761542,11,34556,207320,0,-
54327612223232,5908380,11,30211,181243,0,-
54361272223232,6023740,11,30798,184772,0,-
54362171113133,6278993,11,32085,192494,0,-
54362711111231,5021590,11,25668,153991,0,-
54362711323112,6131577,11,31337,188010,0,-
54367121112212,7458755,11,38118,228696,0,-
54367121113211,6150850,11,31436,188595,0,-
54367121113331,8500716,11,43449,260684,0,-
54367122211121,6819534,11,34852,209094,0,-
54367122311111,6159863,11,31479,188860,0,-
54367123311113,6134638,11,31360,188135,0,-
54367211132222,8344452,11,42565,255376,0,-
54367211213333,10421230,11,53164,318978,0,-
54367211222132,8507175,11,43394,260351,0,-
54367211333213,9060186,11,46210,277243,0,-
54367212211322,10354731,11,52843,317040,0,-
54367212231122,8819826,11,45009,270045,0,-
54367212233213,8479910,11,43275,259636,0,-
54367212332213,8711885,11,44455,266719,0,-
54367212333113,9138525,11,46618,279691,0,-
54367213112222,9831343,11,50158,300934,0,-
54367213312133,9626917,11,49130,294754,0,-
54371261113331,6423484,11,32826,196938,0,-
54371621113112,7528303,11,38481,230869,0,-
54371621113322,5162968,11,26391,158334,0,-
54376121322233,6031320,11,30812,184861,0,-
54376211111132,6194578,11,31661,189951,0,-
54376211111222,5711957,11,29196,175164,0,-
54376211113133,6459833,11,33022,198125,0,-
54612371112311,9170175,11,46839,281023,0,-
54612372222131,6762843,11,34532,207174,0,-
54612732112223,6386715,11,32629,195764,0,-
54612733322213,6471836,11,33062,198359,0,-
54621371133311,5958695,11,30463,182770,0,-
54621372211121,6520351,11,33333,199975,0,-
54637211132111,5037812,11,25752,154495,0,-
54671232221213,6871321,11,35081,210468,0,-
54712361323313,6517789,11,33272,199623,0,-
54712362223322,6837244,11,34924,209524,0,-
54716232222113,6767105,11,34550,207284,0,-
54716321112323,6536922,11,33442,200636,0,-
54716322313223,5400369,11,27609,165638,0,-
54721631111111,20844421,11,106635,639792,0,-
54721631122121,6111662,11,31244,187448,0,-
54721631311133,5796058,11,29642,177835,0,-
54721632133232,5653254,11,28900,173385,0,-
54721632212222,6029368,11,30838,185010,0,-
54721632212231,5259286,11,26887,161305,0,-
54721633231322,5610904,11,28690,172124,0,-
54721633313321,6031637,11,30843,185040,0,-
54721633333331,5299292,11,27099,162569,0,-
54723612131312,8165135,11,41727,250354,0,-
54723612221222,6682329,11,34145,204856,0,-
54723612222212,6841857,11,34961,209757,0,-
54723613121312,7510219,11,38377,230249,0,-
54723613333313,7586084,11,38761,232562,0,-
54761233322321,5842510,11,29829,178969,0,-
54763212322232,5546439,11,28359,170147,0,-
56123471222312,8127840,11,41448,248675,0,-
56123471223221,7715578,11,39342,236032,0,-
56123471331332,9875603,11,50361,302160,0,-
56123471333123,8481831,11,43253,259495,0,-
56123472322121,8157107,11,41601,249588,0,-
56123472331331,7655272,11,39036,234192,0,-
56123473133132,9011996,11,45960,275749,0,-
56123473133231,7586717,11,38689,232120,0,-
56123473222112,7842603,11,39994,239948,0,-
56123473223312,7823536,11,39895,239349,0,-
56123473322312,8111022,11,41364,248169,0,-
56124371111231,4898650,11,25042,150226,0,-
56124371232323,6732109,11,34422,206514,0,-
56127433332323,6003605,11,30700,184186,0,-
56132472333332,6106441,11,31210,187245,0,-
56132473211111,5926689,11,30292,181745,0,-
56132473213211,5928085,11,30293,181750,0,-
56143273332323,7412125,11,37902,227404,0,-
56147231222132,13152466,11,67103,402607,0,-
56147231333213,8171722,11,41677,250041,0,-
56147232233213,8511680,11,43432,260568,0,-
56147232332213,8797518,11,44896,269355,0,-
56147232333113,8524399,11,43484,260880,0,-
56147322333233,7603917,11,38865,233180,0,-
56173421113112,4969822,11,25401,152394,0,-
56174232323333,6709759,11,34302,205798,0,-
56174321232113,8244204,11,42136,252814,0,-
56213471111111,6803738,11,34812,208861,0,-
56213743313333,7996087,11,40838,245006,0,-
56243173133111,7282360,11,37199,223181,0,-
56243713121333,7457185,11,38088,228518,0,-
56247132333233,6131218,11,31340,188036,0,-
56271433111313,8190042,11,41819,250899,0,-
56271433123313,7986854,11,40769,244602,0,-
56271433132313,8396273,11,42869,257208,0,-
56274132331133,6515150,11,33263,199566,0,-
56274312313211,9529256,11,48722,292318,0,-
56321473233323,5433411,11,27781,166672,0,-
56321742211112,8107204,11,41435,248600,0,-
56324171221331,5328532,11,27207,163223,0,-
56327411211332,5372171,11,27431,164571,0,-
56327413213112,5308281,11,27105,162610,0,-
56341273121213,7772617,11,39721,238308,0,-
56341273131212,6971442,11,35620,213699,0,-
56347122333233,6972559,11,35640,213830,0,-
56347211213111,5492462,11,28088,168506,0,-
56347211222132,5613832,11,28706,172212,0,-
56347211312111,5201436,11,26599,159573,0,-
56347211331131,5058135,11,25861,155141,0,-
56347212111221,9145837,11,46759,280541,0,-
56347212111311,6907251,11,35318,211893,0,-
56347212123233,6343809,11,32443,194639,0,-
56347212232223,6099471,11,31194,187152,0,-
56347213111211,6616428,11,33833,202980,0,-
56347213131332,5803022,11,29673,178023,0,-
56423171231231,4887168,11,24957,149729,0,-
56423171231321,5961937,11,30468,182796,0,-
56423171321321,5378330,11,27473,164828,0,-
56423172112121,6127777,11,31320,187905,0,-
56423173132121,5539235,11,28302,169796,0,-
56423173133111,6071178,11,31030,186154,0,-
56432713122122,6363088,11,32504,195008,0,-
56712341232113,5558595,11,28424,170519,0,-
56712343211123,6100201,11,31194,187138,0,-
56721343123331,6570853,11,33546,201259,0,-
56721432312233,7644650,11,39071,234407,0,-
56723411113313,5646768,11,28877,173243,0,-
56723411121113,5740343,11,29352,176100,0,-
56723411131112,5267795,11,26937,161607,0,-
56723411222312,5161023,11,26378,158250,0,-
56723412122312,5058621,11,25864,155165,0,-
56723412323222,5534917,11,28306,169810,0,-
56723413221212,5335553,11,27282,163667,0,-
56723413222112,5252992,11,26849,161079,0,-
56723413331111,5342179,11,27322,163901,0,-
56732143122113,7377746,11,37673,226021,0,-
56741231121311,5560800,11,28431,170569,0,-
56741231131211,7212579,11,36877,221251,0,-
56741231211131,7003701,11,35811,214852,0,-
56741231311121,5360395,11,27408,164428,0,-
56741232111113,6136196,11,31374,188225,0,-
56741233111112,6064190,11,31005,186019,0,-
56743212122222,6704489,11,34254,205512,0,-
56743212221222,7952447,11,40622,243724,0,-
56743213121213,8291516,11,42361,254154,0,-
56743213121312,7204842,11,36813,220866,0,-
56743213331333,7832954,11,40017,240091,0,-
57123461111111,6458436,11,33049,198271,0,-
57164322131312,6028270,11,30812,184852,0,-
57214361323232,5005097,11,25584,153490,0,-
57214632212213,10844162,11,55384,332279,0,-
57236141113232,5460768,11,27915,167480,0,-
57236141322233,5304409,11,27116,162674,0,-
57236141323232,7754609,11,39640,237823,0,-
57241631322113,4821035,11,24637,147804,0,-
57241631323112,4671692,11,23877,143238,0,-
57246131112233,6044993,11,30882,185281,0,-
57264132111323,6737848,11,34418,206482,0,-
57321641311112,5595885,11,28607,171622,0,-
57321642311132,5616027,11,28715,172271,0,-
57364212213311,7595938,11,38814,232877,0,-
57364212313211,6411358,11,32783,196678,0,-
57364213332122,5029982,11,25693,154142,0,-
57642311113322,5608965,11,28675,172035,0,-
61234572231323,6172485,11,31552,189306,0,-
61234573232213,5563769,11,28441,170630,0,-
61235741313131,9760489,11,49834,298990,0,-
61257343232123,5540451,11,28321,169911,0,-
61274351313131,7403548,11,37813,226865,0,-
61274532231323,6079989,11,31080,186468,0,-
61352472233321,5191651,11,26544,159241,0,-
61352472313211,10268947,11,52543,315243,0,-
61452731311313,7599891,11,38818,232898,0,-
61453721111111,6652067,11,34031,204172,0,-
61453721311112,5364825,11,27425,164538,0,-
61453723111121,5297172,11,27081,162475,0,-
61472532123332,5931458,11,30322,181917,0,-
61472533112111,5023975,11,25673,154012,0,-
61527431111111,6951880,11,35566,213375,0,-
61534272311132,6918870,11,35372,212213,0,-
61534721112311,5977992,11,30554,183314,0,-
61534721113211,5637065,11,28814,172861,0,-
61543271111111,7296619,11,37329,223951,0,-
61543271112311,6175792,11,31579,189460,0,-
61572432312323,5650522,11,28869,173200,0,-
61734523222331,7694587,11,39296,235757,0,-
62134572321323,7364441,11,37588,225517,0,-
62135471122121,6046762,11,30904,185412,0,-
62135472132131,5213743,11,26638,159819,0,-
62135473122131,5039515,11,25749,154474,0,-
62135473123121,6584314,11,33628,201754,0,-
62135473131131,6040448,11,30873,185225,0,-
62135473132121,5910358,11,30198,181171,0,-
62135473232231,5563805,11,28428,170550,0,-
62135473322321,5931310,11,30309,181844,0,-
62135743222331,6148149,11,31378,188250,0,-
62135743312223,10274206,11,52500,314983,0,-
62147353123121,5663012,11,28937,173608,0,-
62147353132121,4787968,11,24469,146796,0,-
62154733321121,5056939,11,25846,155057,0,-
62157342132212,7188727,11,36703,220205,0,-
62173543232132,5576064,11,28494,170940,0,-
62174351122133,7779679,11,39732,238383,0,-
62174533311212,7029211,11,35914,215469,0,-
62317453112111,4920784,11,25151,150892,0,-
62317453312211,7925180,11,40508,243031,0,-
62351743112123,9097554,11,46494,278952,0,-
62371453311311,6823063,11,34867,209189,0,-
62374511322311,4813319,11,24600,147584,0,-
62374513112321,5666189,11,28962,173760,0,-
62374513312112,4599413,11,23508,141033,0,-
62435172211133,8283299,11,42308,253833,0,-
62435172311132,8890461,11,45421,272514,0,-
62435711222222,5567726,11,28448,170663,0,-
62453713311122,7022256,11,35883,215282,0,-
62471532232133,5809698,11,29686,178095,0,-
62475131322323,5604216,11,28634,171794,0,-
62531472321233,6177683,11,31570,189416,0,-
62543711211113,6053484,11,30939,185626,0,-
62543711311112,5110900,11,26125,156729,0,-
62571432321233,7575102,11,38712,232268,0,-
62735143223213,6790442,11,34696,208160,0,-
63125741112323,10262353,11,52439,314617,0,-
63125743131233,5453944,11,27865,167162,0,-
63125743133312,5777904,11,29518,177093,0,-
63142571111111,6302122,11,32244,193439,0,-
63142571132321,8771412,11,44832,268976,0,-
63142573112123,8523760,11,43569,261392,0,-
63172452312323,5082433,11,25986,155890,0,-
63172452313211,10448633,11,53462,320754,0,-
63174522332132,5549482,11,28341,170027,0,-
63247511123132,5206375,11,26608,159640,0,-
63251743133231,7855062,11,40090,240528,0,-
63452711311313,6033594,11,30835,184987,0,-
63452712333221,5691004,11,29082,174478,0,-
63471522123131,6407540,11,32762,196553,0,-
63471522323132,7026385,11,35914,215470,0,-
63471522332132,5738165,11,29327,175949,0,-
63472512123332,6313354,11,32266,193574,0,-
63512743313333,8165488,11,41700,250188,0,-
63541271212211,9628353,11,49207,295226,0,-
63542713121333,8957989,11,45752,274498,0,-
63574212123131,5504843,11,28151,168889,0,-
63574212313211,8911247,11,45592,273530,0,-
63712542221111,5932277,11,30320,181907,0,-
63714252123131,6912707,11,35339,212021,0,-
63714521112323,6703999,11,34279,205652,0,-
63714522332132,5074690,11,25922,155509,0,-
63721541233322,5776683,11,29513,177071,0,-
63724153121213,7993663,11,40854,245116,0,-
63725141112323,9866080,11,50429,302564,0,-
63725141233121,6689888,11,34160,204952,0,-
63725142123131,9035764,11,46163,276978,0,-
63725142223133,8177032,11,41757,250527,0,-
63725143122113,7514230,11,38372,230227,0,-
63725143123313,10562773,11,53945,323670,0,-
63741252222323,6263967,11,32022,192120,0,-
63741522123131,6465082,11,33045,198252,0,-
63742511232221,6402574,11,32701,196197,0,-
63745123122212,5475976,11,27979,167859,0,-
63751242221321,7652375,11,39057,234337,0,-
63751423122311,6749021,11,34469,206799,0,-
63752141111111,8201690,11,41942,251637,0,-
63752141122211,6904717,11,35295,211743,0,-
63752141123213,5404275,11,27621,165708,0,-
63752142332132,4991687,11,25501,152988,0,-
63752143123223,5230017,11,26723,160314,0,-
63752143212323,5123059,11,26187,157096,0,-
63752143223123,6013332,11,30720,184302,0,-
63752411223212,5253075,11,26843,161046,0,-
63752411333213,8849897,11,45243,271433,0,-
63752412312323,6848743,11,35009,210041,0,-
63752412322112,5498325,11,28096,168564,0,-
63752412333113,8828134,11,45128,270749,0,-
63754213122122,5751750,11,29362,176161,0,-
64125371131313,9036956,11,46144,276851,0,-
64157321133212,11992800,11,61252,367497,0,-
64231572311132,6600649,11,33741,202425,0,-
64257131113223,5855614,11,29915,179478,0,-
64271533221212,6225840,11,31812,190859,0,-
64275131212223,7026894,11,35891,215333,0,-
64275131312123,6787033,11,34661,207955,0,-
64275132211133,8392660,11,42867,257190,0,-
64275132232133,8124076,11,41494,248946,0,-
64275133231112,7688079,11,39267,235591,0,-
64275133312211,6467500,11,33028,198152,0,-
64275311112332,6199078,11,31671,190009,0,-
64275311222222,5371512,11,27443,164646,0,-
64275313312211,5729698,11,29269,175602,0,-
64321572111131,6884938,11,35192,211138,0,-
64321572132131,5720899,11,29241,175421,0,-
64321572311132,6413278,11,32792,196724,0,-
64325713121222,11435326,11,58395,350358,0,-
64351272132131,5743659,11,29329,175961,0,-
64357212313211,6588699,11,33689,202126,0,-
64357213231322,7971376,11,40743,244445,0,-
64357213312211,7285299,11,37225,223343,0,-
64531271212211,9311939,11,47597,285562,0,-
64531272132131,5244722,11,26790,160723,0,-
64531273122131,5138980,11,26254,157506,0,-
64531273123121,6736752,11,34398,206376,0,-
64531273311311,5634748,11,28807,172825,0,-
64531273312211,5241758,11,26786,160693,0,-
64572131122223,5709522,11,29172,175028,0,-
64713253112111,4903156,11,25063,150357,0,-
65123471112311,5539129,11,28308,169832,0,-
65123471233232,4804226,11,24537,147207,0,-
65123472312311,5757296,11,29421,176506,0,-
65132471212112,5984795,11,30590,183528,0,-
65132471222111,5785588,11,29570,177411,0,-
65132471231321,6657897,11,34035,204193,0,-
65132471323121,6412876,11,32774,196633,0,-
65132472131231,5214054,11,26642,159837,0,-
65132472212231,8635721,11,44138,264814,0,-
65132472233321,6832339,11,34926,209540,0,-
65132473111331,6659531,11,34043,204236,0,-
65132473313312,5416164,11,27676,166033,0,-
65132473323311,5541095,11,28313,169861,0,-
65132741223323,5396428,11,27569,165401,0,-
65132743222331,6762389,11,34536,207206,0,-
65134721233232,6095852,11,31119,186694,0,-
65147321232113,7801250,11,39875,239234,0,-
65172431132333,6596215,11,33695,202149,0,-
65174232123131,5737963,11,29334,175994,0,-
65174232133313,5697247,11,29127,174738,0,-
65174232323312,6327010,11,32346,194062,0,-
65174233323212,6288563,11,32147,192868,0,-
65174233331213,5987143,11,30609,183633,0,-
65174322313211,6145689,11,31429,188545,0,-
65174323223123,6022612,11,30763,184566,0,-
65213741111111,6718398,11,34373,206226,0,-
65241371111111,6442721,11,32965,197769,0,-
65243712121322,8521378,11,43521,261111,0,-
65271341332331,6278052,11,32034,192186,0,-
65271432231233,6413679,11,32747,196465,0,-
65274131111111,7584472,11,38804,232810,0,-
65274131311313,5259386,11,26882,161266,0,-
65274131312213,5930115,11,30319,181883,0,-
65274132123332,5715256,11,29218,175288,0,-
65274133132223,5685406,11,29063,174352,0,-
65274133232321,5124174,11,26191,157122,0,-
65274133312223,5574735,11,28503,170990,0,-
65314272311132,5287109,11,27038,162205,0,-
65314272313211,8798209,11,45013,270065,0,-
65321472111122,6762128,11,34557,207335,0,-
65417321232113,5504234,11,28144,168844,0,-
65417323223123,5066711,11,25895,155352,0,-
65417323232123,5499707,11,28112,168655,0,-
65423713321322,6132593,11,31319,187899,0,-
65432173232321,5991847,11,30619,183699,0,-
65471231132213,7184752,11,36704,220201,0,-
65714323223123,5881708,11,30039,180216,0,-
65723143321313,5489208,11,28045,168252,0,-
65732411333123,11714786,11,59752,358495,0,-
65742311212313,5385895,11,27524,165125,0,-
67132541133311,9563681,11,48875,293242,0,-
67145323133312,6021354,11,30763,184555,0,-
67154233323332,8889553,11,45354,272115,0,-
67215343333133,7432990,11,37939,227625,0,-
67231541323112,6997122,11,35761,214553,0,-
67231543323122,7023769,11,35897,215372,0,-
67234513332122,5493057,11,28046,168261,0,-
67245131313323,5721848,11,29237,175415,0,-
67245311112311,8471705,11,43258,259534,0,-
67245311133233,6844470,11,34937,209613,0,-
67254311131133,9190366,11,46974,281835,0,-
67254313311113,5691772,11,29095,174553,0,-
67312452233321,5848235,11,29878,179254,0,-
67312541121221,5686952,11,29059,174331,0,-
67312542221111,7258292,11,37091,222530,0,-
67321451111123,5493408,11,28077,168444,0,-
67321451112311,5902696,11,30172,181011,0,-
67321451212211,9570286,11,48919,293490,0,-
67321451311133,6144396,11,31406,188423,0,-
67321452111122,5715276,11,29216,175284,0,-
67321453113311,6407373,11,32751,196496,0,-
67321542232133,6062613,11,30980,185862,0,-
67341252222323,6446070,11,32943,197637,0,-
67342512222113,6498287,11,33177,199043,0,-
67345122223133,8486509,11,43348,260076,0,-
67345122232133,8188336,11,41826,250941,0,-
67345211111123,5482953,11,28024,168128,0,-
67345211111132,5914653,11,30231,181374,0,-
67345211112233,5696943,11,29116,174678,0,-
67345211113322,5523301,11,28225,169341,0,-
67345211211122,6130307,11,31341,188025,0,-
67345211311133,6040971,11,30883,185280,0,-
67345212111122,5540813,11,28324,169930,0,-
67345213111133,6521719,11,33343,200040,0,-
67354121111111,6336994,11,32411,194433,0,-
67354211212121,6228774,11,31847,191067,0,-
67354211313113,9095399,11,46504,279005,0,-
67354211333111,9059653,11,46319,277898,0,-
67354212111221,6303078,11,32219,193303,0,-
67354212212222,5913434,11,30231,181374,0,-
67354212311132,5980548,11,30579,183452,0,-
67354213111313,7281343,11,37228,223355,0,-
67354213131311,6946714,11,35517,213095,0,-
67354213211132,5903056,11,30174,181032,0,-
67354213313333,5946163,11,30395,182355,0,-
67412353132121,6858183,11,35046,210263,0,-
67412353332221,5342953,11,27305,163811,0,-
67412531131133,6537580,11,33411,200448,0,-
67435121332112,4949531,11,25294,151743,0,-
67435123123121,4973433,11,25416,152481,0,-
67452313321232,7028336,11,35911,215441,0,-
71234563231322,6602574,11,33745,202464,0,-
71263541333222,8362184,11,42737,256403,0,-
71263542323123,8443923,11,43157,258923,0,-
71264533131323,8484518,11,43306,259822,0,-
71264533221323,8372727,11,42720,256308,0,-
71264533231223,9800991,11,50015,300078,0,-
71264533231313,8933818,11,45603,273615,0,-
71326451211311,5486354,11,28038,168218,0,-
71326453132121,5362575,11,27404,164405,0,-
71326543333313,7939746,11,40543,243239,0,-
71345262132131,6188399,11,31626,189744,0,-
71362453113311,6520412,11,33325,199928,0,-
71365423331312,7517035,11,38379,230272,0,-
71423563213232,6181358,11,31546,189259,0,-
71423653213232,5796446,11,29607,177626,0,-
71426353312211,6177151,11,31559,189336,0,-
71426533333223,6983769,11,35661,213962,0,-
71432561232323,6237452,11,31886,191297,0,-
71432561323232,4864933,11,24862,149152,0,-
71432562111221,5814505,11,29722,178313,0,-
71432563232213,6190974,11,31653,189898,0,-
71432563323113,5241255,11,26785,160692,0,-
71432563323122,5624814,11,28742,172432,0,-
71432563332113,5281594,11,26999,161979,0,-
71435261322233,7231252,11,36922,221512,0,-
71435262222122,6556086,11,33477,200851,0,-
71435263211123,7676437,11,39217,235291,0,-
71435263311122,7171785,11,36630,219763,0,-
71435263333133,7305637,11,37310,223852,0,-
71435263333223,7375761,11,37663,225967,0,-
71435623333331,7198342,11,36786,220709,0,-
71436253333112,7907096,11,40397,242375,0,-
71452363213232,5655963,11,28885,173292,0,-
71452632222131,7554699,11,38584,231489,0,-
71453262222221,6051718,11,30917,185496,0,-
71453623311122,8238448,11,42084,252494,0,-
71456321322323,5727958,11,29273,175617,0,-
71456322111221,5997609,11,30651,183898,0,-
71462531113322,7186198,11,36725,220345,0,-
71462532111212,6195612,11,31675,190040,0,-
71462532121112,6396489,11,32698,196170,0,-
71462533111223,7690681,11,39302,235801,0,-
71462533221113,6297166,11,32180,193075,0,-
71463523331222,6433441,11,32854,197109,0,-
71523463131311,8179319,11,41755,250512,0,-
71523463231313,8465757,11,43216,259290,0,-
71523463331312,8067981,11,41178,247050,0,-
71532463221332,6230952,11,31804,190807,0,-
71534262122222,7898559,11,40364,242170,0,-
71542633132322,6081073,11,31068,186392,0,-
71543622111131,5145775,11,26302,157794,0,-
71543623111121,5722065,11,29252,175488,0,-
71546233331213,7850142,11,40091,240529,0,-
71546322231212,8136900,11,41553,249308,0,-
71562433123232,5866546,11,29977,179848,0,-
71563243221221,6585002,11,33601,201588,0,-
71625433213133,10525272,11,53742,322438,0,-
71643252231212,8005213,11,40883,245286,0,-
71643523331213,8231317,11,42043,252251,0,-
72134562312212,7442079,11,38008,228036,0,-
72136541322233,5520943,11,28225,169336,0,-
72143563222331,5584086,11,28510,171044,0,-
72143651121113,5610890,11,28690,172129,0,-
72143651131112,5973736,11,30545,183271,0,-
72143651213111,5432279,11,27775,166636,0,-
72143651312111,5344208,11,27329,163961,0,-
72143652111311,5443164,11,27831,166974,0,-
72143653111211,5416333,11,27696,166154,0,-
72145631233223,5328959,11,27211,163253,0,-
72145633232231,5348373,11,27310,163847,0,-
72145633312223,8644862,11,44186,265107,0,-
72146352232223,6391196,11,32664,195962,0,-
72163452122222,7930249,11,40516,243084,0,-
72163453121213,6672581,11,34089,204528,0,-
72163453131212,7540294,11,38519,231103,0,-
72163453133333,6450793,11,32958,197730,0,-
72163453331333,7943966,11,40587,243508,0,-
72164353131113,7748345,11,39571,237417,0,-
72165431113331,5520856,11,28235,169384,0,-
72165432111113,5738716,11,29346,176058,0,-
72165432111122,7632955,11,39036,234195,0,-
72165432211112,6274538,11,32093,192543,0,-
72165432323312,5548684,11,28369,170198,0,-
72165433111112,5394293,11,27587,165505,0,-
72165433121333,5960140,11,30485,182890,0,-
72165433221233,5675662,11,29019,174094,0,-
72165433233323,6135530,11,31377,188239,0,-
72165433321223,5275728,11,26973,161820,0,-
72165433331213,5817428,11,29755,178513,0,-
72345611111111,7509990,11,38435,230597,0,-
72345611133113,5163316,11,26399,158377,0,-
72345611221223,4695296,11,23998,143968,0,-
72345611222222,5095403,11,26053,156308,0,-
72345611331332,5498835,11,28101,168596,0,-
72345612122111,5880448,11,30067,180382,0,-
72345612331331,4653391,11,23785,142684,0,-
72345613221221,4959231,11,25345,152053,0,-
72345613333331,6268876,11,32053,192308,0,-
72356141112323,6027303,11,30834,184982,0,-
72356141232113,5564759,11,28453,170696,0,-
72356143211123,5328782,11,27249,163475,0,-
72361453232333,5350638,11,27357,164130,0,-
72361542333233,9564271,11,48879,293258,0,-
72365412222212,5850859,11,29896,179357,0,-
72365413121312,8323852,11,42539,255225,0,-
72365413131212,6082875,11,31084,186493,0,-
72365413331333,6200932,11,31682,190087,0,-
72435163333313,8787285,11,44912,269471,0,-
72513641232323,5553619,11,28380,170258,0,-
72513641233322,6475395,11,33088,198513,0,-
72516342313223,6029823,11,30804,184800,0,-
72531463321232,6635143,11,33916,203492,0,-
72534163211123,6916465,11,35355,212121,0,-
72541631111213,5680205,11,29046,174268,0,-
72541631111312,6315537,11,32295,193758,0,-
72541631112131,5912388,11,30238,181408,0,-
72541631113121,6142980,11,31416,188477,0,-
72541632131111,5427041,11,27749,166477,0,-
72541633121111,6728812,11,34406,206428,0,-
72543162311111,5175989,11,26460,158743,0,-
72543163211111,5748374,11,29383,176279,0,-
72543611221223,7594187,11,38722,232312,0,-
72543611223221,7954632,11,40562,243357,0,-
72543611331332,8982265,11,45808,274829,0,-
72543611332331,8065676,11,41130,246762,0,-
72543612331331,7634213,11,38927,233535,0,-
72543613132232,9729345,11,49621,297707,0,-
72543613133222,7858196,11,40071,240407,0,-
72543613221221,8212250,11,41880,251263,0,-
72543613223312,9064448,11,46224,277327,0,-
72543613322312,9372708,11,47797,286774,0,-
72546311323112,5356252,11,27364,164166,0,-
72546313323212,5987355,11,30603,183598,0,-
72561342313223,8048480,11,41135,246802,0,-
72561432213122,9530189,11,48638,291817,0,-
72561433221233,8448644,11,43095,258554,0,-
72561433311233,10872890,11,55493,332945,0,-
72561433321133,9064936,11,46256,277520,0,-
72561433321223,8945132,11,45629,273762,0,-
72563411111213,5593743,11,28604,171608,0,-
72563411111312,5492589,11,28088,168505,0,-
72563411112131,7548671,11,38605,231622,0,-
72563411113121,5997678,11,30672,184015,0,-
72563412131111,5442452,11,27827,166944,0,-
72563413121111,5366734,11,27443,164641,0,-
72643513212311,5641725,11,28833,172986,0,-
72643513212332,5238441,11,26759,160538,0,-
73125463133132,6272200,11,32006,192021,0,-
73146522113231,5093646,11,26027,156153,0,-
73246153312211,5443395,11,27827,166949,0,-
73456123231322,6211401,11,31740,190424,0,-
73516243323113,5388979,11,27528,165153,0,-
73516243332131,5747766,11,29361,176149,0,-
73541262321212,7192780,11,36740,220413,0,-
73542163321133,7221458,11,36864,221168,0,-
73542613132121,5263755,11,26887,161310,0,-
73542613132322,5375956,11,27477,164839,0,-
73564213321322,6956358,11,35514,213066,0,-
73614251112323,7157788,11,36604,219618,0,-
73615241112323,9497095,11,48535,291194,0,-
73615241113322,7764851,11,39644,237848,0,-
73615242223133,7555137,11,38575,231435,0,-
73615243123313,7141992,11,36467,218791,0,-
73615243213313,7384743,11,37707,226231,0,-
73615243331312,7190577,11,36714,220273,0,-
73615243332311,7451296,11,38048,228280,0,-
73615421113322,5585993,11,28538,171218,0,-
73615423213211,7422669,11,37932,227574,0,-
73615423333331,5882955,11,30059,180342,0,-
73624513121132,9518494,11,48610,291651,0,-
73624513332131,8542674,11,43601,261603,0,-
73625141112323,7003032,11,35810,214846,0,-
73625143121213,5947299,11,30396,182359,0,-
73625143333313,6209316,11,31730,190368,0,-
73625412222323,6100834,11,31182,187074,0,-
73642511111111,8049197,11,41180,247071,0,-
73642511113232,6915234,11,35347,212070,0,-
73642511113322,6888230,11,35205,211213,0,-
73642513223222,7527380,11,38459,230755,0,-
73645121113211,6802407,11,34733,208387,0,-
73645122222311,6501721,11,33190,199129,0,-
73645211223113,4948471,11,25282,151678,0,-
73645211231111,6326807,11,32342,194040,0,-
73645211321111,4948965,11,25292,151726,0,-
73645211332112,5148059,11,26298,157765,0,-
73645213112231,5344691,11,27314,163867,0,-
73645213333112,5671531,11,28980,173871,0,-
73651241113322,5974232,11,30523,183129,0,-
73652413211312,6390792,11,32641,195831,0,-
73652413331321,7179744,11,36671,220018,0,-
73654122111122,7955370,11,40670,244001,0,-
73654122221111,5536050,11,28299,169770,0,-
73654211111132,6531273,11,33347,200067,0,-
74123563323221,5120620,11,26163,156958,0,-
74123652322121,7953669,11,40563,243362,0,-
74123653132232,10180126,11,51926,311534,0,-
74123653133132,8280698,11,42231,253368,0,-
74123653133222,8201094,11,41824,250919,0,-
74123653133231,7553247,11,38516,231080,0,-
74125631313311,5418756,11,27713,166249,0,-
74125632121121,5664232,11,28960,173750,0,-
74125632122111,5246937,11,26828,160955,0,-
74125632131111,5414956,11,27690,166122,0,-
74125632321332,5259002,11,26889,161314,0,-
74125633121111,6620707,11,33854,203115,0,-
74125633131233,5155760,11,26363,158162,0,-
74125633132232,4689424,11,23969,143794,0,-
74125633133222,4958301,11,25340,152032,0,-
74125633133312,6600399,11,33747,202463,0,-
74125633332323,6199828,11,31704,190208,0,-
74126352333122,7320540,11,37406,224421,0,-
74132561321231,6883677,11,35185,211098,0,-
74132562121121,6394698,11,32683,196084,0,-
74132562122111,5986637,11,30596,183568,0,-
74132563131221,7373383,11,37673,226024,0,-
74132563132112,6014823,11,30733,184384,0,-
74136522322121,7439553,11,37941,227628,0,-
74152363132232,7316444,11,37310,223848,0,-
74152363133132,7365730,11,37564,225366,0,-
74152363133222,8320881,11,42441,254628,0,-
74152363133231,7350880,11,37488,224905,0,-
74156322122123,5592265,11,28580,171453,0,-
74156322122321,5730103,11,29283,175686,0,-
74156322313223,5739992,11,29334,175982,0,-
74156323132331,5416532,11,27677,166050,0,-
74156323133123,5590933,11,28567,171386,0,-
74163251121122,6217931,11,31797,190774,0,-
74163252112211,5762398,11,29469,176797,0,-
74163252131111,6210186,11,31755,190512,0,-
74163253121111,6163397,11,31516,189077,0,-
74163253131332,5179532,11,26485,158893,0,-
74163253133132,5099505,11,26065,156378,0,-
74163253133213,5525113,11,28250,169477,0,-
74163253133231,5261882,11,26893,161344,0,-
74163253332323,5649244,11,28888,173314,0,-
74165231121212,9736810,11,49693,298151,0,-
74165231131313,9156168,11,46729,280356,0,-
74165231212121,9271383,11,47320,283904,0,-
74165231313131,9563889,11,48816,292877,0,-
74165232111212,9672725,11,49366,296182,0,-
74165232121112,9201810,11,46965,281768,0,-
74165232121211,9316777,11,47551,285301,0,-
74165233111313,10067185,11,51379,308262,0,-
74165233131113,9234797,11,47133,282789,0,-
74165233131311,9798772,11,50014,300066,0,-
74165233131323,9282531,11,47375,284241,0,-
74165233132313,9991652,11,50990,305928,0,-
74165233231313,10000866,11,51044,306249,0,-
74213652323132,5353545,11,27366,164182,0,-
74251633111313,7320589,11,37394,224341,0,-
74256311321222,10186407,11,52023,312126,0,-
74256313111232,11843549,11,60490,362931,0,-
74265312333233,6155350,11,31459,188744,0,-
74312652333332,6143570,11,31385,188298,0,-
74321563311131,6590258,11,33680,202073,0,-
74321653233323,6709771,11,34307,205831,0,-
74325163131323,7151253,11,36518,219100,0,-
74325612221222,5831908,11,29796,178759,0,-
74325613121312,7433165,11,37982,227878,0,-
74325613131212,5839630,11,29835,178993,0,-
74325613133333,6264670,11,32008,192030,0,-
74361253112132,7054161,11,36027,216147,0,-
74361253211231,5152745,11,26311,157853,0,-
74365211121221,5628957,11,28779,172650,0,-
74365211213111,5307121,11,27141,162826,0,-
74365211312111,5237203,11,26783,160684,0,-
74365211313113,5796665,11,29643,177835,0,-
74365211333111,5773375,11,29524,177124,0,-
74365212111311,5345248,11,27333,163976,0,-
74365212222323,5500605,11,28131,168766,0,-
74365212333332,5231137,11,26743,160443,0,-
74365213111211,5598657,11,28631,171764,0,-
74365213121333,5457375,11,27913,167463,0,-
74512361322233,7118134,11,36394,218351,0,-
74512362313223,5320379,11,27203,163201,0,-
74513263121222,10835891,11,55331,331975,0,-
74521632222212,7139059,11,36479,218868,0,-
74521633121213,8014984,11,40962,245755,0,-
74521633121312,7374431,11,37684,226091,0,-
74521633133333,8149847,11,41648,249874,0,-
74521633333313,7287512,11,37234,223391,0,-
74523611121113,5603015,11,28647,171869,0,-
74523611131112,5801480,11,29663,177977,0,-
74523611213111,5722873,11,29265,175579,0,-
74523611312111,5436686,11,27802,166798,0,-
74523612111311,5655231,11,28917,173493,0,-
74523613111211,5420021,11,27715,166281,0,-
74532163123223,6481549,11,33090,198527,0,-
74561231111222,5709613,11,29195,175156,0,-
74561232111113,5794899,11,29636,177791,0,-
74561232221111,6424495,11,32853,197097,0,-
74561233111112,6262564,11,32028,192158,0,-
74561233131233,5628175,11,28782,172676,0,-
74561233233323,6628080,11,33893,203346,0,-
74561233311233,5639944,11,28841,173020,0,-
74561233321133,5559983,11,28431,170569,0,-
74561233321313,6777510,11,34657,207923,0,-
74563211232332,5568437,11,28428,170565,0,-
74653213133222,6538687,11,33360,200142,0,-
75132463233233,6503270,11,33215,199275,0,-
75143263231313,7888482,11,40286,241708,0,-
75146321323331,7171712,11,36635,219794,0,-
75213642223133,6215270,11,31753,190499,0,-
75231463211123,9020678,11,46093,276554,0,-
75234161322233,5574444,11,28490,170928,0,-
75234162221111,7368772,11,37671,226011,0,-
75236143213232,5196905,11,26534,159176,0,-
75241632222323,6382168,11,32613,195663,0,-
75243162211322,10873892,11,55524,333125,0,-
75243611113232,5752574,11,29399,176371,0,-
75243613213232,5013291,11,25606,153624,0,-
75246131333312,7045858,11,35969,215803,0,-
75246311111111,13357280,11,68313,409865,0,-
75246313212311,5938494,11,30352,182107,0,-
75246313312211,5765990,11,29466,176780,0,-
75246313332332,5768812,11,29475,176834,0,-
75261432123233,6578577,11,33631,201773,0,-
75264132121232,6837578,11,34957,209729,0,-
75264132223331,5350444,11,27347,164057,0,-
75264132321212,7188876,11,36753,220499,0,-
75264133121333,5781192,11,29555,177310,0,-
75264133331213,5860819,11,29959,179738,0,-
75264311223122,6242551,11,31872,191215,0,-
75264313231112,7169330,11,36616,219684,0,-
75312463333133,7374166,11,37651,225890,0,-
75314621133221,4677189,11,23905,143408,0,-
75314621313212,10195902,11,52116,312680,0,-
75314623113122,5258156,11,26876,161237,0,-
75316241231231,7358089,11,37554,225298,0,-
75321461311112,5722007,11,29249,175482,0,-
75321463132121,5178039,11,26461,158751,0,-
75346122133133,6572326,11,33555,201317,0,-
75346211133122,5484804,11,28026,168138,0,-
75346211211311,6965893,11,35590,213534,0,-
75346211311211,5173164,11,26441,158625,0,-
75346212323333,6610316,11,33787,202698,0,-
75346213112132,4951664,11,25303,151795,0,-
75346213132121,5172397,11,26427,158545,0,-
75346213132322,5221347,11,26690,160119,0,-
75346213332122,5539994,11,28305,169811,0,-
75412631223332,4779123,11,24427,146541,0,-
75416323232213,6401999,11,32718,196295,0,-
75431263133213,7311167,11,37362,224159,0,-
75462132123212,9655270,11,49292,295743,0,-
75613243131332,7393257,11,37782,226674,0,-
75613243133213,6013030,11,30725,184335,0,-
75634123323122,5757366,11,29399,176375,0,-
75641323232111,5451660,11,27862,167153,0,-
75642132213311,5274559,11,26965,161775,0,-
76123453233323,5637446,11,28825,172927,0,-
76125343333133,7469548,11,38141,228831,0,-
76143252131312,6211300,11,31736,190404,0,-
76143252221222,6316329,11,32275,193633,0,-
76143253131212,6395145,11,32677,196051,0,-
76143253331333,5921937,11,30257,181528,0,-
76143253333313,8305583,11,42445,254661,0,-
76145231121113,5263148,11,26915,161472,0,-
76145231122112,9117663,11,46619,279698,0,-
76145231131112,5689597,11,29095,174558,0,-
76145231221112,9101188,11,46534,279188,0,-
76145231311331,5126324,11,26209,157231,0,-
76145232123332,5500265,11,28130,168762,0,-
76145232233213,6801545,11,34781,208669,0,-
76145232331313,5290237,11,27054,162303,0,-
76145232332213,7035040,11,35975,215830,0,-
76145233133213,5620324,11,28740,172431,0,-
76145233232333,5341210,11,27314,163868,0,-
76154323333112,6524814,11,33308,199833,0,-
76213543213133,6737286,11,34409,206443,0,-
76213543311332,6320029,11,32276,193641,0,-
76215341231231,6068703,11,30970,185799,0,-
76215433333133,7191747,11,36717,220290,0,-
76231451123111,5758137,11,29433,176586,0,-
76245311121131,5589576,11,28573,171424,0,-
76245311131121,5033296,11,25723,154314,0,-
76245311213312,5323598,11,27206,163218,0,-
76245312132131,5434389,11,27767,166581,0,-
76245313122122,5290794,11,27038,162212,0,-
76245313123121,5326702,11,27213,163255,0,-
76253141123132,4931029,11,25206,151218,0,-
76253141211332,4836155,11,24716,148278,0,-
76253413322312,6643180,11,33894,203342,0,-
76254133311323,10642373,11,54367,326193,0,-
76254313211111,9465994,11,48348,290077,0,-
76312452212111,9837604,11,50282,301677,0,-
76312453211111,5756063,11,29420,176502,0,-
76312453311311,6328520,11,32350,194081,0,-
76312542321212,6179154,11,31589,189521,0,-
76312542322121,5792052,11,29587,177508,0,-
76312543322222,7673847,11,39217,235294,0,-
76315241112113,6056905,11,30960,185742,0,-
76315241113112,5189455,11,26517,159085,0,-
76315241223113,5056824,11,25832,154966,0,-
76315241322122,5353440,11,27354,164107,0,-
76315241323313,5641716,11,28828,172953,0,-
76315241332112,5164860,11,26387,158308,0,-
76315243211231,4909470,11,25089,150511,0,-
76315243323323,5905186,11,30184,181092,0,-
76321452122123,8423262,11,42968,257793,0,-
76321452122321,8591162,11,43817,262881,0,-
76321452122333,8421011,11,42975,257829,0,-
76321452123323,9767833,11,49845,299048,0,-
76321452212231,8154360,11,41598,249575,0,-
76321452213122,8566639,11,43718,262290,0,-
76321453233131,8955314,11,45682,274075,0,-
76321453311233,10228781,11,52207,313223,0,-
76321453313312,9613170,11,49047,294265,0,-
76321453321133,8536231,11,43561,261347,0,-
76321453323311,9802361,11,50008,300043,0,-
76321542211112,8155214,11,41673,250029,0,-
76321543211111,5479414,11,28005,168012,0,-
76321543311131,6053004,11,30936,185605,0,-
76324151112233,5621164,11,28729,172362,0,-
76324151112323,6797846,11,34761,208551,0,-
76324153323122,5556967,11,28389,170320,0,-
76325411111213,5816117,11,29741,178421,0,-
76325411111312,7177010,11,36698,220181,0,-
76325411112131,5313274,11,27173,163018,0,-
76325411113121,5827883,11,29804,178806,0,-
76325411122121,5755067,11,29430,176559,0,-
76325411331311,6200134,11,31698,190173,0,-
76325412112121,7226860,11,36954,221709,0,-
76325412231212,6211951,11,31774,190628,0,-
76325412333233,6176059,11,31586,189493,0,-
76325413222223,5717778,11,29232,175372,0,-
76341251111213,5674886,11,29022,174106,0,-
76341251111312,7074919,11,36179,217060,0,-
76341251112131,6248760,11,31956,191729,0,-
76341251113121,5727864,11,29291,175721,0,-
76341251221121,6002618,11,30687,184107,0,-
76341251311313,5753075,11,29419,176488,0,-
76341252232313,5616075,11,28723,172321,0,-
76341252323333,6159254,11,31500,188984,0,-
76341253221212,6336824,11,32404,194402,0,-
76341253233131,5100509,11,26080,156460,0,-
76342511111231,4804788,11,24554,147301,0,-
76342511111321,6181282,11,31598,189578,0,-
76342511323112,5079212,11,25956,155710,0,-
76342512232223,6090106,11,31137,186805,0,-
76342513213112,7393860,11,37788,226714,0,-
76342513322111,7698003,11,39343,236043,0,-
76342513323122,5375386,11,27468,164798,0,-
76342513323212,5793904,11,29618,177689,0,-
76345122211112,7915995,11,40458,242737,0,-
76345122211121,6344537,11,32429,194559,0,-
76345122213311,5297871,11,27072,162418,0,-
76345122311111,6400584,11,32710,196243,0,-
76345123211111,5400374,11,27602,165592,0,-
76345123311113,6239908,11,31894,191342,0,-
76345123311131,5957017,11,30451,182700,0,-
76345123312211,5078005,11,25950,155679,0,-
76351421112323,7330818,11,37483,224883,0,-
76351421113322,5452266,11,27861,167159,0,-
76351423321232,5760721,11,29450,176682,0,-
76354121121212,6740748,11,34463,206759,0,-
76354121122121,5658063,11,28922,173511,0,-
76354121311313,5768937,11,29485,176897,0,-
76354121313131,6357191,11,32503,195000,0,-
76354122111212,7391426,11,37787,226706,0,-
76354122112121,6148455,11,31430,188562,0,-
76354122212222,5867242,11,29990,179924,0,-
76354123211123,6285330,11,32133,192788,0,-
76354123211132,5460781,11,27909,167440,0,-
76354123313333,6413286,11,32784,196691,0,-
76354212213323,5834478,11,29829,178959,0,-
76354212312233,5999703,11,30677,184034,0,-
76354212313322,6389531,11,32666,195983,0,-
76354212333332,5874249,11,30029,180157,0,-
76354213222223,5762147,11,29456,176716,0,-
76354213312223,5405823,11,27638,165803,0,-
76421351131121,4667785,11,23859,143138,0,-
76512343213313,9355160,11,47768,286599,0,-
76512343332311,9332050,11,47653,285909,0,-
76514321112323,6251468,11,31982,191882,0,-
76514321232113,5763160,11,29472,176813,0,-
76521433232333,5576240,11,28509,171039,0,-
76523413223231,5870240,11,29974,179826,0,-
76524313331222,7257345,11,37047,222265,0,-
76541232131213,9586975,11,48979,293859,0,-
76541232221222,5894845,11,30120,180706,0,-
76541233121213,6079371,11,31059,186339,0,-
76541233331333,6546019,11,33441,200644,0,-
76541233333313,7401197,11,37804,226810,0,-
76543211111111,12567482,11,64307,385821,0,-
76543211212112,6453279,11,32997,197967,0,-
76543211223221,5236891,11,26761,160558,0,-
76543211332331,5229301,11,26724,160333,0,-
76543211333333,5782491,11,29562,177363,0,-
76543212132323,5764822,11,29481,176869,0,-
76543212222221,5533341,11,28290,169717,0,-
76543212323213,5686378,11,29079,174460,0,-
76543213113131,5723720,11,29265,175573,0,-
