state,iret,len,expanded,generated,exit,check
12345672121232,2532496,11,6187,37106,0,-
12345672123212,2215756,11,5411,32446,0,-
12345672321212,1730498,11,4224,25321,0,-
12345673131323,2492457,11,6090,36521,0,-
12345673132313,2674757,11,6533,39186,0,-
12345673231313,1816446,11,4433,26583,0,-
12345761111111,6096980,11,14956,89724,0,-
12346571111231,5192889,11,12733,76379,0,-
12346751113133,2250614,11,5514,33066,0,-
12347561112212,2115690,11,5183,31082,0,-
12347651111111,8060821,11,19786,118704,0,-
12347651122112,1972152,11,4831,28971,0,-
12347651133311,1735264,11,4252,25489,0,-
12347652111221,1042061,11,2550,15278,0,-
12347652123233,1885274,11,4620,27699,0,-
12347652123332,2314000,11,5670,34008,0,-
12347652223232,1274430,11,3120,18696,0,-
12347653111133,1217924,11,2981,17869,0,-
12347653132223,1689692,11,4138,24816,0,-
12347653132322,1680480,11,4117,24680,0,-
12347653332323,1368163,11,3350,20079,0,-
12354671111111,2709625,11,6645,39852,0,-
12354761112323,6423302,11,15767,94586,0,-
12354762121112,2253320,11,5521,33107,0,-
12354762121211,1967466,11,4818,28895,0,-
12354762311123,1691328,11,4142,24833,0,-
12354763131131,1857981,11,4550,27276,0,-
12354763133111,1714069,11,4197,25168,0,-
12354763211123,1817199,11,4450,26681,0,-
12356471113133,2442042,11,5983,35886,0,-
12356741133131,1721070,11,4201,25189,0,-
12356741313131,1666047,11,4067,24384,0,-
12356743113131,1657547,11,4045,24255,0,-
12357461111222,2779871,11,6813,40868,0,-
12357461113331,2634679,11,6456,38723,0,-
12357462211112,2007303,11,4918,29484,0,-
12357641113331,2300679,11,5636,33798,0,-
12364571112212,2826901,11,6928,41554,0,-
12364751112212,2489010,11,6101,36594,0,-
12364751113133,2384770,11,5844,35046,0,-
12364753311131,1718752,11,4210,25234,0,-
12365471111111,5118049,11,12570,75404,0,-
12365471211122,2050119,11,5025,30136,0,-
12365471313113,1234137,11,3022,18109,0,-
12365472223232,1166921,11,2856,17114,0,-
12365472321233,1447278,11,3543,21246,0,-
12365473232312,1363758,11,3339,20012,0,-
12365473332323,1474208,11,3611,21651,0,-
12365741113331,2522447,11,6181,37070,0,-
12367451123333,1977919,11,4829,28952,0,-
12367451132222,1806696,11,4409,26435,0,-
12367451213333,1596963,11,3895,23348,0,-
12367451312222,2533950,11,6188,37115,0,-
12367452113333,2321060,11,5669,33997,0,-
12367453112222,1834614,11,4477,26841,0,-
12367541112212,2644142,11,6476,38849,0,-
12367541113331,3225198,11,7903,47406,0,-
12367541331131,1469551,11,3596,21567,0,-
12374561121212,1768885,11,4321,25901,0,-
12374561211212,1556174,11,3797,22759,0,-
12374562111212,2014957,11,4921,29505,0,-
12374651111222,2718361,11,6659,39935,0,-
12375461111222,2619290,11,6420,38501,0,-
12375641113112,2550892,11,6249,37478,0,-
12376451111222,2813352,11,6893,41341,0,-
12376451113133,2797743,11,6857,41133,0,-
12376451221211,1854542,11,4543,27236,0,-
12376541112323,5073227,11,12457,74730,0,-
12376541232233,2519068,11,6168,36999,0,-
12376541322233,1573924,11,3852,23098,0,-
12376542121232,1933223,11,4737,28398,0,-
12376542123212,1818042,11,4454,26705,0,-
12376543133132,1887597,11,4621,27715,0,-
12376543133231,1693581,11,4147,24858,0,-
12456731132321,2561455,11,6271,37605,0,-
12456731233223,2380487,11,5835,34997,0,-
12456733223321,1319923,11,3231,19372,0,-
12463751231231,1696595,11,4150,24878,0,-
12467351131121,1697507,11,4158,24925,0,-
12467351231321,1708939,11,4187,25099,0,-
12473561132123,1504796,11,3683,22086,0,-
12536741112323,2185440,11,5359,32141,0,-
12537461332112,2004796,11,4908,29429,0,-
12543671111111,2588116,11,6348,38078,0,-
12543671211212,1343093,11,3288,19708,0,-
12543671331113,2584214,11,6339,38014,0,-
12543672121121,1548617,11,3792,22735,0,-
12543672321332,1194724,11,2924,17522,0,-
12543672322232,1530806,11,3749,22476,0,-
12543672331232,1375482,11,3370,20198,0,-
12543673111331,1377629,11,3374,20221,0,-
12543673221323,1721830,11,4219,25294,0,-
12543673231223,1031030,11,2523,15115,0,-
12543673233323,2208538,11,5411,32449,0,-
12546371221331,1515318,11,3707,22225,0,-
12563472131213,1971581,11,4826,28938,0,-
12563473131212,2028850,11,4969,29794,0,-
12564733323122,1362333,11,3333,19973,0,-
12567433232333,1608978,11,3942,23623,0,-
12576343212221,1344855,11,3288,19709,0,-
12637451132111,2832603,11,6942,41638,0,-
12637451332112,1745013,11,4276,25628,0,-
12643571321321,1100201,11,2689,16107,0,-
12645371131121,2842371,11,6968,41784,0,-
12673542331133,1946572,11,4761,28551,0,-
12734561112323,2171670,11,5325,31934,0,-
12734561322233,2347026,11,5754,34507,0,-
12734562313223,1542971,11,3780,22660,0,-
12745631111111,6316599,11,15489,92918,0,-
12745632111122,1436145,11,3518,21084,0,-
12745632212213,2048075,11,5017,30088,0,-
12745632222221,1164437,11,2851,17079,0,-
12745632232211,1339738,11,3281,19657,0,-
12745633131131,1739409,11,4258,25534,0,-
12745633313312,1179649,11,2886,17296,0,-
12745633313333,2814400,11,6903,41405,0,-
12745633323311,1130820,11,2767,16582,0,-
12753462231323,1553461,11,3801,22788,0,-
12763452322232,1542725,11,3779,22657,0,-
12765432121313,1942976,11,4757,28531,0,-
12765432222212,2967992,11,7269,43599,0,-
12765433121213,2013564,11,4928,29552,0,-
12765433331333,1840735,11,4503,27007,0,-
13245671321111,2258372,11,5532,33176,0,-
13246571111111,2818859,11,6913,41466,0,-
13246571112233,1644201,11,4024,24127,0,-
13246571113232,2534297,11,6203,37209,0,-
13246572321332,1795060,11,4396,26353,0,-
13246572331232,1186996,11,2905,17404,0,-
13246573221233,1125092,11,2753,16483,0,-
13246573321223,1742666,11,4267,25583,0,-
13246752133211,1626622,11,3977,23853,0,-
13247563212131,1463303,11,3575,21440,0,-
13254761322233,2133877,11,5226,31348,0,-
13254761323322,1946402,11,4768,28584,0,-
13254762321233,1701185,11,4164,24969,0,-
13254763323122,1678066,11,4107,24629,0,-
13257641112233,2274645,11,5570,33407,0,-
13265741112323,3058852,11,7495,44956,0,-
13265742131312,1940924,11,4751,28489,0,-
13267451122211,2078633,11,5090,30527,0,-
13267451311133,1449817,11,3550,21280,0,-
13267541111132,1610654,11,3937,23598,0,-
13267541232212,1247438,11,3048,18271,0,-
13274651112323,2366762,11,5798,34775,0,-
13275461112233,1617691,11,3959,23733,0,-
13275463213211,1745765,11,4272,25619,0,-
13275641112233,2555663,11,6255,37504,0,-
13275641112323,2666081,11,6529,39151,0,-
13275642131333,1787168,11,4369,26197,0,-
13275643212221,1660620,11,4058,24325,0,-
13276451113211,2389186,11,5843,35038,0,-
13276451233133,1426845,11,3487,20896,0,-
13276541133122,2128671,11,5213,31258,0,-
13276541213312,2620555,11,6418,38487,0,-
13276541321123,2200027,11,5389,32314,0,-
13276541322311,2148172,11,5260,31534,0,-
13276541323112,1909580,11,4678,28048,0,-
13276541323322,1997822,11,4894,29347,0,-
13276542323312,1379761,11,3377,20246,0,-
13276543323122,1632090,11,3995,23954,0,-
13462571111111,3957248,11,9718,58292,0,-
13462572213311,1689594,11,4138,24820,0,-
13527461211113,2119909,11,5193,31143,0,-
13542671231231,1975843,11,4840,29018,0,-
13546271213213,1391968,11,3406,20418,0,-
13546271231231,2232957,11,5467,32781,0,-
13546271321321,1554216,11,3801,22787,0,-
13572641122133,4675714,11,11471,68815,0,-
13576241312213,2667992,11,6530,39174,0,-
13576241321321,1351681,11,3303,19796,0,-
13627451332112,1614308,11,3949,23679,0,-
13642571221223,2346579,11,5734,34386,0,-
13642571223221,2005263,11,4895,29350,0,-
13642573221221,1923611,11,4694,28146,0,-
13645271221331,1760622,11,4311,25848,0,-
13647521111111,2104069,11,5161,30944,0,-
13675241112323,2491098,11,6105,36617,0,-
13675242331313,1779146,11,4357,26127,0,-
13725642332132,1348370,11,3300,19782,0,-
13754262123323,2668289,11,6522,39112,0,-
13762451321321,1780766,11,4357,26121,0,-
13764251211311,1406277,11,3445,20643,0,-
13764252323231,1267585,11,3102,18592,0,-
13765422121211,1352093,11,3305,19809,0,-
14263751131121,1766016,11,4325,25938,0,-
14267351321321,1723203,11,4215,25268,0,-
14275633323122,1356600,11,3320,19902,0,-
14325671111111,5666967,11,13890,83322,0,-
14325672112121,1646447,11,4032,24180,0,-
14325672231323,1319236,11,3229,19360,0,-
14325672323222,1605895,11,3935,23591,0,-
14325673123232,1260212,11,3085,18492,0,-
14325673232333,1578150,11,3867,23178,0,-
14325673311131,1803822,11,4417,26491,0,-
14327652131213,1875118,11,4590,27524,0,-
14327653121213,1840951,11,4508,27037,0,-
14352672212111,1330794,11,3257,19520,0,-
14356721112323,1540101,11,3773,22622,0,-
14356721322233,2931681,11,7187,43109,0,-
14367252322232,1531870,11,3753,22497,0,-
14367523311113,2540466,11,6217,37289,0,-
14523672121313,2328378,11,5704,34210,0,-
14523673121312,1969872,11,4818,28900,0,-
14527631121311,3352986,11,8224,49326,0,-
14527631131211,3234830,11,7934,47587,0,-
14527631133311,1274129,11,3122,18695,0,-
14527631211131,2064401,11,5057,30326,0,-
14527631311121,2657797,11,6517,39081,0,-
14527632122213,1488543,11,3646,21851,0,-
14527632212111,1349825,11,3305,19810,0,-
14527632333332,1862187,11,4560,27342,0,-
14527633132322,1410837,11,3455,20710,0,-
14527633312133,1248963,11,3057,18321,0,-
14536273311311,1334561,11,3264,19563,0,-
14537622231323,1448131,11,3545,21246,0,-
14563272323222,1145847,11,2804,16800,0,-
14567231312213,3465036,11,8491,50936,0,-
14567231321123,1921891,11,4702,28193,0,-
14573261333111,2275077,11,5572,33416,0,-
14625731111111,4086410,11,10028,60151,0,-
14625731131121,3670745,11,8999,53978,0,-
14625731322233,2136350,11,5233,31374,0,-
14625732112121,1314687,11,3218,19288,0,-
14625732113321,1763238,11,4316,25884,0,-
14625732213323,1691401,11,4143,24837,0,-
14625732233111,1643719,11,4025,24128,0,-
14625733133111,1158304,11,2835,16987,0,-
14632571111111,3485156,11,8543,51243,0,-
14632571321132,1868873,11,4577,27448,0,-
14652733321331,1263381,11,3086,18492,0,-
14673251111111,3982005,11,9775,58635,0,-
14723651111213,1604290,11,3930,23568,0,-
14723651111312,2641380,11,6473,38829,0,-
14723651112131,2713410,11,6654,39915,0,-
14723651113121,1591128,11,3899,23376,0,-
14723651211212,1344674,11,3292,19733,0,-
14723652322121,1301108,11,3185,19092,0,-
14723652331232,1534903,11,3758,22531,0,-
14723653232222,1420455,11,3478,20851,0,-
14723653313111,1232548,11,3019,18090,0,-
14723653321313,1824435,11,4467,26789,0,-
14725361111111,1715094,11,4203,25204,0,-
14725361111123,1828799,11,4479,26860,0,-
14725361322332,1558345,11,3814,22865,0,-
14725362211121,1455885,11,3563,21360,0,-
14725363211213,2158708,11,5289,31719,0,-
14725363213121,1506232,11,3688,22107,0,-
14725363223213,1567443,11,3837,23006,0,-
14725363311113,1946035,11,4767,28573,0,-
14726531223122,1870508,11,4580,27464,0,-
14726531232122,2430790,11,5956,35723,0,-
14726531233313,1768291,11,4330,25968,0,-
14726531333312,1472970,11,3604,21612,0,-
14726532232313,1407692,11,3446,20659,0,-
14726533323122,1168484,11,2860,17134,0,-
14735621221112,1422508,11,3482,20876,0,-
14735621223113,1367425,11,3346,20057,0,-
14735621223332,2525881,11,6186,37104,0,-
14735621233112,2178784,11,5337,32002,0,-
14735621323112,2348373,11,5753,34498,0,-
14735621332112,1339615,11,3279,19649,0,-
14735621333111,1442480,11,3532,21167,0,-
14735621333222,1924404,11,4714,28267,0,-
14736251111132,1543059,11,3778,22647,0,-
14736251112332,1957091,11,4794,28750,0,-
14736253222223,1236065,11,3023,18128,0,-
14736521132222,1747771,11,4280,25654,0,-
14736521133131,1620764,11,3968,23787,0,-
14736521211212,1381740,11,3382,20269,0,-
14736521213333,1552238,11,3799,22767,0,-
14736521221313,2004772,11,4906,29425,0,-
14736521321231,2116442,11,5180,31071,0,-
14736521322233,1554962,11,3807,22822,0,-
14736521332121,2740334,11,6713,40257,0,-
14736523112222,1107573,11,2708,16226,0,-
14736523113131,1054299,11,2579,15449,0,-
14752363222121,1502044,11,3677,22038,0,-
14752363232222,1883347,11,4612,27649,0,-
14752363233131,1601652,11,3921,23496,0,-
14752631111111,2634754,11,6461,38753,0,-
14752631112311,2398405,11,5877,35242,0,-
14752631323223,2245031,11,5503,32997,0,-
14752632332132,1358570,11,3324,19926,0,-
14752633213223,1803036,11,4415,26478,0,-
14752633222223,1825327,11,4471,26811,0,-
14752633223123,2228007,11,5459,32736,0,-
14752633223231,1838177,11,4502,26994,0,-
14753261221112,1933341,11,4737,28401,0,-
14753261323112,2790910,11,6837,41013,0,-
14753261333111,2211283,11,5418,32489,0,-
14762351221331,1544902,11,3779,22656,0,-
14762351321231,2714102,11,6650,39889,0,-
14762351331221,1708630,11,4184,25078,0,-
14763251221223,2504963,11,6118,36692,0,-
14763251222312,1831522,11,4469,26793,0,-
14763251332331,2725965,11,6663,39961,0,-
14763251333123,1411896,11,3442,20633,0,-
14763252322121,1902233,11,4643,27832,0,-
14763253132232,1541576,11,3761,22546,0,-
14763253133132,1559113,11,3804,22800,0,-
14763253133222,1923839,11,4695,28156,0,-
14763253133231,1626522,11,3969,23787,0,-
14763253221221,2039916,11,4982,29873,0,-
14763253222112,2178096,11,5318,31891,0,-
14763521113211,1873034,11,4587,27501,0,-
14763521113223,1708092,11,4183,25079,0,-
14763523222331,1627316,11,3984,23884,0,-
14765231111213,2437818,11,5976,35835,0,-
14765231111312,1860238,11,4558,27331,0,-
14765231112131,1880355,11,4608,27630,0,-
14765231113121,2247563,11,5511,33046,0,-
14765231133131,1776876,11,4354,26102,0,-
14765232211211,1444144,11,3536,21202,0,-
14765232232322,1181842,11,2893,17335,0,-
14765232331313,1565906,11,3835,22987,0,-
14765233113131,1057832,11,2589,15508,0,-
14765233323332,1430899,11,3502,21008,0,-
15236471111111,3337414,11,8187,49107,0,-
15236473231121,1732893,11,4245,25457,0,-
15243671331221,1971620,11,4828,28949,0,-
15246371331332,2407184,11,5881,35269,0,-
15246371332331,2018319,11,4927,29542,0,-
15246372331331,1667792,11,4069,24397,0,-
15267431223113,1264071,11,3090,18515,0,-
15273641112323,3498447,11,8578,51447,0,-
15324673113311,2290792,11,5610,33645,0,-
15342671211311,1786159,11,4376,26229,0,-
15346271321321,1317387,11,3222,19310,0,-
15367421211113,2062892,11,5051,30295,0,-
15367421223113,1577045,11,3862,23150,0,-
15367423211123,1841549,11,4512,27052,0,-
15426371111111,1512158,11,3706,22217,0,-
15426371112233,1927312,11,4722,28321,0,-
15463271313113,2210405,11,5413,32462,0,-
15624732123212,1870811,11,4579,27461,0,-
15624732133313,1891666,11,4634,27779,0,-
15624732333332,1580586,11,3869,23193,0,-
15627431223113,1705704,11,4177,25043,0,-
15627431322113,2464059,11,6034,36186,0,-
15627431332112,2159809,11,5293,31740,0,-
15634722123332,2076572,11,5086,30500,0,-
15634722321233,1538698,11,3767,22587,0,-
15637423211123,1968268,11,4819,28901,0,-
15642371111111,4074325,11,9986,59906,0,-
15642372213311,1687201,11,4132,24770,0,-
15642372231332,1372986,11,3359,20127,0,-
15642372331322,1242566,11,3042,18228,0,-
15642373212311,1690482,11,4139,24820,0,-
15642373221323,1764004,11,4320,25908,0,-
15642373231223,1310333,11,3205,19213,0,-
15643271221331,2004633,11,4909,29441,0,-
15643271331221,2370833,11,5809,34841,0,-
15643273223111,1881762,11,4611,27643,0,-
15647233213232,1274278,11,3115,18674,0,-
15672341113232,2346440,11,5748,34477,0,-
15672341323112,1417015,11,3467,20787,0,-
15672342323312,1610448,11,3942,23638,0,-
15672343213232,1551812,11,3799,22768,0,-
15672433312133,1997412,11,4883,29280,0,-
15724362212132,1377867,11,3366,20183,0,-
15724631111111,2952048,11,7243,43435,0,-
15724631211311,2555793,11,6263,37567,0,-
15724631322233,2512644,11,6157,36926,0,-
15724632123233,2266973,11,5552,33301,0,-
15724632313223,1859135,11,4552,27304,0,-
15724632323231,1641052,11,4018,24085,0,-
15724632323333,1919919,11,4702,28194,0,-
15724633132322,1422934,11,3485,20886,0,-
15734622331223,1534756,11,3753,22492,0,-
15746321111111,2324941,11,5698,34170,0,-
15746321323211,2171511,11,5323,31920,0,-
15746322313112,1670690,11,4093,24543,0,-
15762342122213,2175344,11,5322,31916,0,-
15763241111111,2745829,11,6735,40395,0,-
15763242323132,1302588,11,3189,19110,0,-
16243571132132,1211639,11,2964,17765,0,-
16243571231231,2083998,11,5106,30607,0,-
16243571321321,1364746,11,3338,20013,0,-
16245371231231,2099943,11,5141,30830,0,-
16254733312223,2984431,11,7307,43823,0,-
16257431132111,2426413,11,5948,35667,0,-
16257433223123,1406930,11,3443,20649,0,-
16273541122133,2826414,11,6920,41499,0,-
16273541321321,1643793,11,4017,24079,0,-
16275341312213,4272375,11,10482,62885,0,-
16275343122221,1312886,11,3211,19247,0,-
16327453232333,1458227,11,3571,21407,0,-
16342571331221,1718946,11,4205,25218,0,-
16345271111111,4298765,11,10545,63258,0,-
16345271133131,1601952,11,3924,23524,0,-
16345271222111,2047087,11,5015,30078,0,-
16345272322232,1544745,11,3782,22680,0,-
16345272333212,1220134,11,2987,17902,0,-
16345273122323,1640345,11,4018,24090,0,-
16345273233323,2311530,11,5663,33962,0,-
16347252131312,2027454,11,4965,29766,0,-
16347253121312,2153735,11,5270,31602,0,-
16357421223113,1705799,11,4171,25017,0,-
16374521112323,2447903,11,6002,36002,0,-
16374523211123,1802345,11,4418,26487,0,-
16423572112121,1532091,11,3748,22470,0,-
16427531211311,2680452,11,6570,39403,0,-
16427531231321,2825559,11,6928,41556,0,-
16427532333233,2701345,11,6616,39673,0,-
16453271111111,2970928,11,7288,43705,0,-
16453271211113,2177219,11,5337,31997,0,-
16453272111131,1470431,11,3601,21580,0,-
16475233132313,1873269,11,4581,27469,0,-
16523473332323,1637402,11,4011,24052,0,-
16523741112212,1544072,11,3778,22646,0,-
16524731112212,2586502,11,6338,38019,0,-
16524731112233,2483083,11,6083,36487,0,-
16524731113133,1782979,11,4367,26179,0,-
16527341111111,1644633,11,4032,24171,0,-
16527431123333,2821134,11,6898,41371,0,-
16527431222132,2638293,11,6447,38662,0,-
16527431312222,2907638,11,7106,42614,0,-
16527431333213,2248752,11,5494,32942,0,-
16527432113333,2201008,11,5378,32250,0,-
16527432211322,1910070,11,4662,27947,0,-
16527432231122,1755269,11,4283,25684,0,-
16527432231332,2032358,11,4962,29751,0,-
16527432331322,1791997,11,4373,26217,0,-
16527432333113,2569873,11,6282,37667,0,-
16527433312133,1456051,11,3553,21288,0,-
16532471111222,1971017,11,4826,28934,0,-
16534271111111,2436769,11,5975,35833,0,-
16534271111132,1516609,11,3716,22270,0,-
16534273211111,1616863,11,3958,23734,0,-
16534723211123,2199693,11,5385,32295,0,-
16537421111222,1574233,11,3856,23112,0,-
16537421113322,1897760,11,4647,27865,0,-
16537421113331,1512416,11,3702,22196,0,-
16537421223113,1305494,11,3193,19134,0,-
16537421233112,2342316,11,5737,34407,0,-
16537421332112,1449255,11,3547,21254,0,-
16542371221331,1198518,11,2931,17562,0,-
16542371331221,1640810,11,4016,24078,0,-
16542372112331,1591618,11,3893,23340,0,-
16543271221223,3182888,11,7779,46649,0,-
16543271223221,2054453,11,5015,30074,0,-
16543271331332,2592940,11,6334,37988,0,-
16543271332331,2419392,11,5909,35435,0,-
16543272331331,1760884,11,4299,25763,0,-
16543273221221,1784509,11,4354,26102,0,-
16543721111111,1812130,11,4443,26638,0,-
16543721113211,1683962,11,4125,24732,0,-
16547233332323,2222587,11,5447,32670,0,-
16547321113331,2415571,11,5915,35476,0,-
16572431111111,1992179,11,4882,29280,0,-
16572433213223,1437184,11,3519,21089,0,-
16573241123123,1533821,11,3754,22500,0,-
16573241312312,1360506,11,3330,19954,0,-
16574231113133,1763473,11,4315,25877,0,-
16723451122133,2125435,11,5204,31213,0,-
16723451322311,1813045,11,4436,26602,0,-
16725431121311,3262811,11,8006,48018,0,-
16725431131211,3338254,11,8190,49125,0,-
16725431211122,1492806,11,3654,21917,0,-
16725431211131,2749232,11,6740,40425,0,-
16725431311121,1834920,11,4496,26952,0,-
16725432211121,1621663,11,3972,23816,0,-
16725432232223,1171256,11,2868,17185,0,-
16725433113311,1245359,11,3049,18272,0,-
16725433122212,1235050,11,3024,18128,0,-
16725433333232,1238292,11,3032,18169,0,-
16735242122213,1740417,11,4254,25506,0,-
16742352232313,1966902,11,4818,28886,0,-
16743252323222,1254186,11,3070,18395,0,-
16745232121313,1979573,11,4846,29062,0,-
16745232122222,1767469,11,4328,25944,0,-
16745233121213,1632067,11,3995,23949,0,-
16745233333313,3166713,11,7758,46542,0,-
16753241221112,2220411,11,5438,32613,0,-
17246351111111,4308064,11,10581,63464,0,-
17265433111313,2808686,11,6873,41214,0,-
17324561211323,2253107,11,5519,33093,0,-
17324561232332,1493748,11,3657,21927,0,-
17326452212111,2044150,11,5001,29985,0,-
17356241212313,1848241,11,4529,27149,0,-
17356242211331,2788172,11,6831,40961,0,-
17362451211311,1676197,11,4106,24622,0,-
17362451231321,1533544,11,3754,22509,0,-
17362452213311,1921785,11,4703,28201,0,-
17364251231231,1552502,11,3795,22753,0,-
17423653213232,1503107,11,3679,22052,0,-
17425631122112,1922292,11,4709,28235,0,-
17425631223113,1742727,11,4267,25586,0,-
17425631313113,1821854,11,4462,26753,0,-
17425631322113,2429563,11,5951,35686,0,-
17425631322332,2634846,11,6455,38710,0,-
17425631323112,1841747,11,4509,27037,0,-
17425631323223,1808955,11,4430,26566,0,-
17425631332112,1838737,11,4504,27002,0,-
17426531112233,2210281,11,5414,32476,0,-
17426531121212,1484940,11,3634,21786,0,-
17426531132312,2037200,11,4988,29908,0,-
17426531213123,2174158,11,5324,31926,0,-
17426531223221,1306421,11,3197,19152,0,-
17426531232233,2975659,11,7291,43734,0,-
17426531313131,1748657,11,4281,25663,0,-
17426531331332,1671952,11,4092,24535,0,-
17426532121211,1322941,11,3239,19406,0,-
17426532331331,1370710,11,3355,20098,0,-
17435622211133,2581846,11,6319,37899,0,-
17435623211123,2530807,11,6194,37152,0,-
17436521323232,1902928,11,4659,27947,0,-
17452363213232,1535373,11,3759,22536,0,-
17452363322132,1349863,11,3305,19807,0,-
17452633213232,1225977,11,2993,17944,0,-
17453262211133,1592890,11,3899,23366,0,-
17462352213311,2258612,11,5533,33174,0,-
17463251122112,2121931,11,5199,31176,0,-
17463251221331,1706598,11,4178,25046,0,-
17463251313113,2199816,11,5390,32318,0,-
17463251321231,1831622,11,4487,26902,0,-
17463251323112,2534682,11,6209,37242,0,-
17463251331221,1794844,11,4394,26346,0,-
17526431131121,1825999,11,4469,26804,0,-
17526431231321,1969145,11,4823,28914,0,-
17526432123233,2313911,11,5666,33987,0,-
17543261111111,5116188,11,12560,75340,0,-
17543261132111,1660879,11,4069,24386,0,-
17642531111111,2037714,11,4997,29960,0,-
17642531112233,2414045,11,5914,35465,0,-
17642533312211,1175858,11,2877,17248,0,-
17643251122112,1820372,11,4456,26718,0,-
21345671111111,2485721,11,6095,36543,0,-
21345762223322,2167280,11,5300,31783,0,-
21345762312323,2398836,11,5869,35198,0,-
21345762313223,2093742,11,5123,30719,0,-
21345763332233,1626657,11,3979,23852,0,-
21346752313322,2520973,11,6173,37022,0,-
21347562312323,3348906,11,8202,49192,0,-
21354671122112,1560215,11,3821,22900,0,-
21354671131313,1634475,11,4001,23994,0,-
21354671221112,1009023,11,2467,14782,0,-
21354672311123,2713066,11,6647,39871,0,-
21354672311132,2793738,11,6847,41063,0,-
21354672313211,5887992,11,14430,86567,0,-
21354673131113,1582115,11,3874,23225,0,-
21354761112233,2357023,11,5775,34628,0,-
21354761112311,1724704,11,4223,25321,0,-
21354761113211,2376250,11,5821,34909,0,-
21354761113322,1794506,11,4394,26346,0,-
21354761122211,1812473,11,4438,26605,0,-
21354761133311,1529284,11,3745,22448,0,-
21354762213311,2724398,11,6678,40048,0,-
21354763312211,1972713,11,4830,28963,0,-
21357462311111,2561569,11,6266,37575,0,-
21357463213331,1319614,11,3224,19321,0,-
21357642221132,1595192,11,3901,23386,0,-
21364752311111,2291488,11,5606,33619,0,-
21364753212212,1151579,11,2813,16852,0,-
21365742221312,1298406,11,3177,19041,0,-
21365742312323,2315072,11,5669,34001,0,-
21367451311331,1473692,11,3608,21629,0,-
21367452112112,1689969,11,4138,24806,0,-
21374653333121,1475255,11,3607,21621,0,-
21375462312233,1595762,11,3905,23415,0,-
21375463333211,2044661,11,5006,30026,0,-
21376541111123,1844651,11,4517,27079,0,-
21376541112311,1868979,11,4576,27444,0,-
21376541122211,1907151,11,4668,27987,0,-
21376541131133,1649454,11,4040,24217,0,-
21457631321123,2728054,11,6682,40079,0,-
21473563331312,1756396,11,4293,25749,0,-
21536742222131,2006172,11,4906,29418,0,-
21654372231323,1805233,11,4420,26510,0,-
21654372233321,1710369,11,4187,25107,0,-
21654373332122,1749903,11,4283,25674,0,-
21654373332221,1820972,11,4458,26732,0,-
21734652123131,1257907,11,3081,18463,0,-
23147562123131,2394735,11,5862,35163,0,-
23147651112323,1745597,11,4275,25636,0,-
23147652312323,1419152,11,3473,20817,0,-
23156471222132,1342343,11,3285,19687,0,-
23156471333132,1966391,11,4818,28884,0,-
23156473323332,1339364,11,3278,19651,0,-
23157461231333,1410193,11,3449,20673,0,-
23157462131123,2539696,11,6217,37284,0,-
23164573213133,1169750,11,2859,17122,0,-
23164752131312,2263619,11,5543,33247,0,-
23164753333313,1611059,11,3944,23646,0,-
23165471111111,1621306,11,3974,23823,0,-
23165471311133,1392560,11,3410,20437,0,-
23165471312132,1330671,11,3258,19526,0,-
23165472111122,1652861,11,4047,24267,0,-
23165472111332,1369401,11,3353,20091,0,-
23165472132332,3107568,11,7619,45690,0,-
23165472311111,1749617,11,4285,25696,0,-
23165473233221,2244557,11,5496,32959,0,-
23165741112323,1858391,11,4549,27278,0,-
23165741231312,1608340,11,3932,23575,0,-
23165742123131,2370231,11,5802,34803,0,-
23165742131321,2895686,11,7086,42502,0,-
23165742131333,3564202,11,8723,52332,0,-
23165742312323,2140294,11,5237,31394,0,-
23165743331312,2535251,11,6201,37191,0,-
23167541233322,1497649,11,3664,21971,0,-
23167542131222,3661877,11,8980,53867,0,-
23174652123131,2464051,11,6036,36202,0,-
23175463211222,1180063,11,2882,17278,0,-
23176452132221,2057747,11,5035,30184,0,-
23176453332233,1440683,11,3523,21118,0,-
23416752121211,2274273,11,5562,33360,0,-
23417563232123,1745337,11,4274,25629,0,-
23456173212332,1723169,11,4217,25289,0,-
23456173233122,1970703,11,4825,28936,0,-
23456713212332,1698460,11,4158,24920,0,-
23475162121112,2538137,11,6210,37239,0,-
23517462131333,2722460,11,6661,39953,0,-
23576412233321,1251116,11,3061,18344,0,-
23576412312323,1614638,11,3953,23699,0,-
23657142121112,2029922,11,4965,29770,0,-
23671452122333,2722239,11,6654,39910,0,-
23674153232321,1708570,11,4187,25100,0,-
23751461132123,1828225,11,4479,26852,0,-
23751463112321,1809360,11,4433,26577,0,-
23756143222331,1562034,11,3819,22907,0,-
23756411222312,1775790,11,4337,25998,0,-
23756413222112,2166186,11,5294,31746,0,-
23756413223312,2120217,11,5182,31071,0,-
23756413322312,1750889,11,4272,25614,0,-
24153672321233,1673241,11,4095,24548,0,-
24157361313212,1655367,11,4054,24306,0,-
24157362323111,2436487,11,5971,35813,0,-
24167353132232,2187153,11,5345,32061,0,-
24173652323231,1571774,11,3851,23085,0,-
24315673311311,2899904,11,7103,42609,0,-
24315761122322,1790799,11,4383,26285,0,-
24315762213323,3929427,11,9641,57829,0,-
24351671212211,2041883,11,4999,29984,0,-
24351673111133,2458000,11,6020,36115,0,-
24351673311311,2819743,11,6907,41427,0,-
24351761111123,5171454,11,12676,76042,0,-
24351761212232,1541824,11,3769,22599,0,-
24367511323112,2076636,11,5085,30494,0,-
24367513111121,1667457,11,4084,24483,0,-
24376512222122,2151682,11,5261,31550,0,-
24516732233111,2412919,11,5911,35445,0,-
24531673123121,2187086,11,5352,32096,0,-
24536713231232,1559249,11,3811,22851,0,-
24537613231322,1942910,11,4755,28512,0,-
24561372111131,2554595,11,6262,37552,0,-
24563711121212,1798449,11,4396,26364,0,-
24563712121232,2131501,11,5213,31263,0,-
24563713121222,2351985,11,5750,34488,0,-
24571362221213,2780508,11,6806,40817,0,-
24571631121212,1586221,11,3878,23247,0,-
24615371112332,1731842,11,4240,25419,0,-
24615372213311,4356490,11,10668,63995,0,-
24615731122313,4397812,11,10778,64663,0,-
24615731132333,5854731,11,14352,86107,0,-
24615732111323,2243563,11,5484,32896,0,-
24615732213311,2350165,11,5751,34487,0,-
24615732233321,2722477,11,6662,39956,0,-
24615733113323,2293761,11,5609,33640,0,-
24615733311122,2153282,11,5270,31602,0,-
24617532233321,3276854,11,8029,48148,0,-
24637512311132,1944100,11,4760,28536,0,-
24651731113223,1935015,11,4735,28397,0,-
24651731333333,2093465,11,5128,30759,0,-
24715363311332,1403616,11,3429,20559,0,-
24715631111111,1285029,11,3147,18871,0,-
24715631122121,1646207,11,4028,24144,0,-
24715631122133,3230173,11,7924,47523,0,-
24715632313223,1819088,11,4455,26709,0,-
24715633112111,1154705,11,2826,16933,0,-
24715633131131,1705033,11,4172,25009,0,-
24716532323231,1686040,11,4120,24697,0,-
24731561111111,5560295,11,13642,81840,0,-
24731562311231,1759405,11,4308,25832,0,-
24736512222332,3389593,11,8301,49794,0,-
24751362221231,3300044,11,8078,48450,0,-
24751362321113,2801939,11,6853,41097,0,-
24761531221223,2370606,11,5800,34785,0,-
24763151111111,1298375,11,3182,19071,0,-
24765313222112,1576427,11,3852,23089,0,-
25134672233321,1520833,11,3724,22320,0,-
25134672312323,1764315,11,4323,25923,0,-
25134672313211,2311502,11,5669,34001,0,-
25137461111111,3086296,11,7572,45414,0,-
25137461211323,1450548,11,3552,21282,0,-
25163741112323,2165048,11,5305,31809,0,-
25314673111313,3795484,11,9282,55669,0,-
25314673111331,3577276,11,8745,52453,0,-
25314673131311,2823844,11,6898,41371,0,-
25341673113311,2683291,11,6568,39396,0,-
25341762313223,2779629,11,6804,40804,0,-
25364172311231,3440393,11,8429,50558,0,-
25364173223231,1759711,11,4311,25844,0,-
25367411211122,1566499,11,3833,22974,0,-
25413672323111,4433087,11,10866,65183,0,-
25413763121222,1526692,11,3733,22373,0,-
25436711311313,1659654,11,4064,24366,0,-
25436712123122,1761742,11,4314,25866,0,-
25436712123332,1855149,11,4545,27246,0,-
25436712132122,2040460,11,4996,29963,0,-
25436712323231,1417840,11,3472,20809,0,-
25436713232321,1387208,11,3396,20351,0,-
25436713332122,1432652,11,3505,21016,0,-
25463713212332,1351347,11,3300,19782,0,-
25471362323132,1945971,11,4768,28591,0,-
25471631312213,2906118,11,7117,42685,0,-
25631741212121,2783594,11,6807,40827,0,-
25634713321232,1553146,11,3800,22775,0,-
25641371213132,1560059,11,3815,22872,0,-
25714632123131,2063796,11,5054,30305,0,-
25714632223331,1831287,11,4482,26878,0,-
25714632313211,6157426,11,15097,90573,0,-
25714633121333,2069229,11,5069,30400,0,-
25716431212223,2173944,11,5320,31906,0,-
25716433223213,1472407,11,3601,21580,0,-
25731642232211,2922886,11,7150,42878,0,-
25734162221111,1586608,11,3883,23271,0,-
25734613113323,1879116,11,4597,27567,0,-
25736141111123,2100671,11,5142,30836,0,-
25736141233232,1590648,11,3889,23324,0,-
25736411133113,1349465,11,3301,19784,0,-
25736411231321,1674736,11,4099,24582,0,-
25736411321312,2614377,11,6408,38430,0,-
25736411331113,1568995,11,3841,23024,0,-
25736413123112,1728267,11,4230,25368,0,-
25741361232113,2025628,11,4960,29741,0,-
25741632222323,1930389,11,4727,28349,0,-
25741632312323,1858793,11,4551,27294,0,-
25743611233232,1411364,11,3449,20675,0,-
25763142223133,2169327,11,5310,31846,0,-
25763411332322,1705689,11,4176,25039,0,-
26135742132221,2365019,11,5790,34736,0,-
26135742213323,2276745,11,5580,33457,0,-
26135742332312,3369305,11,8259,49538,0,-
26153471122121,1413497,11,3459,20733,0,-
26153473131131,1693249,11,4145,24851,0,-
26153473132121,1716570,11,4203,25193,0,-
26154372332213,4556208,11,11154,66906,0,-
26175432331133,2392224,11,5854,35106,0,-
26317451212211,3455928,11,8469,50802,0,-
26345711223113,1078320,11,2639,15810,0,-
26371453112111,1779915,11,4360,26144,0,-
26415731322323,2052207,11,5026,30144,0,-
26415732121223,1616902,11,3956,23727,0,-
26415732233321,1917029,11,4692,28133,0,-
26435712222122,4103673,11,10047,60271,0,-
26435712233321,1941472,11,4748,28472,0,-
26435712311132,2501424,11,6124,36726,0,-
26435712322322,4056493,11,9932,59587,0,-
26435713311122,2191297,11,5363,32157,0,-
26435713333133,1859321,11,4546,27254,0,-
26437512122312,2695791,11,6603,39608,0,-
26453172211133,2774356,11,6796,40759,0,-
26453711333333,1487631,11,3639,21817,0,-
26513471122121,1619859,11,3965,23769,0,-
26517343333313,1879353,11,4597,27560,0,-
26534713333313,2080346,11,5094,30539,0,-
26543171111111,1596835,11,3915,23467,0,-
26543171123111,1195529,11,2928,17538,0,-
26547313131323,1618210,11,3955,23715,0,-
26573413331312,1637486,11,4005,23998,0,-
26714531212133,3290051,11,8064,48372,0,-
26714532121133,1657249,11,4053,24301,0,-
26715433231322,1484107,11,3631,21770,0,-
26741351232113,1665150,11,4080,24451,0,-
26743512121232,2279707,11,5577,33450,0,-
27134561131133,2140664,11,5243,31436,0,-
27154632311132,1281721,11,3139,18811,0,-
27314652313211,4789459,11,11762,70559,0,-
27365412321212,2468755,11,6041,36231,0,-
27415363131113,1872546,11,4579,27451,0,-
27415632323231,2201665,11,5385,32290,0,-
27415633321322,2140410,11,5236,31400,0,-
27416532133232,1498002,11,3667,21986,0,-
27416533321232,1768996,11,4331,25966,0,-
27435612122222,2649165,11,6490,38932,0,-
27453161123111,1442496,11,3533,21179,0,-
27453161132111,1373400,11,3360,20158,0,-
27456133132223,1871592,11,4581,27470,0,-
27516341111111,2115199,11,5190,31107,0,-
27534161111111,2650899,11,6505,39007,0,-
27534161111123,1960444,11,4799,28777,0,-
27534162311111,1659933,11,4064,24369,0,-
27534612311132,2092985,11,5125,30733,0,-
27536412332312,3410259,11,8360,50146,0,-
27543611111123,1836854,11,4496,26963,0,-
27543611111132,1485732,11,3639,21809,0,-
27546312231122,2913912,11,7126,42737,0,-
27613543333133,1598745,11,3909,23425,0,-
27614353311332,1695988,11,4146,24857,0,-
27615431312333,2125885,11,5202,31198,0,-
27615432113321,2611623,11,6396,38351,0,-
27615433313213,1323625,11,3239,19400,0,-
27634511131133,1637749,11,4011,24044,0,-
27634512233321,1791906,11,4388,26310,0,-
27643513311233,2630462,11,6434,38594,0,-
31246753312211,2529796,11,6191,37134,0,-
31247651113232,1770314,11,4335,26001,0,-
31247651323232,1620160,11,3964,23769,0,-
31256471231222,1237606,11,3023,18120,0,-
31257462222221,1883068,11,4608,27638,0,-
31257462312311,2723200,11,6670,40013,0,-
31257643311122,1686423,11,4126,24740,0,-
31264572122213,1827054,11,4474,26829,0,-
31264573132313,1177828,11,2882,17275,0,-
31264573222223,1149389,11,2811,16847,0,-
31264752132122,1429546,11,3495,20948,0,-
31264752313121,3489506,11,8554,51314,0,-
31265471111111,1783323,11,4370,26208,0,-
31265471122112,1880502,11,4605,27613,0,-
31265471122133,2003849,11,4910,29436,0,-
31265471312213,1734200,11,4247,25465,0,-
31265471313113,1674008,11,4099,24574,0,-
31265471321111,1318890,11,3228,19351,0,-
31265472233321,2806293,11,6874,41232,0,-
31265472312233,1831574,11,4487,26902,0,-
31265741233331,1569404,11,3836,22990,0,-
31267542222233,1859742,11,4549,27274,0,-
31267542313133,3106658,11,7610,45642,0,-
31275461112233,1860200,11,4548,27266,0,-
31275461322233,1950912,11,4768,28598,0,-
31275462133211,1720372,11,4207,25217,0,-
31275462223211,1757614,11,4297,25763,0,-
31275462311213,3380174,11,8276,49655,0,-
31275462312212,3403015,11,8334,49988,0,-
31275463311122,2804922,11,6862,41154,0,-
31276452133322,1372297,11,3357,20128,0,-
31276452313313,3268405,11,8008,48035,0,-
31452671323211,2135257,11,5232,31377,0,-
31452671332232,1737162,11,4255,25512,0,-
31452672322331,1536575,11,3761,22553,0,-
31456722111221,1731802,11,4240,25421,0,-
31462751111111,2708559,11,6643,39845,0,-
31462751113322,1910557,11,4679,28061,0,-
31475261322233,1999902,11,4895,29361,0,-
31475262331313,3372347,11,8267,49592,0,-
31475262333221,2012545,11,4927,29555,0,-
31524673332122,2987489,11,7312,43862,0,-
31527643332122,1626389,11,3983,23875,0,-
31564272212111,2053969,11,5026,30139,0,-
31564272213311,1988937,11,4870,29203,0,-
31564273113311,1358258,11,3324,19921,0,-
31572461122133,2302068,11,5642,33833,0,-
31624751112233,1837921,11,4503,27004,0,-
31624753312211,2313993,11,5672,34009,0,-
31627452221333,1924433,11,4703,28200,0,-
31654272313322,2225657,11,5446,32654,0,-
31754621331122,2875844,11,7045,42254,0,-
31765242322121,2146716,11,5250,31483,0,-
32145671111111,3819460,11,9369,56202,0,-
32145671123333,1489205,11,3646,21856,0,-
32145671132222,1520446,11,3722,22318,0,-
32145671221112,1431971,11,3506,21015,0,-
32145671333333,1435243,11,3513,21063,0,-
32145672113333,1352359,11,3311,19848,0,-
32145672212222,1278385,11,3130,18763,0,-
32145673112222,1307244,11,3201,19185,0,-
32145673311113,1279041,11,3132,18769,0,-
32146751232323,2057489,11,5038,30216,0,-
32146752232223,2924546,11,7171,43004,0,-
32147562313223,1824313,11,4467,26785,0,-
32147562333233,3324313,11,8146,48855,0,-
32147651123333,1772771,11,4328,25947,0,-
32147651132222,1658949,11,4049,24270,0,-
32147651213333,1768307,11,4316,25871,0,-
32147651312222,1561731,11,3811,22849,0,-
32147652113333,1565775,11,3821,22908,0,-
32147652231332,2100792,11,5131,30768,0,-
32147652233213,2772106,11,6774,40628,0,-
32147652331322,2243958,11,5483,32875,0,-
32147652332213,2814375,11,6878,41255,0,-
32147653112222,1633136,11,3985,23892,0,-
32156471111111,3246383,11,7963,47769,0,-
32156471113211,2798071,11,6858,41128,0,-
32156471232332,1865897,11,4569,27393,0,-
32156472312332,1701169,11,4165,24971,0,-
32156472332132,2565467,11,6290,37723,0,-
32156472332321,1917142,11,4694,28154,0,-
32156472333332,2769405,11,6791,40731,0,-
32156473223123,1114150,11,2727,16333,0,-
32156741112323,3804705,11,9329,55952,0,-
32156742311123,2704803,11,6632,39779,0,-
32156742313223,3090425,11,7575,45440,0,-
32156742333131,1676056,11,4105,24604,0,-
32157641232323,2408271,11,5901,35392,0,-
32157642231323,2088593,11,5117,30683,0,-
32164571111111,1730370,11,4241,25433,0,-
32164571111231,1402723,11,3434,20584,0,-
32164571232323,1950606,11,4779,28651,0,-
32164572232223,2187839,11,5361,32154,0,-
32164572232313,2122360,11,5200,31184,0,-
32164572233321,2157431,11,5285,31693,0,-
32164572312323,2580871,11,6327,37939,0,-
32164573323212,1265020,11,3097,18556,0,-
32165741111111,2073294,11,5078,30462,0,-
32165741111132,1436012,11,3514,21075,0,-
32165741233223,2282579,11,5592,33534,0,-
32165742211112,1760580,11,4310,25845,0,-
32165742331112,2297682,11,5633,33771,0,-
32165743311131,1447706,11,3546,21244,0,-
32167451111111,3547722,11,8703,52199,0,-
32167451213333,1307240,11,3198,19172,0,-
32167451222222,1429890,11,3501,20987,0,-
32167451312222,1217888,11,2982,17866,0,-
32167451333111,1186489,11,2905,17404,0,-
32167452211121,1311231,11,3211,19246,0,-
32167453222313,1106893,11,2710,16232,0,-
32167453313333,1267270,11,3103,18599,0,-
32167453321232,1296336,11,3175,19024,0,-
32174561112323,3055444,11,7492,44940,0,-
32174561232113,2630705,11,6446,38662,0,-
32174561232233,2474153,11,6062,36363,0,-
32174562231212,1842061,11,4513,27051,0,-
32174652312332,2157747,11,5286,31706,0,-
32174652332132,1698334,11,4158,24930,0,-
32175461111111,3449778,11,8463,50760,0,-
32175461113112,2893985,11,7092,42532,0,-
32175461221112,1253018,11,3067,18379,0,-
32175461333111,1243451,11,3045,18241,0,-
32175462233111,2109413,11,5170,30997,0,-
32175462312323,2404422,11,5887,35296,0,-
32416753121222,2423894,11,5928,35558,0,-
32417562113321,2204589,11,5392,32342,0,-
32417652132131,1808419,11,4427,26553,0,-
32417653132121,1581475,11,3874,23220,0,-
32451762331121,1727590,11,4233,25373,0,-
32456173212332,1176836,11,2874,17220,0,-
32456711233133,2536639,11,6202,37194,0,-
32465172112121,1398082,11,3423,20511,0,-
32465172132131,1252425,11,3065,18364,0,-
32465172133121,1882816,11,4610,27647,0,-
32465172332321,2114296,11,5179,31064,0,-
32465173123121,1356046,11,3318,19887,0,-
32465173132121,1957082,11,4794,28743,0,-
32465173133111,1500873,11,3674,22020,0,-
32465173233221,1462808,11,3579,21459,0,-
32475161232323,1674474,11,4096,24550,0,-
32475163331222,1475808,11,3607,21616,0,-
32476513232231,1336089,11,3270,19604,0,-
32517463131311,2792884,11,6833,40989,0,-
32546713323212,1425238,11,3486,20897,0,-
32547611121113,1680676,11,4115,24682,0,-
32547611131112,1704567,11,4178,25039,0,-
32547611213111,1530551,11,3748,22469,0,-
32547611312111,1569663,11,3844,23045,0,-
32547612111311,1780688,11,4363,26158,0,-
32547613111211,1520146,11,3724,22324,0,-
32561471113133,1624574,11,3981,23859,0,-
32561471121311,1930151,11,4729,28357,0,-
32561471122211,1539375,11,3771,22602,0,-
32561471131211,1478015,11,3619,21696,0,-
32561471211131,2227665,11,5458,32729,0,-
32561471311121,1534898,11,3760,22532,0,-
32561472133313,2738307,11,6717,40282,0,-
32561472213122,1768033,11,4333,25974,0,-
32561473222223,1100587,11,2693,16143,0,-
32561473323212,1463877,11,3585,21491,0,-
32567412122222,1477908,11,3618,21678,0,-
32567412131312,2742447,11,6716,40283,0,-
32567412222212,3248026,11,7958,47721,0,-
32567413131212,2641800,11,6475,38836,0,-
32567413133333,1910796,11,4675,28034,0,-
32576142313223,1998867,11,4896,29365,0,-
32615473332122,1419946,11,3476,20838,0,-
32647152133121,2028071,11,4965,29771,0,-
32647153132121,1461941,11,3580,21464,0,-
32647512333233,2399359,11,5874,35223,0,-
32657143121213,2606995,11,6379,38262,0,-
32657412111212,2290593,11,5605,33606,0,-
32671453123313,2642434,11,6464,38779,0,-
32674152113333,3215440,11,7869,47207,0,-
32714652332132,1679598,11,4111,24641,0,-
32716452123212,2456444,11,6010,36051,0,-
32741651121311,2244804,11,5501,32986,0,-
32741651131211,1803623,11,4419,26494,0,-
32741651211131,2128880,11,5218,31295,0,-
32741651311121,1553093,11,3804,22811,0,-
32741652111113,1749853,11,4286,25698,0,-
32741653111112,2037872,11,4993,29946,0,-
32745611223332,1607968,11,3934,23586,0,-
32745612313322,3258396,11,7986,47910,0,-
32745612322331,1558016,11,3811,22847,0,-
32751643321232,1351743,11,3306,19820,0,-
32754163211123,1438054,11,3522,21112,0,-
32756141233121,1963091,11,4802,28798,0,-
32761452121313,2699047,11,6616,39685,0,-
32761452122222,1589616,11,3890,23320,0,-
32761452222212,1456637,11,3563,21365,0,-
32761453121312,3301749,11,8089,48522,0,-
32761453133333,1538156,11,3765,22566,0,-
32765411112221,1491947,11,3655,21909,0,-
32765411121113,1408814,11,3451,20683,0,-
32765411131112,1853903,11,4542,27241,0,-
32765411133113,1497680,11,3669,21982,0,-
32765411331113,1180990,11,2890,17317,0,-
32765412221312,2547083,11,6243,37445,0,-
32765412323222,2064426,11,5057,30333,0,-
32765413122212,2653190,11,6506,39020,0,-
32765413223312,1221642,11,2990,17920,0,-
32765413231223,1485157,11,3636,21796,0,-
32765413322312,1133375,11,2774,16612,0,-
34125672131213,3332667,11,8174,49031,0,-
34125672131312,3725674,11,9137,54814,0,-
34125672221222,1360278,11,3326,19942,0,-
34125673133333,1406994,11,3441,20629,0,-
34127651121113,1444805,11,3538,21208,0,-
34127651131112,1760275,11,4313,25852,0,-
34127651213111,1887651,11,4625,27730,0,-
34127651312111,1419248,11,3475,20830,0,-
34127652111311,1743215,11,4270,25607,0,-
34127653111211,1440425,11,3528,21143,0,-
34162752132212,2819155,11,6896,41359,0,-
34165271112212,1880058,11,4606,27618,0,-
34165271121311,1621823,11,3971,23816,0,-
34165271131211,2334615,11,5721,34310,0,-
34165271211131,1985100,11,4862,29158,0,-
34165271311121,1501154,11,3678,22045,0,-
34165271311133,1509861,11,3700,22180,0,-
34165272323333,2602557,11,6384,38284,0,-
34165273133312,2577850,11,6317,37886,0,-
34165273222322,977198,11,2391,14323,0,-
34165273311131,1116283,11,2733,16372,0,-
34167252213323,1951455,11,4779,28650,0,-
34172562132332,3762834,11,9225,55340,0,-
34172562313331,1552282,11,3796,22754,0,-
34175263321232,1214709,11,2972,17807,0,-
34216572213122,2496935,11,6108,36638,0,-
34261572132131,1562630,11,3826,22935,0,-
34261572133121,1625295,11,3979,23859,0,-
34261573123121,1282811,11,3139,18812,0,-
34265712212132,2217316,11,5422,32506,0,-
34275161312213,2209144,11,5414,32463,0,-
34275162112322,2805440,11,6875,41233,0,-
34275162213221,2254356,11,5521,33110,0,-
34516271111111,1567769,11,3842,23039,0,-
34516272312332,1746097,11,4275,25625,0,-
34516722313223,2118613,11,5184,31089,0,-
34517622231323,1669736,11,4086,24500,0,-
34521672223232,2024406,11,4960,29739,0,-
34526713232312,1828192,11,4479,26845,0,-
34527612211322,3037065,11,7427,44540,0,-
34527612231122,2927206,11,7157,42926,0,-
34527612231332,3146799,11,7691,46138,0,-
34527612331322,3106733,11,7593,45542,0,-
34527613312133,1594259,11,3890,23325,0,-
34561272122123,2138088,11,5222,31317,0,-
34561272122321,2322511,11,5674,34027,0,-
34561272212213,3544020,11,8667,51995,0,-
34561272213122,1823724,11,4452,26691,0,-
34561272232211,3393893,11,8299,49784,0,-
34561273221233,1858183,11,4535,27192,0,-
34561273233131,1895529,11,4627,27740,0,-
34561273311233,1759631,11,4295,25753,0,-
34561273313321,1736390,11,4238,25410,0,-
34561273321133,1657162,11,4046,24247,0,-
34561273321223,1891735,11,4619,27690,0,-
34561721111111,1851394,11,4537,27209,0,-
34562171321111,1367739,11,3348,20064,0,-
34562171321231,1674218,11,4101,24582,0,-
34562172232313,1750056,11,4283,25685,0,-
34567212223232,2286085,11,5600,33586,0,-
34617252111212,2090940,11,5116,30671,0,-
34617252123212,2408627,11,5894,35343,0,-
34617252132212,2222991,11,5436,32598,0,-
34617522221333,1788754,11,4375,26227,0,-
34621572132131,1392866,11,3405,20414,0,-
34625172111212,3174291,11,7776,46638,0,-
34627512232313,1850228,11,4534,27179,0,-
34651271123111,3135858,11,7690,46122,0,-
34651272332132,1897343,11,4647,27864,0,-
34675212222122,2959404,11,7242,43444,0,-
34715262221123,1929971,11,4716,28275,0,-
34716522223211,2928617,11,7172,43023,0,-
34721652121313,2405501,11,5887,35308,0,-
34721652131213,1943084,11,4757,28526,0,-
34721652221222,2925158,11,7164,42973,0,-
34721652222212,2635034,11,6454,38711,0,-
34721653333313,1487525,11,3639,21810,0,-
34725611212211,1608406,11,3938,23611,0,-
34725612111113,1483212,11,3632,21775,0,-
34725612121322,4094892,11,10050,60288,0,-
34725612231212,2825603,11,6928,41552,0,-
34725612231332,2684128,11,6578,39462,0,-
34725612322232,1208521,11,2959,17723,0,-
34725612331322,2633703,11,6455,38716,0,-
34725613111112,1667443,11,4083,24483,0,-
34725613111133,2306959,11,5655,33916,0,-
34725613132223,1985211,11,4865,29167,0,-
34725613311113,1711178,11,4191,25127,0,-
34761252323222,1151650,11,2819,16883,0,-
35126741232212,1664639,11,4071,24410,0,-
35126742231233,2362487,11,5782,34682,0,-
35127462331331,3017368,11,7383,44284,0,-
35162472122231,1446502,11,3541,21231,0,-
35162472123233,1852726,11,4537,27207,0,-
35162473122221,1578219,11,3863,23166,0,-
35162473323131,1488086,11,3643,21839,0,-
35162473332122,1896049,11,4643,27835,0,-
35162473332131,2058661,11,5043,30240,0,-
35162742213323,2109007,11,5163,30957,0,-
35167242132212,2159230,11,5282,31674,0,-
35172461232323,1917116,11,4688,28120,0,-
35174262213131,1890386,11,4624,27729,0,-
35174262231113,2585902,11,6332,37978,0,-
35246171111111,1972468,11,4839,29009,0,-
35246171113322,1463911,11,3584,21483,0,-
35246172213311,1903959,11,4664,27973,0,-
35267141223233,2206329,11,5407,32426,0,-
35267141321132,3612391,11,8850,53084,0,-
35271461322233,1457828,11,3567,21386,0,-
35416721113112,1800885,11,4410,26445,0,-
35416723232213,1715273,11,4198,25178,0,-
35417622223133,2268201,11,5551,33284,0,-
35426712131132,2421751,11,5930,35564,0,-
35426712311312,3631817,11,8909,53433,0,-
35426713111313,2252096,11,5517,33081,0,-
35426713131113,1749693,11,4284,25679,0,-
35426713312211,1804167,11,4417,26480,0,-
35461271111231,1938104,11,4745,28452,0,-
35461271321231,1300889,11,3184,19083,0,-
35461272222323,1773629,11,4346,26051,0,-
35462171131313,1270905,11,3111,18652,0,-
35462171212121,1326344,11,3247,19458,0,-
35462171221223,1276117,11,3121,18708,0,-
35462171332331,1822648,11,4464,26762,0,-
35462172213311,1838431,11,4502,26993,0,-
35462172223331,1661447,11,4068,24389,0,-
35462172312131,3024261,11,7417,44484,0,-
35462173123211,1639012,11,4012,24051,0,-
35462173131311,1488772,11,3644,21840,0,-
35462173221221,1369819,11,3350,20083,0,-
35462712322322,1953263,11,4779,28656,0,-
35472163222313,1193251,11,2920,17497,0,-
35472163231322,1387483,11,3396,20355,0,-
35476122221111,1801169,11,4411,26441,0,-
35614722321233,1733023,11,4242,25432,0,-
35617423131332,1396681,11,3416,20483,0,-
35624712121232,2784606,11,6810,40844,0,-
35624712321212,3134621,11,7664,45978,0,-
35624712321332,2929722,11,7164,42960,0,-
35624712331232,2664831,11,6513,39064,0,-
35714623111322,1502400,11,3674,22028,0,-
35721642221213,2877835,11,7039,42216,0,-
35762142222113,1908823,11,4669,28004,0,-
36125471111333,1328594,11,3253,19504,0,-
36125471212112,2312172,11,5663,33953,0,-
36125471213111,2076232,11,5091,30525,0,-
36125471222111,1781425,11,4360,26138,0,-
36125471312111,1656776,11,4057,24333,0,-
36125472111311,2323625,11,5698,34167,0,-
36125472121223,1962580,11,4809,28835,0,-
36125473111211,1534599,11,3757,22533,0,-
36125473232222,2286928,11,5606,33616,0,-
36125473323233,1456885,11,3568,21390,0,-
36125743222331,2585414,11,6325,37938,0,-
36127451333222,1714891,11,4196,25162,0,-
36145272122222,1901512,11,4655,27908,0,-
36145272131213,3618990,11,8865,53169,0,-
36145272131312,2703200,11,6623,39723,0,-
36145273333313,1864776,11,4563,27364,0,-
36147251121311,1416485,11,3467,20788,0,-
36147251131211,2373670,11,5819,34895,0,-
36147251211131,1758532,11,4307,25830,0,-
36147251311121,1845686,11,4522,27118,0,-
36147252111113,2086398,11,5112,30652,0,-
36147253111112,1516410,11,3714,22261,0,-
36152741231312,1967773,11,4810,28855,0,-
36152742131321,2433778,11,5959,35739,0,-
36172452133133,2921108,11,7150,42883,0,-
36217452131333,2176965,11,5324,31927,0,-
36217541223311,1265344,11,3098,18561,0,-
36217543213112,1610078,11,3943,23636,0,-
36241573212332,1552699,11,3797,22764,0,-
36241753212311,1808757,11,4431,26560,0,-
36415272123212,1838825,11,4498,26964,0,-
36417522123311,2078361,11,5088,30513,0,-
36514272212111,2741467,11,6715,40274,0,-
36521472113321,1935903,11,4739,28422,0,-
36521472331121,2581932,11,6323,37922,0,-
36527411131133,1167033,11,2855,17118,0,-
36527412111113,1296165,11,3172,19017,0,-
36527412131222,2659644,11,6517,39089,0,-
36527412211322,2862014,11,7016,42083,0,-
36527412221312,4029848,11,9890,59327,0,-
36527412231122,2542274,11,6232,37377,0,-
36527412322232,1344639,11,3291,19729,0,-
36527413111112,1802537,11,4416,26475,0,-
36527413311311,1059726,11,2594,15530,0,-
36541272323222,1225979,11,3001,17980,0,-
36542712121322,1894232,11,4634,27786,0,-
36547212121313,2643067,11,6477,38851,0,-
36547212122222,3685821,11,9038,54207,0,-
36547212131312,2014630,11,4932,29568,0,-
36547212221222,2520315,11,6174,37023,0,-
36547213331333,1567730,11,3835,22990,0,-
36712542121112,2058024,11,5028,30151,0,-
36712542121121,2329720,11,5697,34162,0,-
36712542121211,2307015,11,5640,33816,0,-
36712542122111,1676618,11,4093,24535,0,-
36714252232223,1370712,11,3356,20114,0,-
36714521232113,1992052,11,4876,29248,0,-
36714522121322,2734461,11,6699,40185,0,-
36714522122213,2009119,11,4920,29505,0,-
36714523132223,1581906,11,3872,23207,0,-
36714523132322,1295050,11,3169,18988,0,-
36721451131331,1516514,11,3712,22261,0,-
36721452121322,1584820,11,3881,23268,0,-
36721452122123,1324103,11,3242,19428,0,-
36721452122213,2007707,11,4920,29498,0,-
36721452122321,1376336,11,3369,20197,0,-
36721452131111,2335500,11,5725,34331,0,-
36721452223232,2145977,11,5261,31546,0,-
36721453113113,1499870,11,3672,22014,0,-
36721453121111,2097568,11,5137,30812,0,-
36725411121212,1961818,11,4792,28733,0,-
36725411131313,1309925,11,3196,19157,0,-
36725411212121,1594410,11,3892,23333,0,-
36725411313131,2027805,11,4953,29700,0,-
36725412111212,4856362,11,11886,71294,0,-
36725412121112,4752927,11,11635,69791,0,-
36725412121211,1452063,11,3545,21242,0,-
36725412121232,3002298,11,7341,44021,0,-
36725412123212,2100917,11,5132,30767,0,-
36725412321212,4927861,11,12062,72359,0,-
36725413111313,2716917,11,6639,39816,0,-
36725413131113,2392098,11,5844,35048,0,-
36725413131311,1525643,11,3722,22320,0,-
36741252122123,2002487,11,4890,29317,0,-
36741252122321,2915886,11,7132,42767,0,-
36741252122333,1973836,11,4821,28904,0,-
36741252123323,2170647,11,5302,31790,0,-
36741253233131,2015937,11,4924,29525,0,-
36745211211221,1199544,11,2937,17596,0,-
36745212121223,1478468,11,3621,21704,0,-
36745212122312,1702217,11,4167,24992,0,-
36745212122333,1568221,11,3841,23032,0,-
36745212123323,1486929,11,3641,21830,0,-
36745212131111,2030261,11,4976,29836,0,-
36745212223232,2589824,11,6351,38088,0,-
36745213121111,1814154,11,4444,26644,0,-
36745213131131,1333766,11,3267,19579,0,-
36745213133111,1437402,11,3520,21094,0,-
36745213232213,1374664,11,3366,20176,0,-
36751243222322,1407013,11,3442,20641,0,-
36752142122132,2173291,11,5323,31919,0,-
36752142123221,1578838,11,3865,23175,0,-
36752143132232,1639576,11,4015,24072,0,-
36752143133222,1325781,11,3241,19429,0,-
36752143211132,1801328,11,4411,26446,0,-
36754123232222,2189555,11,5350,32085,0,-
37246511112233,1628426,11,3986,23906,0,-
37256142321233,2154277,11,5276,31637,0,-
37415622333221,2309490,11,5654,33909,0,-
37426513132313,1563696,11,3819,22893,0,-
37452162323312,1688134,11,4132,24770,0,-
37516422333311,3125124,11,7660,45947,0,-
37561241311112,1614776,11,3955,23712,0,-
37612453122233,1472414,11,3603,21599,0,-
37612542221111,2355805,11,5773,34615,0,-
37614252221123,1571321,11,3841,23017,0,-
37614521111111,1501970,11,3681,22067,0,-
37614521323232,1551663,11,3801,22786,0,-
37614522111221,1472840,11,3606,21618,0,-
37614522113321,2275837,11,5577,33449,0,-
37614522313322,1530385,11,3748,22466,0,-
37614522323312,1299676,11,3182,19068,0,-
37614523232213,1587952,11,3888,23310,0,-
37615421113322,1857805,11,4542,27235,0,-
37615422211133,2674531,11,6549,39277,0,-
37615422223133,2283697,11,5586,33505,0,-
37615422313121,2161348,11,5290,31723,0,-
37615422313331,2001188,11,4895,29356,0,-
37615423121132,1506181,11,3682,22075,0,-
37624152311213,2121943,11,5192,31134,0,-
37624511232233,1937204,11,4743,28443,0,-
37624512121322,3391228,11,8309,49842,0,-
37624512231212,2436596,11,5969,35802,0,-
37624513131323,1791139,11,4384,26289,0,-
37624513231313,1758553,11,4304,25811,0,-
37641252222323,2656518,11,6513,39059,0,-
37642152213311,2707722,11,6633,39774,0,-
37642513122221,1489765,11,3641,21830,0,-
37645122312221,1228485,11,3006,18008,0,-
37651242211133,3030402,11,7424,44522,0,-
37651422312311,2240978,11,5487,32904,0,-
37652141113232,1795242,11,4399,26376,0,-
37652143231322,1385838,11,3392,20329,0,-
37654212311222,2384597,11,5840,35025,0,-
41236753232321,1979724,11,4850,29085,0,-
41237561313131,2148926,11,5256,31521,0,-
41263751312222,2411801,11,5897,35372,0,-
41325671212211,1892844,11,4636,27797,0,-
41325762313223,3630300,11,8902,53397,0,-
41325763131233,1610399,11,3942,23631,0,-
41352671212112,2200597,11,5377,32241,0,-
41352671212121,2221744,11,5430,32562,0,-
41352671222111,1662612,11,4058,24336,0,-
41357622313112,3361971,11,8249,49476,0,-
41367253111133,2136103,11,5232,31367,0,-
41532672313211,3679253,11,9023,54129,0,-
41532761233133,1951125,11,4770,28606,0,-
41563273113311,1872243,11,4583,27480,0,-
41576322212222,1714364,11,4192,25141,0,-
41625372313211,5411362,11,13264,79578,0,-
41625373121213,2670923,11,6546,39263,0,-
41625731222231,1256322,11,3067,18387,0,-
41635721212121,2500022,11,6113,36663,0,-
41657321222312,1721307,11,4208,25231,0,-
41673252212222,1795089,11,4390,26321,0,-
41673521111111,1527878,11,3744,22452,0,-
41723562313211,3950951,11,9692,58142,0,-
41725361232113,2184155,11,5347,32061,0,-
41725361321213,1962675,11,4799,28772,0,-
41725362221213,1811918,11,4430,26569,0,-
41725362313211,2486564,11,6090,36521,0,-
41725362313223,3336084,11,8170,49004,0,-
41725363121222,1764824,11,4316,25879,0,-
41725363121231,2060866,11,5042,30236,0,-
41725631111111,1670599,11,4092,24542,0,-
41725631211122,1576228,11,3858,23131,0,-
41725632322331,1197008,11,2928,17549,0,-
41725633111133,2179461,11,5341,32029,0,-
41725633121123,2222960,11,5447,32660,0,-
41725633211111,1500149,11,3671,22015,0,-
41726352313322,2540505,11,6227,37346,0,-
41726532312233,1789656,11,4378,26247,0,-
41735261323313,2386187,11,5842,35039,0,-
41735262312233,2619461,11,6417,38495,0,-
41735263123223,1282633,11,3137,18809,0,-
41735621233232,1362217,11,3329,19947,0,-
41735622313322,3595909,11,8810,52849,0,-
41736521233232,1932769,11,4727,28350,0,-
41736522332231,1680110,11,4114,24666,0,-
41752631222123,2534446,11,6213,37257,0,-
41752632311123,2129505,11,5217,31284,0,-
41752632312323,1820644,11,4458,26735,0,-
41752632313211,7247668,11,17772,106613,0,-
41756231321213,2453840,11,6005,36018,0,-
41756233121231,1652341,11,4042,24231,0,-
41762532221333,1663930,11,4068,24393,0,-
41762533123331,1515915,11,3707,22219,0,-
41765231233232,1566093,11,3829,22961,0,-
41765322221312,1757964,11,4303,25802,0,-
41765322313211,3083867,11,7556,45316,0,-
41765323122212,2131374,11,5221,31319,0,-
42136752131312,1850628,11,4525,27132,0,-
42137561123333,1933835,11,4728,28349,0,-
42137653122131,1944082,11,4762,28556,0,-
42137653132121,1636359,11,4009,24031,0,-
42157633231322,1841836,11,4506,27025,0,-
42163751121212,2253880,11,5513,33060,0,-
42165373223123,1030056,11,2521,15102,0,-
42167532131333,2293758,11,5610,33645,0,-
42315673112111,1915812,11,4693,28140,0,-
42351671212211,1608889,11,3938,23609,0,-
42351763231133,2382412,11,5829,34953,0,-
42367153111121,1496762,11,3667,21979,0,-
42367153211123,1719998,11,4215,25272,0,-
42516372233111,2196260,11,5379,32264,0,-
42561733323122,1410771,11,3454,20701,0,-
42573612323231,1349944,11,3303,19793,0,-
42573613322231,1690676,11,4140,24821,0,-
42613572313211,2143555,11,5251,31493,0,-
42615371313332,2273670,11,5560,33343,0,-
42615372213311,2519569,11,6165,36974,0,-
42615372221213,2617990,11,6410,38443,0,-
42615372313211,2018279,11,4940,29630,0,-
42651372213311,1635523,11,4003,24000,0,-
42651733311122,1740743,11,4260,25541,0,-
42673512232133,1958740,11,4795,28746,0,-
42751632321233,2397236,11,5870,35208,0,-
42751632323231,1723037,11,4220,25299,0,-
43126572133313,1828834,11,4473,26816,0,-
43167251232212,1699136,11,4154,24902,0,-
43176252123131,2373882,11,5821,34902,0,-
43176252311132,1798730,11,4408,26427,0,-
43216573132121,1571257,11,3846,23060,0,-
43216573132223,1659818,11,4064,24368,0,-
43216573212311,1684834,11,4125,24735,0,-
43216573212332,2475636,11,6058,36334,0,-
43512671313332,2054281,11,5028,30148,0,-
43527612312323,1684789,11,4127,24739,0,-
43561271111111,1729094,11,4240,25424,0,-
43571262122222,1373556,11,3356,20115,0,-
43572161111111,2153526,11,5280,31664,0,-
43572612312323,2319952,11,5682,34079,0,-
43576211123222,2161193,11,5290,31728,0,-
43576212112232,1778439,11,4348,26079,0,-
43615271333312,1818344,11,4451,26688,0,-
43615272113321,1806555,11,4425,26521,0,-
43617521223221,2095751,11,5123,30723,0,-
43621752213323,1919812,11,4696,28152,0,-
43651722323132,1527758,11,3742,22423,0,-
43675122222122,2299256,11,5621,33712,0,-
43675211221331,1299475,11,3174,19018,0,-
43721653231313,1670153,11,4082,24473,0,-
43751623123313,2194536,11,5368,32201,0,-
43765212222122,2708468,11,6625,39745,0,-
45167323322231,1455033,11,3560,21341,0,-
45176231131313,4033520,11,9865,59167,0,-
45176231133113,4139869,11,10125,60727,0,-
45176231331113,3937223,11,9626,57736,0,-
45176233131113,4728233,11,11566,69376,0,-
45176321131133,2660771,11,6512,39060,0,-
45213672221123,2692098,11,6592,39528,0,-
45273162222122,1506011,11,3680,22056,0,-
45276131131133,2169003,11,5309,31845,0,-
45312671222312,1458578,11,3571,21399,0,-
45312672223331,2209247,11,5412,32457,0,-
45312672233321,1922192,11,4709,28235,0,-
45312672313211,4932747,11,12090,72525,0,-
45312673132313,2463716,11,6034,36187,0,-
45312673222112,1475208,11,3610,21643,0,-
45312673231313,1931673,11,4730,28360,0,-
45312761113211,2180275,11,5339,32021,0,-
45312761133311,1364201,11,3339,20012,0,-
45312762221111,1923533,11,4711,28248,0,-
45312762311111,2374300,11,5817,34887,0,-
45321671212211,2005920,11,4913,29471,0,-
45321671221121,1545587,11,3784,22678,0,-
45321673113311,3079587,11,7546,45255,0,-
45327612222323,1706232,11,4176,25034,0,-
45362712122222,2495236,11,6107,36626,0,-
45367122223133,2679998,11,6563,39364,0,-
45367211111132,2540732,11,6226,37346,0,-
45367211211122,2276455,11,5577,33450,0,-
45367213111133,1855463,11,4545,27250,0,-
45376121131133,2409422,11,5898,35370,0,-
45376121331311,2251165,11,5510,33049,0,-
45376211333123,1513704,11,3703,22203,0,-
45376213131323,2062837,11,5050,30286,0,-
45376213333322,1782039,11,4364,26166,0,-
45612371133221,1723686,11,4219,25291,0,-
45612372331121,2286334,11,5604,33599,0,-
45612373112231,2049688,11,5022,30114,0,-
45612373132121,1739119,11,4259,25541,0,-
45612373132223,1581132,11,3872,23211,0,-
45612373322111,1499559,11,3674,22020,0,-
45612373332122,1818178,11,4453,26703,0,-
45612373332221,1543863,11,3779,22656,0,-
45613271331221,1321609,11,3230,19354,0,-
45613272233111,1960174,11,4794,28749,0,-
45621373123331,1609427,11,3934,23589,0,-
45621373211111,2892173,11,7076,42442,0,-
45621732212123,1542505,11,3772,22620,0,-
45621732233333,3674315,11,9008,54045,0,-
45623712332123,2194184,11,5378,32257,0,-
45623713322321,1135901,11,2782,16666,0,-
45637123132121,1502141,11,3677,22048,0,-
45637123332122,1285968,11,3148,18866,0,-
45671231132231,1163181,11,2846,17060,0,-
45671233112132,1927528,11,4724,28316,0,-
45673212212132,1383516,11,3380,20264,0,-
45673213211222,2268545,11,5552,33303,0,-
45713623223132,1560877,11,3822,22919,0,-
45721363321313,1716364,11,4203,25192,0,-
45721363322231,1466905,11,3590,21522,0,-
45732612233321,1340542,11,3281,19669,0,-
45736121122211,2005280,11,4907,29429,0,-
46123571111111,1604987,11,3936,23595,0,-
46123573232123,2757743,11,6757,40532,0,-
46125731333123,1878316,11,4593,27539,0,-
46127351131313,1595637,11,3901,23378,0,-
46127352131333,2798411,11,6844,41050,0,-
46127353131323,2469242,11,6037,36205,0,-
46135272133313,2683362,11,6570,39400,0,-
46153273131131,2026701,11,4957,29731,0,-
46157233333232,1618627,11,3962,23757,0,-
46157321331233,1615914,11,3950,23685,0,-
46215372121223,1775893,11,4348,26069,0,-
46215372313211,2937966,11,7201,43186,0,-
46257132211133,2288014,11,5599,33583,0,-
46257313312211,4013800,11,9827,58946,0,-
46273512122312,2008139,11,4918,29498,0,-
46273513221212,1658278,11,4059,24338,0,-
46275311123222,2179196,11,5332,31979,0,-
46275312112232,1861227,11,4549,27278,0,-
46275312132212,1703015,11,4163,24958,0,-
46275312232133,2522070,11,6177,37041,0,-
46275312313211,2109103,11,5164,30968,0,-
46275313121222,2102372,11,5143,30847,0,-
46275313312211,2707256,11,6625,39728,0,-
46321752111131,2611939,11,6400,38383,0,-
46352171211233,1780938,11,4363,26160,0,-
46352172113231,1626846,11,3985,23892,0,-
46372511221331,1635552,11,3996,23956,0,-
46375211211332,2246941,11,5507,33022,0,-
46375212113111,2767505,11,6781,40677,0,-
46375212132131,1135519,11,2778,16648,0,-
46375212132221,1434230,11,3509,21038,0,-
46375212332222,2225462,11,5455,32712,0,-
46375213112111,3090612,11,7575,45432,0,-
46375213123121,1457551,11,3566,21378,0,-
46375213333121,1439352,11,3523,21117,0,-
46512371331221,1410031,11,3442,20638,0,-
46512372113321,2039484,11,4991,29922,0,-
46513272332111,1472633,11,3604,21600,0,-
46513273113221,1381223,11,3380,20263,0,-
46523711331332,2153445,11,5266,31579,0,-
46527133111121,1573079,11,3853,23097,0,-
46572311223122,2631206,11,6445,38654,0,-
46572312132122,2372781,11,5812,34855,0,-
46721533123313,1837712,11,4494,26941,0,-
47123562232133,2640400,11,6468,38787,0,-
47123651233232,1884609,11,4615,27664,0,-
47126351233232,2073015,11,5068,30392,0,-
47126532133133,3805755,11,9329,55964,0,-
47132562311111,1871585,11,4584,27480,0,-
47132563222331,1952972,11,4775,28635,0,-
47132652233321,2200754,11,5389,32318,0,-
47135622132332,1591152,11,3893,23347,0,-
47136252133112,3131684,11,7667,45987,0,-
47152361233232,1828009,11,4474,26834,0,-
47152631322131,1589016,11,3887,23293,0,-
47156231332313,3030360,11,7424,44539,0,-
47156233211132,1867983,11,4575,27430,0,-
47156233223312,1737959,11,4253,25506,0,-
47156233233113,2746539,11,6726,40345,0,-
47156233322312,1734118,11,4244,25452,0,-
47156321111111,1501067,11,3678,22051,0,-
47156321133311,2324725,11,5696,34153,0,-
47156322132311,1872260,11,4585,27495,0,-
47156322313232,1149697,11,2814,16857,0,-
47156322332132,1210925,11,2963,17751,0,-
47156322332312,3045043,11,7466,44780,0,-
47156323223123,1427513,11,3494,20934,0,-
47162351322122,1683724,11,4120,24704,0,-
47163522131222,1730596,11,4238,25406,0,-
47165321232113,1648893,11,4034,24180,0,-
47165321322131,2792752,11,6830,40959,0,-
47165322132212,4175441,11,10232,61381,0,-
47165322133112,4578960,11,11222,67319,0,-
47165322232133,2193190,11,5369,32190,0,-
47165322313211,1703151,11,4168,24992,0,-
47216352131333,2503669,11,6124,36736,0,-
47251363131113,1724695,11,4215,25271,0,-
47251632131312,2181215,11,5337,32006,0,-
47256133212311,1495540,11,3660,21941,0,-
47256133321232,1426705,11,3494,20940,0,-
47265312122222,3225408,11,7908,47435,0,-
47265312131312,1480384,11,3622,21722,0,-
47265312313211,4600249,11,11271,67611,0,-
47321651311133,1982376,11,4855,29111,0,-
47352612123131,1472801,11,3608,21629,0,-
47352612311132,1409064,11,3450,20684,0,-
47352612313211,3304655,11,8102,48600,0,-
47512632312323,1555345,11,3808,22834,0,-
47621532232331,1165694,11,2854,17104,0,-
47621533231121,1987743,11,4872,29205,0,-
47632152233321,1444574,11,3536,21196,0,-
47632153212311,1567225,11,3837,22999,0,-
47632153232321,2110672,11,5172,31012,0,-
47632513212332,2693527,11,6594,39546,0,-
47652132231323,2009882,11,4921,29513,0,-
47653213211231,2122730,11,5198,31169,0,-
47653213232111,1727833,11,4234,25382,0,-
51264731113322,1212924,11,2967,17777,0,-
51264732213311,1596911,11,3910,23441,0,-
51267342312233,2378924,11,5820,34909,0,-
51324671211122,1521681,11,3725,22331,0,-
51324672212111,1903368,11,4658,27935,0,-
51324673113311,2058209,11,5039,30213,0,-
51324761111123,1844076,11,4511,27045,0,-
51324763113332,1449888,11,3544,21242,0,-
51342672212111,2190509,11,5367,32183,0,-
51342763312223,8066912,11,19797,118767,0,-
51367241211113,1611136,11,3946,23662,0,-
51423671221331,1754416,11,4293,25740,0,-
51426731111111,2287940,11,5613,33656,0,-
51426733312211,1578039,11,3863,23161,0,-
51472361131313,1838689,11,4497,26964,0,-
51472633331312,2100862,11,5138,30816,0,-
51623471321111,1416749,11,3471,20799,0,-
51623743313321,1954407,11,4779,28658,0,-
51624731312123,2021758,11,4948,29664,0,-
51624733323113,3321298,11,8133,48796,0,-
51632741323232,1583653,11,3878,23248,0,-
51642371122313,2171912,11,5315,31875,0,-
51642731113322,2427970,11,5942,35641,0,-
51647231113232,1481144,11,3627,21751,0,-
51723643131311,1869549,11,4573,27415,0,-
51724362122222,1347841,11,3299,19774,0,-
51724363121213,1928487,11,4723,28324,0,-
51726433123313,1815267,11,4437,26608,0,-
51732643121213,1963765,11,4803,28799,0,-
51742632323231,1487375,11,3639,21817,0,-
51742632323333,1768024,11,4328,25950,0,-
52134761232113,1965548,11,4815,28877,0,-
52147631121311,1845022,11,4519,27102,0,-
52147631131211,1904937,11,4666,27984,0,-
52147631211131,1627843,11,3988,23908,0,-
52147631311121,1950691,11,4780,28671,0,-
52147632111113,1839654,11,4508,27022,0,-
52147633111112,1980103,11,4849,29086,0,-
52163471112122,1367955,11,3352,20085,0,-
52163471213111,1599626,11,3918,23493,0,-
52163471312111,2465185,11,6046,36262,0,-
52163471333123,1526072,11,3737,22405,0,-
52163472111311,1558474,11,3817,22885,0,-
52163472131222,1580031,11,3870,23189,0,-
52163473111211,2064870,11,5061,30349,0,-
52163473111331,1477448,11,3617,21684,0,-
52163473221323,1566008,11,3836,22993,0,-
52163473323332,2140793,11,5242,31430,0,-
52167342121232,1433751,11,3504,21006,0,-
52167432121313,2350010,11,5755,34510,0,-
52167432122222,2077285,11,5084,30490,0,-
52167432131213,1809571,11,4430,26556,0,-
52167433133333,2993925,11,7335,43998,0,-
52167433331333,2899835,11,7107,42631,0,-
52174633223123,1673237,11,4091,24530,0,-
52314673311311,2836375,11,6944,41658,0,-
52314761322122,1443871,11,3529,21156,0,-
52341671111111,5036142,11,12343,74048,0,-
52341671122211,1464949,11,3587,21503,0,-
52341671311313,1371511,11,3359,20128,0,-
52341672211112,2128485,11,5216,31289,0,-
52341672232313,1751472,11,4291,25728,0,-
52341672323222,1977697,11,4846,29052,0,-
52341672323312,1594803,11,3902,23393,0,-
52341673133111,1752939,11,4294,25741,0,-
52341673232213,1191559,11,2918,17484,0,-
52341673232333,1581750,11,3875,23233,0,-
52341673323212,2521358,11,6177,37037,0,-
52361472121313,2499836,11,6117,36691,0,-
52361472131312,1784795,11,4366,26187,0,-
52367142211121,2293324,11,5618,33687,0,-
52367412322232,1988387,11,4873,29218,0,-
52374161112323,1738630,11,4260,25544,0,-
52376413222223,1345434,11,3291,19721,0,-
52463173212332,2573961,11,6300,37785,0,-
52463713212332,2684552,11,6573,39414,0,-
52471631223113,2035974,11,4987,29903,0,-
52471631323112,1534999,11,3759,22532,0,-
52614372313211,2874994,11,7043,42250,0,-
52641733212311,1519760,11,3721,22310,0,-
52641733232321,1572843,11,3851,23080,0,-
52673413232123,1354963,11,3316,19878,0,-
52713461232323,1299774,11,3183,19071,0,-
52714361232113,2638355,11,6462,38758,0,-
52714633213223,1865191,11,4566,27377,0,-
52714633223123,1555222,11,3806,22816,0,-
52731641233112,1412938,11,3458,20733,0,-
52731641323112,1201365,11,2940,17619,0,-
52736141322233,1975016,11,4834,28987,0,-
52741362313211,2129869,11,5220,31309,0,-
52741362313223,1923820,11,4707,28232,0,-
52741632122333,3291851,11,8050,48285,0,-
52741632123323,2715206,11,6635,39792,0,-
52741632212213,1910793,11,4665,27976,0,-
52741632212231,1649230,11,4025,24130,0,-
52741632232211,1530615,11,3736,22396,0,-
52741633221233,1940481,11,4741,28423,0,-
52741633313312,1510332,11,3685,22089,0,-
52741633313321,1658906,11,4051,24278,0,-
52741633321223,3002053,11,7340,44026,0,-
52741633323311,1647940,11,4022,24114,0,-
52743611111213,1908430,11,4676,28039,0,-
52743611111312,1869236,11,4576,27442,0,-
52743611112131,1941772,11,4756,28528,0,-
52743611113121,1943322,11,4759,28537,0,-
52743612131111,2529844,11,6204,37204,0,-
52743613121111,2758956,11,6764,40569,0,-
52761431111213,1386114,11,3392,20340,0,-
52761431111312,1913366,11,4687,28111,0,-
52761431112131,1779568,11,4360,26142,0,-
52761431113121,1892470,11,4636,27795,0,-
52761432131111,2608382,11,6395,38360,0,-
52761433121111,2544850,11,6240,37427,0,-
52763143222331,2322923,11,5682,34086,0,-
52763411222312,3406441,11,8328,49948,0,-
52763411333123,1978638,11,4830,28959,0,-
52763413222112,2763746,11,6745,40456,0,-
52763413223312,3429968,11,8385,50293,0,-
52763413322312,2824419,11,6900,41377,0,-
53126471231231,2109523,11,5162,30953,0,-
53126471231321,1464255,11,3584,21483,0,-
53126471321321,1904087,11,4661,27942,0,-
53146272123233,2503187,11,6132,36770,0,-
53147262123131,1859985,11,4558,27333,0,-
53162743312223,4713840,11,11556,69315,0,-
53274163211222,2447275,11,5988,35905,0,-
53421671321111,2946128,11,7219,43300,0,-
53421671321231,1400778,11,3431,20563,0,-
53426171112233,2193719,11,5373,32221,0,-
53462711113322,2287017,11,5597,33568,0,-
53467211321111,1519783,11,3723,22317,0,-
53476121323112,1700525,11,4162,24960,0,-
53476121323322,1979698,11,4847,29070,0,-
53614721212121,1888021,11,4617,27681,0,-
53621471331221,1229877,11,3006,18014,0,-
53642171111111,2066482,11,5068,30386,0,-
53672142221213,3760502,11,9205,55216,0,-
53714622233111,2162764,11,5290,31726,0,-
53721463223312,2194928,11,5370,32195,0,-
53724612121112,2630006,11,6436,38601,0,-
53726143333121,1222810,11,2993,17929,0,-
53741621323112,1730866,11,4240,25418,0,-
53741621332112,1648665,11,4036,24209,0,-
53742612323333,1320442,11,3231,19365,0,-
53761242121211,2203501,11,5389,32312,0,-
53761242221213,2274361,11,5560,33342,0,-
53761242321212,1568151,11,3834,22970,0,-
53762143222331,1354480,11,3307,19829,0,-
53762413322123,1609638,11,3937,23611,0,-
54123673233323,1572690,11,3851,23079,0,-
54126371331221,1436807,11,3513,21059,0,-
54127632131213,2702026,11,6616,39680,0,-
54127632222212,1725666,11,4222,25316,0,-
54127633131212,2634797,11,6452,38695,0,-
54127633133333,3726407,11,9133,54789,0,-
54127633333313,2670823,11,6539,39225,0,-
54163271133221,2029074,11,4967,29784,0,-
54163272233111,2313064,11,5664,33961,0,-
54167231121113,1265031,11,3096,18558,0,-
54167231131112,1783552,11,4369,26200,0,-
54167231221211,1217483,11,2978,17853,0,-
54167231333213,2427736,11,5950,35677,0,-
54167232112112,1213637,11,2970,17793,0,-
54167232133313,4407610,11,10821,64911,0,-
54167232333113,2422740,11,5938,35605,0,-
54167233232333,1519175,11,3719,22293,0,-
54167233331213,2455970,11,6020,36099,0,-
54172633132313,3365663,11,8246,49457,0,-
54217362233213,2859955,11,6993,41940,0,-
54217632132212,2896708,11,7086,42498,0,-
54231671123111,1499169,11,3672,22012,0,-
54231673123121,1291734,11,3163,18956,0,-
54261373123121,1588399,11,3887,23300,0,-
54261732231233,1846472,11,4514,27077,0,-
54276132233312,1593841,11,3901,23384,0,-
54312671131331,1193215,11,2920,17497,0,-
54312672212111,1499810,11,3673,22025,0,-
54312673311311,2434544,11,5960,35745,0,-
54317261113112,1649612,11,4040,24225,0,-
54317621111222,2131545,11,5220,31304,0,-
54321672212213,2766156,11,6764,40560,0,-
54321672212231,2555098,11,6245,37452,0,-
54321672232211,1885435,11,4603,27603,0,-
54321673313312,3329883,11,8137,48805,0,-
54321673313321,3376130,11,8252,49498,0,-
54321673323311,2769312,11,6763,40567,0,-
54321761211221,1951130,11,4781,28668,0,-
54321763113113,2248042,11,5506,33016,0,-
54326171111231,2512403,11,6155,36913,0,-
54326171112233,1311863,11,3211,19253,0,-
54326171321231,1510884,11,3700,22184,0,-
54326711112212,1715714,11,4199,25175,0,-
54327612223232,1733730,11,4248,25459,0,-
54361272223232,1640422,11,4018,24089,0,-
54362171113133,1760465,11,4309,25835,0,-
54362711111231,1869216,11,4580,27463,0,-
54362711323112,1692662,11,4144,24849,0,-
54367121112212,2090781,11,5118,30693,0,-
54367121113211,1869413,11,4578,27447,0,-
54367121113331,1885391,11,4614,27671,0,-
54367122211121,1655491,11,4053,24300,0,-
54367122311111,1978752,11,4845,29056,0,-
54367123311113,1761069,11,4313,25853,0,-
54367211132222,2651892,11,6484,38887,0,-
54367211213333,2710043,11,6618,39696,0,-
54367211222132,1522582,11,3715,22271,0,-
54367211333213,1829506,11,4464,26764,0,-
54367212211322,3122998,11,7635,45789,0,-
54367212231122,2340539,11,5718,34296,0,-
54367212233213,2173100,11,5309,31837,0,-
54367212332213,1765322,11,4308,25834,0,-
54367212333113,1800444,11,4393,26338,0,-
54367213112222,2725102,11,6656,39919,0,-
54367213312133,2491786,11,6089,36505,0,-
54371261113331,1460144,11,3572,21408,0,-
54371621113112,4355985,11,10686,64099,0,-
54371621113322,1354531,11,3316,19884,0,-
54376121322233,1868344,11,4571,27415,0,-
54376211111132,2127923,11,5211,31251,0,-
54376211111222,1824528,11,4468,26796,0,-
54376211113133,2461711,11,6032,36185,0,-
54612371112311,2840458,11,6952,41698,0,-
54612372222131,1171049,11,2861,17139,0,-
54612732112223,2567815,11,6290,37730,0,-
54612733322213,2591194,11,6345,38057,0,-
54621371133311,1666498,11,4080,24469,0,-
54621372211121,1549473,11,3794,22738,0,-
54637211132111,1750082,11,4287,25705,0,-
54671232221213,2893639,11,7084,42483,0,-
54712361323313,2250758,11,5508,33039,0,-
54712362223322,1802845,11,4411,26443,0,-
54716232222113,1596131,11,3902,23390,0,-
54716321112323,2722839,11,6677,40046,0,-
54716322313223,1786109,11,4375,26234,0,-
54721631111111,7438599,11,18241,109428,0,-
54721631122121,1580245,11,3870,23201,0,-
54721631311133,1900428,11,4657,27925,0,-
54721632133232,1436532,11,3517,21084,0,-
54721632212222,2676535,11,6564,39366,0,-
54721632212231,1217205,11,2980,17860,0,-
54721633231322,1280513,11,3135,18788,0,-
54721633313321,1329886,11,3256,19515,0,-
54721633333331,1192451,11,2920,17492,0,-
54723612131312,3296167,11,8075,48442,0,-
54723612221222,1739786,11,4258,25531,0,-
54723612222212,2217481,11,5432,32577,0,-
54723613121312,3142664,11,7700,46187,0,-
54723613333313,1991819,11,4877,29252,0,-
54761233322321,1638083,11,4005,24019,0,-
54763212322232,1927826,11,4723,28331,0,-
56123471222312,1697896,11,4143,24845,0,-
56123471223221,1936184,11,4728,28348,0,-
56123471331332,3120122,11,7623,45732,0,-
56123471333123,1995558,11,4870,29197,0,-
56123472322121,2018938,11,4929,29553,0,-
56123472331331,2583965,11,6316,37872,0,-
56123473133132,2239157,11,5466,32785,0,-
56123473133231,2507977,11,6129,36760,0,-
56123473222112,1798426,11,4388,26309,0,-
56123473223312,1496511,11,3651,21882,0,-
56123473322312,1651919,11,4031,24171,0,-
56124371111231,1672637,11,4099,24568,0,-
56124371232323,1888989,11,4625,27729,0,-
56127433332323,2246174,11,5505,33016,0,-
56132472333332,1514958,11,3708,22227,0,-
56132473211111,1904183,11,4664,27977,0,-
56132473213211,1474523,11,3608,21637,0,-
56143273332323,2628854,11,6442,38641,0,-
56147231222132,2812296,11,6869,41197,0,-
56147231333213,2667300,11,6520,39096,0,-
56147232233213,2775323,11,6787,40695,0,-
56147232332213,3266235,11,7988,47907,0,-
56147232333113,2851048,11,6972,41805,0,-
56147322333233,1842691,11,4509,27038,0,-
56173421113112,2021728,11,4955,29718,0,-
56174232323333,1786389,11,4374,26227,0,-
56174321232113,2255647,11,5521,33121,0,-
56213471111111,1852220,11,4541,27235,0,-
56213743313333,2776458,11,6797,40760,0,-
56243173133111,1739351,11,4255,25511,0,-
56243713121333,1869937,11,4574,27428,0,-
56247132333233,1379583,11,3376,20246,0,-
56271433111313,2839756,11,6948,41670,0,-
56271433123313,2019870,11,4938,29607,0,-
56271433132313,3174318,11,7770,46611,0,-
56274132331133,1251697,11,3058,18327,0,-
56274312313211,2478056,11,6069,36397,0,-
56321473233323,1419375,11,3475,20830,0,-
56321742211112,2863759,11,7016,42086,0,-
56324171221331,1729713,11,4232,25373,0,-
56327411211332,1837405,11,4496,26958,0,-
56327413213112,1730689,11,4236,25393,0,-
56341273121213,2728232,11,6681,40068,0,-
56341273131212,2270525,11,5560,33339,0,-
56347122333233,1660158,11,4063,24362,0,-
56347211213111,1898085,11,4650,27875,0,-
56347211222132,1339813,11,3281,19656,0,-
56347211312111,2422847,11,5941,35625,0,-
56347211331131,1233679,11,3022,18104,0,-
56347212111221,2117428,11,5183,31082,0,-
56347212111311,3689547,11,9049,54279,0,-
56347212123233,1417150,11,3471,20801,0,-
56347212232223,1395741,11,3417,20487,0,-
56347213111211,3464854,11,8497,50964,0,-
56347213131332,1283812,11,3143,18837,0,-
56423171231231,1283941,11,3140,18824,0,-
56423171231321,2083081,11,5102,30600,0,-
56423171321321,1365526,11,3340,20027,0,-
56423172112121,1686862,11,4129,24759,0,-
56423173132121,1899475,11,4650,27884,0,-
56423173133111,1257410,11,3078,18436,0,-
56432713122122,1707663,11,4179,25052,0,-
56712341232113,1192526,11,2920,17495,0,-
56712343211123,2026871,11,4967,29773,0,-
56721343123331,1654968,11,4046,24259,0,-
56721432312233,2086531,11,5109,30629,0,-
56723411113313,1713703,11,4200,25178,0,-
56723411121113,1403716,11,3437,20607,0,-
56723411131112,2147245,11,5262,31557,0,-
56723411222312,1195994,11,2927,17538,0,-
56723412122312,1114943,11,2729,16349,0,-
56723412323222,1716163,11,4205,25204,0,-
56723413221212,2086457,11,5113,30653,0,-
56723413222112,1766322,11,4325,25935,0,-
56723413331111,1521022,11,3728,22334,0,-
56732143122113,1609264,11,3935,23584,0,-
56741231121311,1430223,11,3503,20995,0,-
56741231131211,2311291,11,5662,33958,0,-
56741231211131,2310067,11,5661,33952,0,-
56741231311121,1864610,11,4570,27400,0,-
56741232111113,1954934,11,4790,28718,0,-
56741233111112,1607243,11,3936,23599,0,-
56743212122222,2525599,11,6186,37104,0,-
56743212221222,3332395,11,8164,48976,0,-
56743213121213,2443690,11,5981,35868,0,-
56743213121312,1935471,11,4739,28416,0,-
56743213331333,3157917,11,7739,46423,0,-
57123461111111,3306640,11,8116,48673,0,-
57164322131312,1763047,11,4317,25879,0,-
57214361323232,1618399,11,3963,23764,0,-
57214632212213,2487993,11,6085,36482,0,-
57236141113232,1707474,11,4182,25079,0,-
57236141322233,1679998,11,4115,24668,0,-
57236141323232,2803912,11,6869,41197,0,-
57241631322113,1277574,11,3127,18744,0,-
57241631323112,1255391,11,3074,18417,0,-
57246131112233,2496151,11,6111,36655,0,-
57264132111323,2015153,11,4932,29560,0,-
57321641311112,2307067,11,5654,33904,0,-
57321642311132,2339661,11,5738,34409,0,-
57364212213311,3270473,11,8016,48089,0,-
57364212313211,2971084,11,7288,43708,0,-
57364213332122,1909828,11,4676,28040,0,-
57642311113322,1862386,11,4561,27351,0,-
61234572231323,1906432,11,4669,28005,0,-
61234573232213,1242893,11,3042,18230,0,-
61235741313131,2801463,11,6852,41092,0,-
61257343232123,2215807,11,5429,32559,0,-
61274351313131,2158365,11,5282,31673,0,-
61274532231323,1985035,11,4862,29154,0,-
61352472233321,1298024,11,3178,19042,0,-
61352472313211,6801201,11,16699,100179,0,-
61452731311313,1555496,11,3803,22799,0,-
61453721111111,1463059,11,3585,21496,0,-
61453721311112,1775412,11,4348,26073,0,-
61453723111121,1354081,11,3315,19879,0,-
61472532123332,1314550,11,3217,19284,0,-
61472533112111,1344684,11,3292,19726,0,-
61527431111111,1906056,11,4672,28011,0,-
61534272311132,2292971,11,5618,33683,0,-
61534721112311,1511910,11,3700,22190,0,-
61534721113211,1313287,11,3214,19258,0,-
61543271111111,2119161,11,5196,31153,0,-
61543271112311,1766863,11,4327,25948,0,-
61572432312323,2035502,11,4984,29887,0,-
61734523222331,2626285,11,6429,38555,0,-
62134572321323,1587302,11,3877,23248,0,-
62135471122121,1945053,11,4761,28554,0,-
62135472132131,1706999,11,4177,25053,0,-
62135473122131,1326118,11,3245,19447,0,-
62135473123121,2252727,11,5516,33082,0,-
62135473131131,2037178,11,4990,29927,0,-
62135473132121,1581384,11,3870,23200,0,-
62135473232231,1469122,11,3595,21549,0,-
62135473322321,1631046,11,3991,23936,0,-
62135743222331,1261288,11,3081,18468,0,-
62135743312223,3050237,11,7471,44806,0,-
62147353123121,1611512,11,3944,23647,0,-
62147353132121,1390469,11,3404,20403,0,-
62154733321121,1201355,11,2941,17624,0,-
62157342132212,1880085,11,4597,27563,0,-
62173543232132,1701274,11,4166,24972,0,-
62174351122133,1937888,11,4740,28422,0,-
62174533311212,1491741,11,3649,21870,0,-
62317453112111,2113828,11,5181,31072,0,-
62317453312211,2154082,11,5275,31633,0,-
62351743112123,3355193,11,8220,49308,0,-
62371453311311,1445963,11,3537,21206,0,-
62374511322311,1173414,11,2873,17216,0,-
62374513112321,2205922,11,5406,32424,0,-
62374513312112,1693870,11,4149,24879,0,-
62435172211133,2554729,11,6252,37494,0,-
62435172311132,2800995,11,6859,41139,0,-
62435711222222,1359729,11,3329,19943,0,-
62453713311122,3219866,11,7893,47339,0,-
62471532232133,2075039,11,5083,30474,0,-
62475131322323,1286706,11,3148,18872,0,-
62531472321233,1858594,11,4551,27296,0,-
62543711211113,1525072,11,3731,22375,0,-
62543711311112,1730935,11,4240,25416,0,-
62571432321233,2339829,11,5729,34367,0,-
62735143223213,1389745,11,3400,20378,0,-
63125741112323,3033828,11,7431,44563,0,-
63125743131233,1400592,11,3430,20546,0,-
63125743133312,1733073,11,4244,25449,0,-
63142571111111,1889022,11,4632,27767,0,-
63142571132321,3086394,11,7562,45356,0,-
63142573112123,3425581,11,8397,50360,0,-
63172452312323,1460581,11,3577,21436,0,-
63172452313211,4522956,11,11093,66540,0,-
63174522332132,1426006,11,3488,20906,0,-
63247511123132,1890219,11,4630,27772,0,-
63251743133231,2111747,11,5161,30954,0,-
63452711311313,1698491,11,4159,24928,0,-
63452712333221,1448509,11,3545,21253,0,-
63471522123131,1579902,11,3869,23192,0,-
63471522323132,2199705,11,5388,32314,0,-
63471522332132,1511248,11,3699,22178,0,-
63472512123332,1527748,11,3739,22409,0,-
63512743313333,3479134,11,8522,51120,0,-
63541271212211,2226993,11,5450,32681,0,-
63542713121333,2482457,11,6075,36436,0,-
63574212123131,1634070,11,4005,24013,0,-
63574212313211,2193254,11,5376,32231,0,-
63712542221111,1570204,11,3843,23039,0,-
63714252123131,2160205,11,5291,31727,0,-
63714521112323,1887955,11,4626,27731,0,-
63714522332132,1216029,11,2976,17830,0,-
63721541233322,1704154,11,4172,25025,0,-
63724153121213,2050824,11,5021,30115,0,-
63725141112323,2841537,11,6958,41729,0,-
63725141233121,1841402,11,4505,27016,0,-
63725142123131,3015061,11,7381,44277,0,-
63725142223133,2671853,11,6538,39210,0,-
63725143122113,2573459,11,6298,37780,0,-
63725143123313,2866201,11,7012,42066,0,-
63741252222323,1494050,11,3657,21924,0,-
63741522123131,1720951,11,4215,25263,0,-
63742511232221,1711502,11,4187,25107,0,-
63745123122212,1434525,11,3510,21045,0,-
63751242221321,1604745,11,3920,23509,0,-
63751423122311,2440956,11,5977,35844,0,-
63752141111111,2003724,11,4909,29439,0,-
63752141122211,2008802,11,4922,29505,0,-
63752141123213,2134537,11,5230,31362,0,-
63752142332132,1207399,11,2954,17706,0,-
63752143123223,1540651,11,3772,22608,0,-
63752143212323,1982492,11,4857,29116,0,-
63752143223123,1442464,11,3529,21156,0,-
63752411223212,2951748,11,7238,43416,0,-
63752411333213,2196280,11,5379,32243,0,-
63752412312323,2334154,11,5717,34286,0,-
63752412322112,1345088,11,3290,19722,0,-
63752412333113,1928288,11,4719,28292,0,-
63754213122122,2045321,11,5005,30016,0,-
64125371131313,3316032,11,8118,48692,0,-
64157321133212,5929402,11,14531,87171,0,-
64231572311132,1958364,11,4796,28752,0,-
64257131113223,3185834,11,7808,46836,0,-
64271533221212,1629650,11,3988,23909,0,-
64275131212223,2102706,11,5145,30854,0,-
64275131312123,2231408,11,5460,32749,0,-
64275132211133,2644469,11,6470,38808,0,-
64275132232133,2821639,11,6908,41427,0,-
64275133231112,1652236,11,4039,24217,0,-
64275133312211,1830918,11,4478,26849,0,-
64275311112332,1453579,11,3556,21313,0,-
64275311222222,1771941,11,4338,26013,0,-
64275313312211,1898403,11,4647,27867,0,-
64321572111131,4905284,11,12038,72214,0,-
64321572132131,1696852,11,4156,24908,0,-
64321572311132,1989340,11,4876,29225,0,-
64325713121222,3616126,11,8850,53085,0,-
64351272132131,1467319,11,3588,21512,0,-
64357212313211,1976762,11,4844,29050,0,-
64357213231322,2448952,11,5998,35972,0,-
64357213312211,2338789,11,5726,34343,0,-
64531271212211,2728756,11,6682,40072,0,-
64531272132131,2068430,11,5067,30385,0,-
64531273122131,1779847,11,4359,26136,0,-
64531273123121,1471186,11,3596,21561,0,-
64531273311311,1715597,11,4202,25195,0,-
64531273312211,1358290,11,3324,19918,0,-
64572131122223,1686875,11,4128,24761,0,-
64713253112111,1873198,11,4590,27519,0,-
65123471112311,1449194,11,3548,21266,0,-
65123471233232,2181447,11,5346,32061,0,-
65123472312311,1530685,11,3749,22468,0,-
65132471212112,1835592,11,4496,26964,0,-
65132471222111,1099809,11,2689,16119,0,-
65132471231321,2502835,11,6133,36781,0,-
65132471323121,1726956,11,4228,25354,0,-
65132472131231,2128991,11,5216,31281,0,-
65132472212231,2184124,11,5347,32062,0,-
65132472233321,2391578,11,5859,35135,0,-
65132473111331,1677083,11,4107,24614,0,-
65132473313312,1412725,11,3458,20722,0,-
65132473323311,1159895,11,2837,17002,0,-
65132741223323,1137942,11,2782,16679,0,-
65132743222331,1871197,11,4577,27452,0,-
65134721233232,2199489,11,5384,32281,0,-
65147321232113,2912232,11,7135,42794,0,-
65172431132333,2219506,11,5434,32580,0,-
65174232123131,1513935,11,3706,22223,0,-
65174232133313,2299183,11,5632,33768,0,-
65174232323312,1970080,11,4824,28924,0,-
65174233323212,2274970,11,5573,33424,0,-
65174233331213,3968588,11,9738,58407,0,-
65174322313211,1420132,11,3479,20845,0,-
65174323223123,1910815,11,4677,28050,0,-
65213741111111,2139011,11,5245,31458,0,-
65241371111111,2008438,11,4925,29529,0,-
65243712121322,2067594,11,5058,30327,0,-
65271341332331,1628530,11,3980,23862,0,-
65271432231233,1707583,11,4176,25033,0,-
65274131111111,2153563,11,5279,31660,0,-
65274131311313,1484496,11,3636,21790,0,-
65274131312213,1496178,11,3665,21959,0,-
65274132123332,1490359,11,3650,21880,0,-
65274133132223,1364345,11,3341,20020,0,-
65274133232321,1163589,11,2848,17064,0,-
65274133312223,2815332,11,6906,41408,0,-
65314272311132,1727320,11,4234,25381,0,-
65314272313211,2985613,11,7322,43919,0,-
65321472111122,2322894,11,5689,34127,0,-
65417321232113,1624014,11,3979,23851,0,-
65417323223123,1695206,11,4150,24882,0,-
65417323232123,1806029,11,4423,26521,0,-
65423713321322,2367371,11,5796,34761,0,-
65432173232321,2186729,11,5356,32121,0,-
65471231132213,2227379,11,5454,32695,0,-
65714323223123,1757573,11,4299,25776,0,-
65723143321313,2527102,11,6194,37146,0,-
65732411333123,2901007,11,7084,42487,0,-
65742311212313,1662679,11,4071,24407,0,-
67132541133311,2415964,11,5913,35464,0,-
67145323133312,2315105,11,5672,34009,0,-
67154233323332,1774908,11,4334,25989,0,-
67215343333133,3194345,11,7821,46914,0,-
67231541323112,2531397,11,6203,37205,0,-
67231543323122,2338359,11,5728,34358,0,-
67234513332122,1415901,11,3462,20754,0,-
67245131313323,2202764,11,5393,32351,0,-
67245311112311,3095252,11,7576,45436,0,-
67245311133233,1427897,11,3489,20916,0,-
67254311131133,2184539,11,5347,32070,0,-
67254313311113,1714221,11,4198,25171,0,-
67312452233321,1960387,11,4799,28777,0,-
67312541121221,1244682,11,3047,18253,0,-
67312542221111,1813779,11,4440,26621,0,-
67321451111123,2253107,11,5520,33102,0,-
67321451112311,1890122,11,4629,27753,0,-
67321451212211,2736727,11,6704,40197,0,-
67321451311133,2105587,11,5159,30938,0,-
67321452111122,2233725,11,5472,32820,0,-
67321453113311,2412436,11,5913,35468,0,-
67321542232133,1609606,11,3940,23616,0,-
67341252222323,1471268,11,3602,21582,0,-
67342512222113,1301785,11,3181,19061,0,-
67345122223133,2054556,11,5024,30129,0,-
67345122232133,2729105,11,6680,40062,0,-
67345211111123,1413679,11,3459,20738,0,-
67345211111132,1845110,11,4517,27090,0,-
67345211112233,1827643,11,4474,26826,0,-
67345211113322,2115334,11,5180,31071,0,-
67345211211122,2201290,11,5395,32346,0,-
67345211311133,2774291,11,6804,40806,0,-
67345212111122,2004717,11,4912,29455,0,-
67345213111133,2918567,11,7158,42930,0,-
67354121111111,1932242,11,4738,28395,0,-
67354211212121,1368650,11,3350,20079,0,-
67354211313113,2396512,11,5870,35195,0,-
67354211333111,2356970,11,5772,34613,0,-
67354212111221,1475583,11,3611,21649,0,-
67354212212222,1787551,11,4378,26253,0,-
67354212311132,2816067,11,6907,41420,0,-
67354213111313,1583810,11,3877,23243,0,-
67354213131311,1873773,11,4589,27521,0,-
67354213211132,2976749,11,7300,43788,0,-
67354213313333,1834558,11,4494,26946,0,-
67412353132121,1941584,11,4752,28496,0,-
67412353332221,1412242,11,3457,20720,0,-
67412531131133,1807367,11,4425,26529,0,-
67435121332112,1166088,11,2854,17103,0,-
67435123123121,1127969,11,2759,16539,0,-
67452313321232,1960232,11,4799,28766,0,-
71234563231322,1921532,11,4705,28218,0,-
71263541333222,3033218,11,7430,44561,0,-
71263542323123,2883704,11,7064,42362,0,-
71264533131323,1712491,11,4183,25078,0,-
71264533221323,1996825,11,4879,29256,0,-
71264533231223,2405848,11,5879,35256,0,-
71264533231313,2514104,11,6148,36879,0,-
71326451211311,1965844,11,4815,28880,0,-
71326453132121,1303202,11,3190,19118,0,-
71326543333313,2269659,11,5554,33305,0,-
71345262132131,1511347,11,3700,22185,0,-
71362453113311,1800809,11,4410,26432,0,-
71365423331312,1886950,11,4612,27667,0,-
71423563213232,1418261,11,3466,20776,0,-
71423653213232,1516200,11,3710,22241,0,-
71426353312211,1894253,11,4636,27792,0,-
71426533333223,3190571,11,7815,46886,0,-
71432561232323,1819690,11,4456,26717,0,-
71432561323232,1868789,11,4579,27454,0,-
71432562111221,2201277,11,5395,32351,0,-
71432563232213,1366410,11,3345,20050,0,-
71432563323113,1438966,11,3523,21120,0,-
71432563323122,1481446,11,3627,21742,0,-
71432563332113,1477222,11,3618,21693,0,-
71435261322233,2098403,11,5133,30775,0,-
71435262222122,1487596,11,3637,21802,0,-
71435263211123,2161083,11,5290,31720,0,-
71435263311122,2233874,11,5467,32782,0,-
71435263333133,1518142,11,3711,22249,0,-
71435263333223,1591348,11,3890,23320,0,-
71435623333331,1980919,11,4849,29081,0,-
71436253333112,3995075,11,9789,58727,0,-
71452363213232,1528304,11,3739,22413,0,-
71452632222131,2094887,11,5125,30732,0,-
71453262222221,1896176,11,4641,27840,0,-
71453623311122,2309513,11,5651,33890,0,-
71456321322323,1735112,11,4249,25470,0,-
71456322111221,1335717,11,3268,19597,0,-
71462531113322,2789618,11,6834,40999,0,-
71462532111212,1497477,11,3664,21971,0,-
71462532121112,1358605,11,3325,19926,0,-
71462533111223,2224558,11,5446,32659,0,-
71462533221113,2451710,11,6006,36031,0,-
71463523331222,1496225,11,3658,21927,0,-
71523463131311,2518239,11,6162,36948,0,-
71523463231313,2171877,11,5311,31854,0,-
71523463331312,2292221,11,5606,33612,0,-
71532463221332,1516189,11,3705,22210,0,-
71534262122222,1526300,11,3734,22384,0,-
71542633132322,1539256,11,3766,22577,0,-
71543622111131,1463780,11,3585,21492,0,-
71543623111121,1554994,11,3809,22830,0,-
71546233331213,2594790,11,6354,38104,0,-
71546322231212,2448622,11,5991,35930,0,-
71562433123232,1414174,11,3461,20752,0,-
71563243221221,1637480,11,4002,23994,0,-
71625433213133,2851182,11,6972,41815,0,-
71643252231212,1909380,11,4670,27999,0,-
71643523331213,2279344,11,5577,33455,0,-
72134562312212,1607213,11,3930,23562,0,-
72136541322233,1571776,11,3850,23086,0,-
72143563222331,1247516,11,3048,18269,0,-
72143651121113,1730172,11,4238,25414,0,-
72143651131112,1874786,11,4590,27535,0,-
72143651213111,1471960,11,3604,21607,0,-
72143651312111,1894099,11,4640,27824,0,-
72143652111311,1511509,11,3702,22197,0,-
72143653111211,1661358,11,4071,24401,0,-
72145631233223,1957052,11,4789,28721,0,-
72145633232231,1702331,11,4165,24974,0,-
72145633312223,2921379,11,7157,42933,0,-
72146352232223,1643448,11,4024,24116,0,-
72163452122222,2929759,11,7175,43038,0,-
72163453121213,1711000,11,4187,25110,0,-
72163453131212,2856187,11,6995,41956,0,-
72163453133333,1674936,11,4099,24570,0,-
72163453331333,1805763,11,4417,26482,0,-
72164353131113,1550005,11,3789,22716,0,-
72165431113331,1248219,11,3059,18325,0,-
72165432111113,2149725,11,5269,31596,0,-
72165432111122,1970556,11,4827,28941,0,-
72165432211112,1488175,11,3644,21849,0,-
72165432323312,1299533,11,3181,19070,0,-
72165433111112,1604160,11,3930,23563,0,-
72165433121333,1682778,11,4123,24715,0,-
72165433221233,1413548,11,3461,20746,0,-
72165433233323,2759069,11,6767,40579,0,-
72165433321223,1558794,11,3818,22890,0,-
72165433331213,1447087,11,3545,21250,0,-
72345611111111,2210328,11,5419,32501,0,-
72345611133113,1235453,11,3025,18130,0,-
72345611221223,1233466,11,3020,18097,0,-
72345611222222,1830557,11,4484,26894,0,-
72345611331332,1625405,11,3978,23858,0,-
72345612122111,1836199,11,4497,26962,0,-
72345612331331,1147408,11,2809,16825,0,-
72345613221221,1185318,11,2901,17386,0,-
72345613333331,1563069,11,3825,22940,0,-
72356141112323,1826545,11,4476,26834,0,-
72356141232113,1842728,11,4516,27074,0,-
72356143211123,2327860,11,5708,34229,0,-
72361453232333,1324959,11,3244,19446,0,-
72361542333233,2613064,11,6399,38372,0,-
72365412222212,2146415,11,5258,31529,0,-
72365413121312,2343400,11,5736,34404,0,-
72365413131212,1905896,11,4665,27973,0,-
72365413331333,1813275,11,4440,26629,0,-
72435163333313,1873115,11,4584,27497,0,-
72513641232323,1468220,11,3594,21539,0,-
72513641233322,1941525,11,4754,28506,0,-
72516342313223,2347273,11,5749,34467,0,-
72531463321232,2015664,11,4937,29615,0,-
72534163211123,1886909,11,4619,27696,0,-
72541631111213,1906034,11,4670,28006,0,-
72541631111312,1648861,11,4037,24204,0,-
72541631112131,1636690,11,4009,24031,0,-
72541631113121,2014983,11,4937,29603,0,-
72541632131111,2507169,11,6148,36871,0,-
72541633121111,3055587,11,7492,44944,0,-
72543162311111,1377056,11,3372,20212,0,-
72543163211111,1266532,11,3100,18578,0,-
72543611221223,1461577,11,3565,21367,0,-
72543611223221,1805601,11,4406,26418,0,-
72543611331332,1694401,11,4134,24782,0,-
72543611332331,1819148,11,4439,26616,0,-
72543612331331,1652618,11,4033,24168,0,-
72543613132232,2811607,11,6870,41198,0,-
72543613133222,3064909,11,7489,44915,0,-
72543613221221,1761578,11,4299,25774,0,-
72543613223312,2917315,11,7129,42757,0,-
72543613322312,2188880,11,5342,32041,0,-
72546311323112,1910582,11,4680,28062,0,-
72546313323212,2042910,11,5006,30016,0,-
72561342313223,2320212,11,5680,34072,0,-
72561432213122,2065453,11,5044,30247,0,-
72561433221233,2349121,11,5740,34421,0,-
72561433311233,3158838,11,7723,46322,0,-
72561433321133,1972687,11,4819,28892,0,-
72561433321223,2400751,11,5865,35175,0,-
72563411111213,1392871,11,3410,20438,0,-
72563411111312,1817660,11,4455,26701,0,-
72563411112131,2337327,11,5724,34333,0,-
72563411113121,1787927,11,4380,26263,0,-
72563412131111,2493922,11,6115,36672,0,-
72563413121111,2551132,11,6256,37519,0,-
72643513212311,1995975,11,4889,29322,0,-
72643513212332,1844814,11,4518,27089,0,-
73125463133132,2157892,11,5279,31659,0,-
73146522113231,1454574,11,3560,21348,0,-
73246153312211,1278692,11,3130,18764,0,-
73456123231322,1307228,11,3198,19166,0,-
73516243323113,2390412,11,5855,35115,0,-
73516243332131,1209030,11,2957,17719,0,-
73541262321212,2965763,11,7264,43554,0,-
73542163321133,2220315,11,5430,32564,0,-
73542613132121,1904076,11,4662,27957,0,-
73542613132322,1258246,11,3080,18451,0,-
73564213321322,2106786,11,5153,30900,0,-
73614251112323,1872095,11,4584,27492,0,-
73615241112323,2551229,11,6247,37457,0,-
73615241113322,2408642,11,5892,35333,0,-
73615242223133,2671717,11,6540,39222,0,-
73615243123313,2247778,11,5500,32986,0,-
73615243213313,1724711,11,4217,25285,0,-
73615243331312,1658090,11,4053,24298,0,-
73615243332311,1614175,11,3945,23653,0,-
73615421113322,1929932,11,4725,28340,0,-
73615423213211,2396210,11,5870,35202,0,-
73615423333331,1729403,11,4233,25386,0,-
73624513121132,3529014,11,8638,51819,0,-
73624513332131,1741162,11,4254,25515,0,-
73625141112323,2070037,11,5071,30409,0,-
73625143121213,2665308,11,6532,39175,0,-
73625143333313,1234452,11,3021,18108,0,-
73625412222323,1401583,11,3430,20559,0,-
73642511111111,2044123,11,5009,30039,0,-
73642511113232,2123271,11,5201,31188,0,-
73642511113322,2685773,11,6581,39469,0,-
73642513223222,2617454,11,6407,38440,0,-
73645121113211,2334931,11,5713,34267,0,-
73645122222311,1457463,11,3562,21355,0,-
73645211223113,1233872,11,3019,18097,0,-
73645211231111,2093746,11,5128,30756,0,-
73645211321111,1625486,11,3981,23860,0,-
73645211332112,1604526,11,3928,23542,0,-
73645213112231,1521420,11,3725,22333,0,-
73645213333112,2296952,11,5626,33747,0,-
73651241113322,2485458,11,6087,36513,0,-
73652413211312,1417649,11,3467,20781,0,-
73652413331321,1549102,11,3787,22708,0,-
73654122111122,2491821,11,6104,36605,0,-
73654122221111,1285431,11,3147,18855,0,-
73654211111132,1674592,11,4095,24555,0,-
74123563323221,1453863,11,3560,21334,0,-
74123652322121,2494458,11,6094,36548,0,-
74123653132232,2484996,11,6070,36395,0,-
74123653133132,2063324,11,5040,30222,0,-
74123653133222,2311779,11,5649,33869,0,-
74123653133231,2134767,11,5215,31274,0,-
74125631313311,1331397,11,3262,19540,0,-
74125632121121,1669490,11,4088,24515,0,-
74125632122111,1117822,11,2734,16391,0,-
74125632131111,2318558,11,5685,34092,0,-
74125632321332,1527516,11,3741,22426,0,-
74125633121111,2027623,11,4966,29784,0,-
74125633131233,2217511,11,5435,32594,0,-
74125633132232,1624269,11,3978,23848,0,-
74125633133222,1206450,11,2951,17695,0,-
74125633133312,1615532,11,3956,23714,0,-
74125633332323,1836144,11,4497,26966,0,-
74126352333122,2326772,11,5698,34167,0,-
74132561321231,2200668,11,5389,32319,0,-
74132562121121,1471023,11,3599,21574,0,-
74132562122111,1096248,11,2679,16063,0,-
74132563131221,3296767,11,8078,48454,0,-
74132563132112,1827783,11,4473,26821,0,-
74136522322121,2009570,11,4908,29430,0,-
74152363132232,2060175,11,5034,30189,0,-
74152363133132,1661116,11,4054,24306,0,-
74152363133222,1771106,11,4324,25926,0,-
74152363133231,2084138,11,5094,30538,0,-
74156322122123,1383024,11,3385,20277,0,-
74156322122321,1053113,11,2574,15426,0,-
74156322313223,1593499,11,3902,23384,0,-
74156323132331,1705414,11,4174,25032,0,-
74156323133123,2833223,11,6944,41648,0,-
74163251121122,1198497,11,2932,17581,0,-
74163252112211,1432286,11,3508,21028,0,-
74163252131111,3218532,11,7895,47352,0,-
74163253121111,1598319,11,3914,23465,0,-
74163253131332,2668853,11,6544,39247,0,-
74163253133132,1164810,11,2849,17079,0,-
74163253133213,2567847,11,6294,37741,0,-
74163253133231,1183162,11,2894,17347,0,-
74163253332323,1564604,11,3832,22975,0,-
74165231121212,2385144,11,5826,34943,0,-
74165231131313,4687136,11,11472,68814,0,-
74165231212121,1940217,11,4738,28406,0,-
74165231313131,1691649,11,4129,24749,0,-
74165232111212,1300425,11,3174,19018,0,-
74165232121112,2323454,11,5678,34040,0,-
74165232121211,1317067,11,3213,19264,0,-
74165233111313,1498097,11,3657,21918,0,-
74165233131113,4655432,11,11394,68355,0,-
74165233131311,2027198,11,4952,29685,0,-
74165233131323,2041080,11,4985,29895,0,-
74165233132313,5105107,11,12496,74964,0,-
74165233231313,3194840,11,7810,46842,0,-
74213652323132,1259021,11,3080,18463,0,-
74251633111313,1681934,11,4114,24655,0,-
74256311321222,3139927,11,7684,46092,0,-
74256313111232,2591699,11,6336,38001,0,-
74265312333233,1420735,11,3476,20843,0,-
74312652333332,1486738,11,3637,21801,0,-
74321563311131,1898293,11,4647,27869,0,-
74321653233323,1626537,11,3981,23869,0,-
74325163131323,1772531,11,4335,25993,0,-
74325612221222,1523128,11,3727,22339,0,-
74325613121312,2686096,11,6578,39454,0,-
74325613131212,2454473,11,6016,36079,0,-
74325613133333,1738276,11,4257,25518,0,-
74361253112132,4156368,11,10190,61125,0,-
74361253211231,1520678,11,3720,22301,0,-
74365211121221,1393229,11,3412,20445,0,-
74365211213111,2277343,11,5584,33484,0,-
74365211312111,1849438,11,4530,27163,0,-
74365211313113,1658906,11,4064,24361,0,-
74365211333111,1608620,11,3940,23620,0,-
74365212111311,3195660,11,7841,47024,0,-
74365212222323,1284126,11,3145,18847,0,-
74365212333332,1203956,11,2947,17664,0,-
74365213111211,3460520,11,8492,50930,0,-
74365213121333,1257990,11,3080,18465,0,-
74512361322233,1756846,11,4300,25784,0,-
74512362313223,1413695,11,3461,20749,0,-
74513263121222,2216891,11,5420,32500,0,-
74521632222212,2769083,11,6784,40695,0,-
74521633121213,2310630,11,5657,33922,0,-
74521633121312,1871569,11,4583,27479,0,-
74521633133333,2932942,11,7184,43090,0,-
74521633333313,3427539,11,8403,50405,0,-
74523611121113,1318711,11,3228,19349,0,-
74523611131112,2325028,11,5698,34187,0,-
74523611213111,1565128,11,3832,22975,0,-
74523611312111,1555211,11,3809,22834,0,-
74523612111311,1767966,11,4331,25974,0,-
74523613111211,1421621,11,3480,20868,0,-
74532163123223,1588702,11,3884,23285,0,-
74561231111222,1232322,11,3016,18079,0,-
74561232111113,2495769,11,6120,36695,0,-
74561232221111,1564921,11,3834,22980,0,-
74561233111112,1689156,11,4136,24806,0,-
74561233131233,1389644,11,3402,20396,0,-
74561233233323,2595223,11,6361,38154,0,-
74561233311233,1185909,11,2904,17395,0,-
74561233321133,1513212,11,3706,22219,0,-
74561233321313,2592856,11,6355,38111,0,-
74563211232332,1831534,11,4480,26877,0,-
74653213133222,2443666,11,5977,35844,0,-
75132463233233,1694260,11,4144,24846,0,-
75143263231313,2246243,11,5493,32947,0,-
75146321323331,1894012,11,4632,27773,0,-
75213642223133,1750990,11,4286,25691,0,-
75231463211123,3157174,11,7731,46376,0,-
75234161322233,1659730,11,4064,24372,0,-
75234162221111,2153135,11,5274,31629,0,-
75236143213232,1703406,11,4169,24983,0,-
75241632222323,1880430,11,4604,27606,0,-
75243162211322,3834511,11,9386,56294,0,-
75243611113232,1743269,11,4270,25591,0,-
75243613213232,1635843,11,4004,24009,0,-
75246131333312,1911657,11,4674,28030,0,-
75246311111111,3494852,11,8563,51362,0,-
75246313212311,2319069,11,5680,34069,0,-
75246313312211,2418717,11,5925,35528,0,-
75246313332332,1737555,11,4255,25511,0,-
75261432123233,1903648,11,4663,27959,0,-
75264132121232,1728647,11,4233,25382,0,-
75264132223331,1479938,11,3624,21713,0,-
75264132321212,1275848,11,3122,18707,0,-
75264133121333,2052660,11,5029,30148,0,-
75264133331213,1655233,11,4055,24311,0,-
75264311223122,2608616,11,6388,38311,0,-
75264313231112,1773901,11,4338,26013,0,-
75312463333133,1985743,11,4857,29126,0,-
75314621133221,1672445,11,4097,24560,0,-
75314621313212,5452614,11,13374,80228,0,-
75314623113122,1546147,11,3785,22688,0,-
75316241231231,1792773,11,4383,26269,0,-
75321461311112,3418717,11,8385,50298,0,-
75321463132121,1553793,11,3804,22806,0,-
75346122133133,1599040,11,3910,23444,0,-
75346211133122,2149988,11,5266,31578,0,-
75346211211311,3544744,11,8687,52116,0,-
75346211311211,3021265,11,7408,44427,0,-
75346212323333,1455717,11,3564,21354,0,-
75346213112132,1584663,11,3878,23245,0,-
75346213132121,1468894,11,3595,21553,0,-
75346213132322,1932403,11,4736,28392,0,-
75346213332122,2103736,11,5154,30902,0,-
75412631223332,1622748,11,3975,23829,0,-
75416323232213,1697210,11,4154,24905,0,-
75431263133213,1914894,11,4688,28109,0,-
75462132123212,2088223,11,5102,30597,0,-
75613243131332,1801139,11,4409,26430,0,-
75613243133213,1747779,11,4278,25650,0,-
75634123323122,1601395,11,3918,23489,0,-
75641323232111,1407230,11,3445,20648,0,-
75642132213311,1651708,11,4045,24255,0,-
76123453233323,1465573,11,3589,21505,0,-
76125343333133,1903052,11,4655,27912,0,-
76143252131312,2207209,11,5405,32418,0,-
76143252221222,1678208,11,4109,24634,0,-
76143253131212,2614364,11,6408,38437,0,-
76143253331333,1725432,11,4223,25318,0,-
76143253333313,2191749,11,5365,32175,0,-
76145231121113,1462536,11,3582,21471,0,-
76145231122112,2809554,11,6881,41267,0,-
76145231131112,1649306,11,4039,24219,0,-
76145231221112,3481950,11,8534,51188,0,-
76145231311331,1231933,11,3016,18070,0,-
76145232123332,1294061,11,3169,18993,0,-
76145232233213,3026666,11,7420,44503,0,-
76145232331313,3611742,11,8864,53163,0,-
76145232332213,3085875,11,7564,45364,0,-
76145233133213,2636064,11,6460,38751,0,-
76145233232333,1493677,11,3658,21932,0,-
76154323333112,2190710,11,5359,32139,0,-
76213543213133,2456409,11,6014,36070,0,-
76213543311332,1612204,11,3943,23637,0,-
76215341231231,1683070,11,4115,24666,0,-
76215433333133,1823589,11,4460,26745,0,-
76231451123111,1560748,11,3821,22914,0,-
76245311121131,1156738,11,2830,16963,0,-
76245311131121,1106709,11,2709,16227,0,-
76245311213312,2674036,11,6555,39312,0,-
76245312132131,1381828,11,3382,20268,0,-
76245313122122,1975927,11,4840,29024,0,-
76245313123121,1459124,11,3572,21406,0,-
76253141123132,1961290,11,4805,28812,0,-
76253141211332,2251049,11,5518,33090,0,-
76253413322312,1641138,11,4011,24041,0,-
76254133311323,3048906,11,7462,44754,0,-
76254313211111,3071306,11,7517,45088,0,-
76312452212111,2326675,11,5695,34155,0,-
76312453211111,1959308,11,4800,28782,0,-
76312453311311,1315882,11,3219,19295,0,-
76312542321212,1331360,11,3257,19526,0,-
76312542322121,1217238,11,2976,17839,0,-
76312543322222,1916866,11,4690,28126,0,-
76315241112113,1479968,11,3622,21714,0,-
76315241113112,1323672,11,3239,19417,0,-
76315241223113,1997087,11,4893,29332,0,-
76315241322122,1098500,11,2687,16099,0,-
76315241323313,2154348,11,5277,31647,0,-
76315241332112,1375978,11,3366,20179,0,-
76315243211231,1854622,11,4543,27235,0,-
76315243323323,1223585,11,2994,17946,0,-
76321452122123,1533065,11,3740,22419,0,-
76321452122321,1742381,11,4254,25497,0,-
76321452122333,1694487,11,4136,24789,0,-
76321452123323,2119222,11,5176,31031,0,-
76321452212231,2765195,11,6759,40538,0,-
76321452213122,2107397,11,5148,30867,0,-
76321453233131,1615732,11,3943,23635,0,-
76321453311233,2517208,11,6151,36881,0,-
76321453313312,3006826,11,7352,44092,0,-
76321453321133,1566718,11,3823,22913,0,-
76321453323311,2281849,11,5572,33424,0,-
76321542211112,3084741,11,7557,45333,0,-
76321543211111,2013512,11,4932,29574,0,-
76321543311131,2132275,11,5223,31327,0,-
76324151112233,1484644,11,3634,21789,0,-
76324151112323,1937481,11,4748,28470,0,-
76324153323122,1225949,11,2998,17968,0,-
76325411111213,1430639,11,3504,20999,0,-
76325411111312,4108361,11,10080,60473,0,-
76325411112131,1682932,11,4123,24718,0,-
76325411113121,1849321,11,4531,27168,0,-
76325411122121,1188180,11,2909,17427,0,-
76325411331311,1636310,11,4007,24024,0,-
76325412112121,2173912,11,5326,31941,0,-
76325412231212,2712340,11,6650,39884,0,-
76325412333233,1932068,11,4736,28390,0,-
76325413222223,1337808,11,3275,19630,0,-
76341251111213,2449693,11,6008,36022,0,-
76341251111312,2138998,11,5240,31423,0,-
76341251112131,2394156,11,5866,35189,0,-
76341251113121,1760049,11,4312,25847,0,-
76341251221121,1535055,11,3757,22527,0,-
76341251311313,1657010,11,4060,24331,0,-
76341252232313,1606801,11,3935,23593,0,-
76341252323333,1217454,11,2979,17858,0,-
76341253221212,2325260,11,5699,34172,0,-
76341253233131,1042877,11,2552,15286,0,-
76342511111231,1478739,11,3621,21703,0,-
76342511111321,1972651,11,4830,28970,0,-
76342511323112,1463593,11,3584,21475,0,-
76342512232223,1424907,11,3489,20914,0,-
76342513213112,2764227,11,6772,40618,0,-
76342513322111,1953121,11,4782,28674,0,-
76342513323122,1498131,11,3666,21983,0,-
76342513323212,1368899,11,3352,20090,0,-
76345122211112,1918584,11,4695,28156,0,-
76345122211121,1673696,11,4097,24564,0,-
76345122213311,1867625,11,4573,27424,0,-
76345122311111,2163366,11,5299,31777,0,-
76345123211111,1952237,11,4783,28678,0,-
76345123311113,1475821,11,3611,21644,0,-
76345123311131,1357914,11,3322,19926,0,-
76345123312211,1408334,11,3448,20664,0,-
76351421112323,1857153,11,4549,27273,0,-
76351421113322,1531928,11,3749,22481,0,-
76351423321232,1198996,11,2935,17586,0,-
76354121121212,1263541,11,3092,18527,0,-
76354121122121,1071594,11,2622,15705,0,-
76354121311313,1378621,11,3373,20219,0,-
76354121313131,1710049,11,4189,25113,0,-
76354122111212,1610218,11,3942,23630,0,-
76354122112121,1720786,11,4214,25263,0,-
76354122212222,2989954,11,7332,43976,0,-
76354123211123,1603232,11,3925,23534,0,-
76354123211132,1553903,11,3804,22804,0,-
76354123313333,3140247,11,7700,46187,0,-
76354212213323,1450696,11,3551,21288,0,-
76354212312233,2449887,11,6008,36020,0,-
76354212313322,2646788,11,6489,38921,0,-
76354212333332,1604282,11,3928,23548,0,-
76354213222223,1292043,11,3163,18955,0,-
76354213312223,1431856,11,3507,21014,0,-
76421351131121,1423500,11,3486,20900,0,-
76512343213313,4646026,11,11387,68313,0,-
76512343332311,2101355,11,5137,30807,0,-
76514321112323,1577431,11,3864,23171,0,-
76514321232113,2397003,11,5878,35249,0,-
76521433232333,1538393,11,3767,22584,0,-
76523413223231,1929474,11,4723,28317,0,-
76524313331222,1950099,11,4767,28582,0,-
76541232131213,4577713,11,11221,67311,0,-
76541232221222,1775090,11,4346,26056,0,-
76541233121213,3325203,11,8155,48915,0,-
76541233331333,1849945,11,4529,27166,0,-
76541233333313,1652508,11,4041,24226,0,-
76543211111111,3214345,11,7880,47256,0,-
76543211212112,1956898,11,4793,28743,0,-
76543211223221,1453348,11,3556,21328,0,-
76543211332331,1706668,11,4179,25063,0,-
76543211333333,1522654,11,3727,22350,0,-
76543212132323,1299405,11,3182,19072,0,-
76543212222221,1714150,11,4199,25168,0,-
76543212323213,1314319,11,3217,19285,0,-
76543213113131,1404851,11,3439,20617,0,-
