state,iret,len,expanded,generated,exit,check
12345672121232,1957382,11,6187,37106,0,-
12345672123212,1712865,11,5411,32446,0,-
12345672321212,1338026,11,4224,25321,0,-
12345673131323,1926392,11,6090,36521,0,-
12345673132313,2067452,11,6533,39186,0,-
12345673231313,1404468,11,4433,26583,0,-
12345761111111,4706310,11,14956,89724,0,-
12346571111231,4009031,11,12733,76379,0,-
12346751113133,1738109,11,5514,33066,0,-
12347561112212,1633956,11,5183,31082,0,-
12347651111111,6220972,11,19786,118704,0,-
12347651122112,1523148,11,4831,28971,0,-
12347651133311,1340174,11,4252,25489,0,-
12347652111221,805242,11,2550,15278,0,-
12347652123233,1455949,11,4620,27699,0,-
12347652123332,1786941,11,5670,34008,0,-
12347652223232,984625,11,3120,18696,0,-
12347653111133,940963,11,2981,17869,0,-
12347653132223,1305108,11,4138,24816,0,-
12347653132322,1297929,11,4117,24680,0,-
12347653332323,1056939,11,3350,20079,0,-
12354671111111,2091934,11,6645,39852,0,-
12354761112323,4957264,11,15767,94586,0,-
12354762121112,1740189,11,5521,33107,0,-
12354762121211,1519641,11,4818,28895,0,-
12354762311123,1306426,11,4142,24833,0,-
12354763131131,1435185,11,4550,27276,0,-
12354763133111,1324023,11,4197,25168,0,-
12354763211123,1403653,11,4450,26681,0,-
12356471113133,1885863,11,5983,35886,0,-
12356741133131,1330671,11,4201,25189,0,-
12356741313131,1288125,11,4067,24384,0,-
12356743113131,1281633,11,4045,24255,0,-
12357461111222,2146500,11,6813,40868,0,-
12357461113331,2034538,11,6456,38723,0,-
12357462211112,1550284,11,4918,29484,0,-
12357641113331,1776825,11,5636,33798,0,-
12364571112212,2182868,11,6928,41554,0,-
12364751112212,1921865,11,6101,36594,0,-
12364751113133,1841582,11,5844,35046,0,-
12364753311131,1327588,11,4210,25234,0,-
12365471111111,3949332,11,12570,75404,0,-
12365471211122,1583057,11,5025,30136,0,-
12365471313113,953429,11,3022,18109,0,-
12365472223232,901625,11,2856,17114,0,-
12365472321233,1118021,11,3543,21246,0,-
12365473232312,1053554,11,3339,20012,0,-
12365473332323,1138663,11,3611,21651,0,-
12365741113331,1947897,11,6181,37070,0,-
12367451123333,1529165,11,4829,28952,0,-
12367451132222,1396974,11,4409,26435,0,-
12367451213333,1235062,11,3895,23348,0,-
12367451312222,1958715,11,6188,37115,0,-
12367452113333,1794147,11,5669,33997,0,-
12367453112222,1418601,11,4477,26841,0,-
12367541112212,2042082,11,6476,38849,0,-
12367541113331,2490467,11,7903,47406,0,-
12367541331131,1135345,11,3596,21567,0,-
12374561121212,1367393,11,4321,25901,0,-
12374561211212,1203393,11,3797,22759,0,-
12374562111212,1557632,11,4921,29505,0,-
12374651111222,2099384,11,6659,39935,0,-
12375461111222,2022542,11,6420,38501,0,-
12375641113112,1970017,11,6249,37478,0,-
12376451111222,2172594,11,6893,41341,0,-
12376451113133,2160264,11,6857,41133,0,-
12376451221211,1432386,11,4543,27236,0,-
12376541112323,3914995,11,12457,74730,0,-
12376541232233,1945678,11,6168,36999,0,-
12376541322233,1215962,11,3852,23098,0,-
12376542121232,1493037,11,4737,28398,0,-
12376542123212,1404135,11,4454,26705,0,-
12376543133132,1458085,11,4621,27715,0,-
12376543133231,1308255,11,4147,24858,0,-
12456731132321,1978589,11,6271,37605,0,-
12456731233223,1838087,11,5835,34997,0,-
12456733223321,1019704,11,3231,19372,0,-
12463751231231,1310985,11,4150,24878,0,-
12467351131121,1311160,11,4158,24925,0,-
12467351231321,1319895,11,4187,25099,0,-
12473561132123,1162529,11,3683,22086,0,-
12536741112323,1687309,11,5359,32141,0,-
12537461332112,1548662,11,4908,29429,0,-
12543671111111,1997990,11,6348,38078,0,-
12543671211212,1037628,11,3288,19708,0,-
12543671331113,1995004,11,6339,38014,0,-
12543672121121,1196244,11,3792,22735,0,-
12543672321332,923123,11,2924,17522,0,-
12543672322232,1182448,11,3749,22476,0,-
12543672331232,1062403,11,3370,20198,0,-
12543673111331,1064185,11,3374,20221,0,-
12543673221323,1329782,11,4219,25294,0,-
12543673231223,796719,11,2523,15115,0,-
12543673233323,1705605,11,5411,32449,0,-
12546371221331,1170860,11,3707,22225,0,-
12563472131213,1523079,11,4826,28938,0,-
12563473131212,1567061,11,4969,29794,0,-
12564733323122,1052726,11,3333,19973,0,-
12567433232333,1242767,11,3942,23623,0,-
12576343212221,1039385,11,3288,19709,0,-
12637451132111,2187259,11,6942,41638,0,-
12637451332112,1347730,11,4276,25628,0,-
12643571321321,850487,11,2689,16107,0,-
12645371131121,2194698,11,6968,41784,0,-
12673542331133,1504079,11,4761,28551,0,-
12734561112323,1676730,11,5325,31934,0,-
12734561322233,1812202,11,5754,34507,0,-
12734562313223,1191737,11,3780,22660,0,-
12745631111111,4876416,11,15489,92918,0,-
12745632111122,1109325,11,3518,21084,0,-
12745632212213,1581754,11,5017,30088,0,-
12745632222221,899667,11,2851,17079,0,-
12745632232211,1034990,11,3281,19657,0,-
12745633131131,1343670,11,4258,25534,0,-
12745633313312,911562,11,2886,17296,0,-
12745633313333,2172686,11,6903,41405,0,-
12745633323311,873800,11,2767,16582,0,-
12753462231323,1200266,11,3801,22788,0,-
12763452322232,1191571,11,3779,22657,0,-
12765432121313,1500822,11,4757,28531,0,-
12765432222212,2292235,11,7269,43599,0,-
12765433121213,1555546,11,4928,29552,0,-
12765433331333,1422192,11,4503,27007,0,-
13245671321111,1744179,11,5532,33176,0,-
13246571111111,2176220,11,6913,41466,0,-
13246571112233,1270272,11,4024,24127,0,-
13246571113232,1957652,11,6203,37209,0,-
13246572321332,1386570,11,4396,26353,0,-
13246572331232,917188,11,2905,17404,0,-
13246573221233,869504,11,2753,16483,0,-
13246573321223,1346149,11,4267,25583,0,-
13246752133211,1256985,11,3977,23853,0,-
13247563212131,1131069,11,3575,21440,0,-
13254761322233,1648096,11,5226,31348,0,-
13254761323322,1503343,11,4768,28584,0,-
13254762321233,1314204,11,4164,24969,0,-
13254763323122,1296381,11,4107,24629,0,-
13257641112233,1756904,11,5570,33407,0,-
13265741112323,2362081,11,7495,44956,0,-
13265742131312,1499383,11,4751,28489,0,-
13267451122211,1605529,11,5090,30527,0,-
13267451311133,1119985,11,3550,21280,0,-
13267541111132,1244877,11,3937,23598,0,-
13267541232212,964256,11,3048,18271,0,-
13274651112323,1827817,11,5798,34775,0,-
13275461112233,1249840,11,3959,23733,0,-
13275463213211,1348745,11,4272,25619,0,-
13275641112233,1974335,11,6255,37504,0,-
13275641112323,2059243,11,6529,39151,0,-
13275642131333,1381145,11,4369,26197,0,-
13275643212221,1283575,11,4058,24325,0,-
13276451113211,1846117,11,5843,35038,0,-
13276451233133,1102930,11,3487,20896,0,-
13276541133122,1644180,11,5213,31258,0,-
13276541213312,2024015,11,6418,38487,0,-
13276541321123,1699169,11,5389,32314,0,-
13276541322311,1659359,11,5260,31534,0,-
13276541323112,1474842,11,4678,28048,0,-
13276541323322,1542969,11,4894,29347,0,-
13276542323312,1065994,11,3377,20246,0,-
13276543323122,1260842,11,3995,23954,0,-
13462571111111,3053757,11,9718,58292,0,-
13462572213311,1304974,11,4138,24820,0,-
13527461211113,1637237,11,5193,31143,0,-
13542671231231,1526055,11,4840,29018,0,-
13546271213213,1075510,11,3406,20418,0,-
13546271231231,1724860,11,5467,32781,0,-
13546271321321,1201038,11,3801,22787,0,-
13572641122133,3609154,11,11471,68815,0,-
13576241312213,2060914,11,6530,39174,0,-
13576241321321,1044836,11,3303,19796,0,-
13627451332112,1247333,11,3949,23679,0,-
13642571221223,1813616,11,5734,34386,0,-
13642571223221,1550367,11,4895,29350,0,-
13642573221221,1487368,11,4694,28146,0,-
13645271221331,1359995,11,4311,25848,0,-
13647521111111,1624436,11,5161,30944,0,-
13675241112323,1923610,11,6105,36617,0,-
13675242331313,1374233,11,4357,26127,0,-
13725642332132,1041758,11,3300,19782,0,-
13754262123323,2062064,11,6522,39112,0,-
13762451321321,1375890,11,4357,26121,0,-
13764251211311,1086281,11,3445,20643,0,-
13764252323231,979410,11,3102,18592,0,-
13765422121211,1045034,11,3305,19809,0,-
14263751131121,1364038,11,4325,25938,0,-
14267351321321,1331542,11,4215,25268,0,-
14275633323122,1048136,11,3320,19902,0,-
14325671111111,4375495,11,13890,83322,0,-
14325672112121,1271719,11,4032,24180,0,-
14325672231323,1019193,11,3229,19360,0,-
14325672323222,1240240,11,3935,23591,0,-
14325673123232,973605,11,3085,18492,0,-
14325673232333,1218880,11,3867,23178,0,-
14325673311131,1393274,11,4417,26491,0,-
14327652131213,1448525,11,4590,27524,0,-
14327653121213,1421943,11,4508,27037,0,-
14352672212111,1028226,11,3257,19520,0,-
14356721112323,1189489,11,3773,22622,0,-
14356721322233,2263544,11,7187,43109,0,-
14367252322232,1183177,11,3753,22497,0,-
14367523311113,1962563,11,6217,37289,0,-
14523672121313,1798179,11,5704,34210,0,-
14523673121312,1522007,11,4818,28900,0,-
14527631121311,2588458,11,8224,49326,0,-
14527631131211,2497256,11,7934,47587,0,-
14527631133311,984236,11,3122,18695,0,-
14527631211131,1594386,11,5057,30326,0,-
14527631311121,2052049,11,6517,39081,0,-
14527632122213,1149806,11,3646,21851,0,-
14527632212111,1042770,11,3305,19810,0,-
14527632333332,1438394,11,4560,27342,0,-
14527633132322,1089833,11,3455,20710,0,-
14527633312133,964989,11,3057,18321,0,-
14536273311311,1031315,11,3264,19563,0,-
14537622231323,1118791,11,3545,21246,0,-
14563272323222,885420,11,2804,16800,0,-
14567231312213,2675609,11,8491,50936,0,-
14567231321123,1484909,11,4702,28193,0,-
14573261333111,1757176,11,5572,33416,0,-
14625731111111,3154095,11,10028,60151,0,-
14625731131121,2834131,11,8999,53978,0,-
14625731322233,1650044,11,5233,31374,0,-
14625732112121,1015734,11,3218,19288,0,-
14625732113321,1362100,11,4316,25884,0,-
14625732213323,1306437,11,4143,24837,0,-
14625732233111,1269716,11,4025,24128,0,-
14625733133111,894977,11,2835,16987,0,-
14632571111111,2690942,11,8543,51243,0,-
14632571321132,1443484,11,4577,27448,0,-
14652733321331,976728,11,3086,18492,0,-
14673251111111,3073206,11,9775,58635,0,-
14723651111213,1239050,11,3930,23568,0,-
14723651111312,2039613,11,6473,38829,0,-
14723651112131,2094808,11,6654,39915,0,-
14723651113121,1228825,11,3899,23376,0,-
14723651211212,1038820,11,3292,19733,0,-
14723652322121,1005209,11,3185,19092,0,-
14723652331232,1185699,11,3758,22531,0,-
14723653232222,1097292,11,3478,20851,0,-
14723653313111,952135,11,3019,18090,0,-
14723653321313,1409242,11,4467,26789,0,-
14725361111111,1324478,11,4203,25204,0,-
14725361111123,1412515,11,4479,26860,0,-
14725361322332,1203958,11,3814,22865,0,-
14725362211121,1124826,11,3563,21360,0,-
14725363211213,1667107,11,5289,31719,0,-
14725363213121,1163582,11,3688,22107,0,-
14725363223213,1210897,11,3837,23006,0,-
14725363311113,1503099,11,4767,28573,0,-
14726531223122,1444854,11,4580,27464,0,-
14726531232122,1877145,11,5956,35723,0,-
14726531233313,1365852,11,4330,25968,0,-
14726531333312,1138049,11,3604,21612,0,-
14726532232313,1087487,11,3446,20659,0,-
14726533323122,902860,11,2860,17134,0,-
14735621221112,1098968,11,3482,20876,0,-
14735621223113,1056561,11,3346,20057,0,-
14735621223332,1950833,11,6186,37104,0,-
14735621233112,1682761,11,5337,32002,0,-
14735621323112,1813662,11,5753,34498,0,-
14735621332112,1035018,11,3279,19649,0,-
14735621333111,1114354,11,3532,21167,0,-
14735621333222,1486293,11,4714,28267,0,-
14736251111132,1192031,11,3778,22647,0,-
14736251112332,1511521,11,4794,28750,0,-
14736253222223,955156,11,3023,18128,0,-
14736521132222,1350097,11,4280,25654,0,-
14736521133131,1252067,11,3968,23787,0,-
14736521211212,1067542,11,3382,20269,0,-
14736521213333,1199304,11,3799,22767,0,-
14736521221313,1548761,11,4906,29425,0,-
14736521321231,1634926,11,5180,31071,0,-
14736521322233,1201232,11,3807,22822,0,-
14736521332121,2116342,11,6713,40257,0,-
14736523112222,856061,11,2708,16226,0,-
14736523113131,814813,11,2579,15449,0,-
14752363222121,1160428,11,3677,22038,0,-
14752363232222,1454790,11,4612,27649,0,-
14752363233131,1237409,11,3921,23496,0,-
14752631111111,2034145,11,6461,38753,0,-
14752631112311,1852161,11,5877,35242,0,-
14752631323223,1733584,11,5503,32997,0,-
14752632332132,1049745,11,3324,19926,0,-
14752633213223,1392691,11,4415,26478,0,-
14752633222223,1409802,11,4471,26811,0,-
14752633223123,1720625,11,5459,32736,0,-
14752633223231,1419799,11,4502,26994,0,-
14753261221112,1493126,11,4737,28401,0,-
14753261323112,2155289,11,6837,41013,0,-
14753261333111,1707729,11,5418,32489,0,-
14762351221331,1193754,11,3779,22656,0,-
14762351321231,2095905,11,6650,39889,0,-
14762351331221,1319892,11,4184,25078,0,-
14763251221223,1936270,11,6118,36692,0,-
14763251222312,1416243,11,4469,26793,0,-
14763251332331,2106607,11,6663,39961,0,-
14763251333123,1092096,11,3442,20633,0,-
14763252322121,1470812,11,4643,27832,0,-
14763253132232,1192124,11,3761,22546,0,-
14763253133132,1205686,11,3804,22800,0,-
14763253133222,1487469,11,4695,28156,0,-
14763253133231,1257779,11,3969,23787,0,-
14763253221221,1576901,11,4982,29873,0,-
14763253222112,1683816,11,5318,31891,0,-
14763521113211,1446788,11,4587,27501,0,-
14763521113223,1319388,11,4183,25079,0,-
14763523222331,1257120,11,3984,23884,0,-
14765231111213,1882383,11,5976,35835,0,-
14765231111312,1436634,11,4558,27331,0,-
14765231112131,1452115,11,4608,27630,0,-
14765231113121,1735356,11,5511,33046,0,-
14765231133131,1372283,11,4354,26102,0,-
14765232211211,1115558,11,3536,21202,0,-
14765232232322,913132,11,2893,17335,0,-
14765232331313,1209589,11,3835,22987,0,-
14765233113131,817422,11,2589,15508,0,-
14765233323332,1105395,11,3502,21008,0,-
15236471111111,2576310,11,8187,49107,0,-
15236473231121,1338364,11,4245,25457,0,-
15243671331221,1522929,11,4828,28949,0,-
15246371331332,1860542,11,5881,35269,0,-
15246371332331,1560426,11,4927,29542,0,-
15246372331331,1289665,11,4069,24397,0,-
15267431223113,977063,11,3090,18515,0,-
15273641112323,2701036,11,8578,51447,0,-
15324673113311,1769343,11,5610,33645,0,-
15342671211311,1379570,11,4376,26229,0,-
15346271321321,1018073,11,3222,19310,0,-
15367421211113,1593383,11,5051,30295,0,-
15367421223113,1218202,11,3862,23150,0,-
15367423211123,1422252,11,4512,27052,0,-
15426371111111,1167805,11,3706,22217,0,-
15426371112233,1488410,11,4722,28321,0,-
15463271313113,1707288,11,5413,32462,0,-
15624732123212,1445223,11,4579,27461,0,-
15624732133313,1461075,11,4634,27779,0,-
15624732333332,1221085,11,3869,23193,0,-
15627431223113,1317565,11,4177,25043,0,-
15627431322113,1903201,11,6034,36186,0,-
15627431332112,1667867,11,5293,31740,0,-
15634722123332,1603870,11,5086,30500,0,-
15634722321233,1188647,11,3767,22587,0,-
15637423211123,1520370,11,4819,28901,0,-
15642371111111,3145857,11,9986,59906,0,-
15642372213311,1303268,11,4132,24770,0,-
15642372231332,1060972,11,3359,20127,0,-
15642372331322,960004,11,3042,18228,0,-
15642373212311,1305830,11,4139,24820,0,-
15642373221323,1362486,11,4320,25908,0,-
15642373231223,1012561,11,3205,19213,0,-
15643271221331,1548363,11,4909,29441,0,-
15643271331221,1830863,11,5809,34841,0,-
15643273223111,1453285,11,4611,27643,0,-
15647233213232,984867,11,3115,18674,0,-
15672341113232,1812140,11,5748,34477,0,-
15672341323112,1094854,11,3467,20787,0,-
15672342323312,1244134,11,3942,23638,0,-
15672343213232,1198879,11,3799,22768,0,-
15672433312133,1543592,11,4883,29280,0,-
15724362212132,1065088,11,3366,20183,0,-
15724631111111,2278794,11,7243,43435,0,-
15724631211311,1973567,11,6263,37567,0,-
15724631322233,1940336,11,6157,36926,0,-
15724632123233,1750871,11,5552,33301,0,-
15724632313223,1436026,11,4552,27304,0,-
15724632323231,1267717,11,4018,24085,0,-
15724632323333,1482940,11,4702,28194,0,-
15724633132322,1099183,11,3485,20886,0,-
15734622331223,1186094,11,3753,22492,0,-
15746321111111,1795323,11,5698,34170,0,-
15746321323211,1676767,11,5323,31920,0,-
15746322313112,1290308,11,4093,24543,0,-
15762342122213,1680691,11,5322,31916,0,-
15763241111111,2119750,11,6735,40395,0,-
15763242323132,1006366,11,3189,19110,0,-
16243571132132,936301,11,2964,17765,0,-
16243571231231,1609543,11,5106,30607,0,-
16243571321321,1054582,11,3338,20013,0,-
16245371231231,1622114,11,5141,30830,0,-
16254733312223,2305194,11,7307,43823,0,-
16257431132111,1873582,11,5948,35667,0,-
16257433223123,1086954,11,3443,20649,0,-
16273541122133,2183188,11,6920,41499,0,-
16273541321321,1270561,11,4017,24079,0,-
16275341312213,3297767,11,10482,62885,0,-
16275343122221,1014577,11,3211,19247,0,-
16327453232333,1126448,11,3571,21407,0,-
16342571331221,1328121,11,4205,25218,0,-
16345271111111,3318328,11,10545,63258,0,-
16345271133131,1237338,11,3924,23524,0,-
16345271222111,1580941,11,5015,30078,0,-
16345272322232,1193270,11,3782,22680,0,-
16345272333212,942644,11,2987,17902,0,-
16345273122323,1266978,11,4018,24090,0,-
16345273233323,1785166,11,5663,33962,0,-
16347252131312,1566054,11,4965,29766,0,-
16347253121312,1663921,11,5270,31602,0,-
16357421223113,1318121,11,4171,25017,0,-
16374521112323,1889943,11,6002,36002,0,-
16374523211123,1391815,11,4418,26487,0,-
16423572112121,1183825,11,3748,22470,0,-
16427531211311,2069741,11,6570,39403,0,-
16427531231321,2181513,11,6928,41556,0,-
16427532333233,2086396,11,6616,39673,0,-
16453271111111,2293489,11,7288,43705,0,-
16453271211113,1681235,11,5337,31997,0,-
16453272111131,1135905,11,3601,21580,0,-
16475233132313,1447548,11,4581,27469,0,-
16523473332323,1264651,11,4011,24052,0,-
16523741112212,1193060,11,3778,22646,0,-
16524731112212,1997289,11,6338,38019,0,-
16524731112233,1917617,11,6083,36487,0,-
16524731113133,1377186,11,4367,26179,0,-
16527341111111,1269970,11,4032,24171,0,-
16527431123333,2179924,11,6898,41371,0,-
16527431222132,2039043,11,6447,38662,0,-
16527431312222,2247124,11,7106,42614,0,-
16527431333213,1738153,11,5494,32942,0,-
16527432113333,1701153,11,5378,32250,0,-
16527432211322,1476876,11,4662,27947,0,-
16527432231122,1357225,11,4283,25684,0,-
16527432231332,1571218,11,4962,29751,0,-
16527432331322,1385635,11,4373,26217,0,-
16527432333113,1986019,11,6282,37667,0,-
16527433312133,1126023,11,3553,21288,0,-
16532471111222,1522541,11,4826,28934,0,-
16534271111111,1881382,11,5975,35833,0,-
16534271111132,1171396,11,3716,22270,0,-
16534273211111,1249024,11,3958,23734,0,-
16534723211123,1699159,11,5385,32295,0,-
16537421111222,1215987,11,3856,23112,0,-
16537421113322,1465878,11,4647,27865,0,-
16537421113331,1168405,11,3702,22196,0,-
16537421223113,1008900,11,3193,19134,0,-
16537421233112,1809052,11,5737,34407,0,-
16537421332112,1119782,11,3547,21254,0,-
16542371221331,926289,11,2931,17562,0,-
16542371331221,1267629,11,4016,24078,0,-
16542372112331,1229867,11,3893,23340,0,-
16543271221223,2459809,11,7779,46649,0,-
16543271223221,1588342,11,5015,30074,0,-
16543271331332,2004163,11,6334,37988,0,-
16543271332331,1870167,11,5909,35435,0,-
16543272331331,1361495,11,4299,25763,0,-
16543273221221,1379927,11,4354,26102,0,-
16543721111111,1399251,11,4443,26638,0,-
16543721113211,1300643,11,4125,24732,0,-
16547233332323,1716276,11,5447,32670,0,-
16547321113331,1865751,11,5915,35476,0,-
16572431111111,1538403,11,4882,29280,0,-
16572433213223,1110267,11,3519,21089,0,-
16573241123123,1185053,11,3754,22500,0,-
16573241312312,1051183,11,3330,19954,0,-
16574231113133,1362436,11,4315,25877,0,-
16723451122133,1641717,11,5204,31213,0,-
16723451322311,1400772,11,4436,26602,0,-
16725431121311,2518558,11,8006,48018,0,-
16725431131211,2576860,11,8190,49125,0,-
16725431211122,1153194,11,3654,21917,0,-
16725431211131,2122688,11,6740,40425,0,-
16725431311121,1417146,11,4496,26952,0,-
16725432211121,1252562,11,3972,23816,0,-
16725432232223,904870,11,2868,17185,0,-
16725433113311,962125,11,3049,18272,0,-
16725433122212,954112,11,3024,18128,0,-
16725433333232,956654,11,3032,18169,0,-
16735242122213,1345114,11,4254,25506,0,-
16742352232313,1519161,11,4818,28886,0,-
16743252323222,969027,11,3070,18395,0,-
16745232121313,1529159,11,4846,29062,0,-
16745232122222,1365309,11,4328,25944,0,-
16745233121213,1260858,11,3995,23949,0,-
16745233333313,2445433,11,7758,46542,0,-
16753241221112,1714968,11,5438,32613,0,-
17246351111111,3324369,11,10581,63464,0,-
17265433111313,2169861,11,6873,41214,0,-
17324561211323,1740164,11,5519,33093,0,-
17324561232332,1153915,11,3657,21927,0,-
17326452212111,1579393,11,5001,29985,0,-
17356241212313,1427412,11,4529,27149,0,-
17356242211331,2153249,11,6831,40961,0,-
17362451211311,1294601,11,4106,24622,0,-
17362451231321,1184692,11,3754,22509,0,-
17362452213311,1484689,11,4703,28201,0,-
17364251231231,1199860,11,3795,22753,0,-
17423653213232,1161293,11,3679,22052,0,-
17425631122112,1484677,11,4709,28235,0,-
17425631223113,1346170,11,4267,25586,0,-
17425631313113,1407190,11,4462,26753,0,-
17425631322113,1876439,11,5951,35686,0,-
17425631322332,2034849,11,6455,38710,0,-
17425631323112,1422692,11,4509,27037,0,-
17425631323223,1397228,11,4430,26566,0,-
17425631332112,1420216,11,4504,27002,0,-
17426531112233,1707006,11,5414,32476,0,-
17426531121212,1147276,11,3634,21786,0,-
17426531132312,1573647,11,4988,29908,0,-
17426531213123,1679324,11,5324,31926,0,-
17426531223221,1009509,11,3197,19152,0,-
17426531232233,2297867,11,7291,43734,0,-
17426531313131,1350852,11,4281,25663,0,-
17426531331332,1291690,11,4092,24535,0,-
17426532121211,1022103,11,3239,19406,0,-
17426532331331,1059109,11,3355,20098,0,-
17435622211133,1994449,11,6319,37899,0,-
17435623211123,1955016,11,6194,37152,0,-
17436521323232,1469862,11,4659,27947,0,-
17452363213232,1186092,11,3759,22536,0,-
17452363322132,1042854,11,3305,19807,0,-
17452633213232,947884,11,2993,17944,0,-
17453262211133,1230672,11,3899,23366,0,-
17462352213311,1744399,11,5533,33174,0,-
17463251122112,1638731,11,5199,31176,0,-
17463251221331,1318375,11,4178,25046,0,-
17463251313113,1698895,11,5390,32318,0,-
17463251321231,1414649,11,4487,26902,0,-
17463251323112,1957496,11,6209,37242,0,-
17463251331221,1386509,11,4394,26346,0,-
17526431131121,1410613,11,4469,26804,0,-
17526431231321,1520961,11,4823,28914,0,-
17526432123233,1787197,11,5666,33987,0,-
17543261111111,3948425,11,12560,75340,0,-
17543261132111,1282841,11,4069,24386,0,-
17642531111111,1573333,11,4997,29960,0,-
17642531112233,1864347,11,5914,35465,0,-
17642533312211,908570,11,2877,17248,0,-
17643251122112,1406273,11,4456,26718,0,-
21345671111111,1919265,11,6095,36543,0,-
21345762223322,1674672,11,5300,31783,0,-
21345762312323,1853305,11,5869,35198,0,-
21345762313223,1617617,11,5123,30719,0,-
21345763332233,1256944,11,3979,23852,0,-
21346752313322,1947181,11,6173,37022,0,-
21347562312323,2586440,11,8202,49192,0,-
21354671122112,1205229,11,3821,22900,0,-
21354671131313,1262634,11,4001,23994,0,-
21354671221112,779893,11,2467,14782,0,-
21354672311123,2095132,11,6647,39871,0,-
21354672311132,2157271,11,6847,41063,0,-
21354672313211,4546260,11,14430,86567,0,-
21354673131113,1222147,11,3874,23225,0,-
21354761112233,1820299,11,5775,34628,0,-
21354761112311,1332255,11,4223,25321,0,-
21354761113211,1835187,11,5821,34909,0,-
21354761113322,1386170,11,4394,26346,0,-
21354761122211,1400077,11,4438,26605,0,-
21354761133311,1181341,11,3745,22448,0,-
21354762213311,2103660,11,6678,40048,0,-
21354763312211,1523835,11,4830,28963,0,-
21357462311111,1979157,11,6266,37575,0,-
21357463213331,1020130,11,3224,19321,0,-
21357642221132,1232710,11,3901,23386,0,-
21364752311111,1770422,11,5606,33619,0,-
21364753212212,890326,11,2813,16852,0,-
21365742221312,1003271,11,3177,19041,0,-
21365742312323,1788124,11,5669,34001,0,-
21367451311331,1138450,11,3608,21629,0,-
21367452112112,1305485,11,4138,24806,0,-
21374653333121,1140130,11,3607,21621,0,-
21375462312233,1232877,11,3905,23415,0,-
21375463333211,1579350,11,5006,30026,0,-
21376541111123,1424919,11,4517,27079,0,-
21376541112311,1443671,11,4576,27444,0,-
21376541122211,1473353,11,4668,27987,0,-
21376541131133,1274083,11,4040,24217,0,-
21457631321123,2106883,11,6682,40079,0,-
21473563331312,1357371,11,4293,25749,0,-
21536742222131,1550213,11,4906,29418,0,-
21654372231323,1394404,11,4420,26510,0,-
21654372233321,1321249,11,4187,25107,0,-
21654373332122,1351947,11,4283,25674,0,-
21654373332221,1406675,11,4458,26732,0,-
21734652123131,971702,11,3081,18463,0,-
23147562123131,1849793,11,5862,35163,0,-
23147651112323,1348287,11,4275,25636,0,-
23147652312323,1096500,11,3473,20817,0,-
23156471222132,1037196,11,3285,19687,0,-
23156471333132,1518679,11,4818,28884,0,-
23156473323332,1034812,11,3278,19651,0,-
23157461231333,1089763,11,3449,20673,0,-
23157462131123,1961814,11,6217,37284,0,-
23164573213133,904276,11,2859,17122,0,-
23164752131312,1748365,11,5543,33247,0,-
23164753333313,1244583,11,3944,23646,0,-
23165471111111,1252056,11,3974,23823,0,-
23165471311133,1075768,11,3410,20437,0,-
23165471312132,1027999,11,3258,19526,0,-
23165472111122,1276760,11,4047,24267,0,-
23165472111332,1057935,11,3353,20091,0,-
23165472132332,2399362,11,7619,45690,0,-
23165472311111,1351372,11,4285,25696,0,-
23165473233221,1733720,11,5496,32959,0,-
23165741112323,1435621,11,4549,27278,0,-
23165741231312,1242957,11,3932,23575,0,-
23165742123131,1830870,11,5802,34803,0,-
23165742131321,2236963,11,7086,42502,0,-
23165742131333,2753180,11,8723,52332,0,-
23165742312323,1653652,11,5237,31394,0,-
23165743331312,1958839,11,6201,37191,0,-
23167541233322,1157155,11,3664,21971,0,-
23167542131222,2827012,11,8980,53867,0,-
23174652123131,1902995,11,6036,36202,0,-
23175463211222,912301,11,2882,17278,0,-
23176452132221,1589860,11,5035,30184,0,-
23176453332233,1113355,11,3523,21118,0,-
23416752121211,1757259,11,5562,33360,0,-
23417563232123,1348132,11,4274,25629,0,-
23456173212332,1331255,11,4217,25289,0,-
23456173233122,1522250,11,4825,28936,0,-
23456713212332,1312155,11,4158,24920,0,-
23475162121112,1960955,11,6210,37239,0,-
23517462131333,2103245,11,6661,39953,0,-
23576412233321,966766,11,3061,18344,0,-
23576412312323,1247321,11,3953,23699,0,-
23657142121112,1568498,11,4965,29770,0,-
23671452122333,2103692,11,6654,39910,0,-
23674153232321,1319528,11,4187,25100,0,-
23751461132123,1412019,11,4479,26852,0,-
23751463112321,1397415,11,4433,26577,0,-
23756143222331,1207067,11,3819,22907,0,-
23756411222312,1372812,11,4337,25998,0,-
23756413222112,1674150,11,5294,31746,0,-
23756413223312,1638625,11,5182,31071,0,-
23756413322312,1353892,11,4272,25614,0,-
24153672321233,1292738,11,4095,24548,0,-
24157361313212,1278639,11,4054,24306,0,-
24157362323111,1881438,11,5971,35813,0,-
24167353132232,1690290,11,5345,32061,0,-
24173652323231,1213957,11,3851,23085,0,-
24315673311311,2239550,11,7103,42609,0,-
24315761122322,1383449,11,4383,26285,0,-
24315762213323,3033113,11,9641,57829,0,-
24351671212211,1577206,11,4999,29984,0,-
24351673111133,1898316,11,6020,36115,0,-
24351673311311,2177671,11,6907,41427,0,-
24351761111123,3992867,11,12676,76042,0,-
24351761212232,1191588,11,3769,22599,0,-
24367511323112,1604017,11,5085,30494,0,-
24367513111121,1287977,11,4084,24483,0,-
24376512222122,1662695,11,5261,31550,0,-
24516732233111,1863533,11,5911,35445,0,-
24531673123121,1689628,11,5352,32096,0,-
24536713231232,1205098,11,3811,22851,0,-
24537613231322,1501004,11,4755,28512,0,-
24561372111131,1972545,11,6262,37552,0,-
24563711121212,1389885,11,4396,26364,0,-
24563712121232,1646972,11,5213,31263,0,-
24563713121222,1817488,11,5750,34488,0,-
24571362221213,2147883,11,6806,40817,0,-
24571631121212,1225915,11,3878,23247,0,-
24615371112332,1337849,11,4240,25419,0,-
24615372213311,3364620,11,10668,63995,0,-
24615731122313,3395654,11,10778,64663,0,-
24615731132333,4520190,11,14352,86107,0,-
24615732111323,1733761,11,5484,32896,0,-
24615732213311,1815636,11,5751,34487,0,-
24615732233321,2103198,11,6662,39956,0,-
24615733113323,1772390,11,5609,33640,0,-
24615733311122,1663472,11,5270,31602,0,-
24617532233321,2530534,11,8029,48148,0,-
24637512311132,1501774,11,4760,28536,0,-
24651731113223,1494899,11,4735,28397,0,-
24651731333333,1616793,11,5128,30759,0,-
24715363311332,1084999,11,3429,20559,0,-
24715631111111,992584,11,3147,18871,0,-
24715631122121,1271958,11,4028,24144,0,-
24715631122133,2493573,11,7924,47523,0,-
24715632313223,1405105,11,4455,26709,0,-
24715633112111,892225,11,2826,16933,0,-
24715633131131,1317375,11,4172,25009,0,-
24716532323231,1303228,11,4120,24697,0,-
24731561111111,4291847,11,13642,81840,0,-
24731562311231,1359044,11,4308,25832,0,-
24736512222332,2617857,11,8301,49794,0,-
24751362221231,2549099,11,8078,48450,0,-
24751362321113,2164937,11,6853,41097,0,-
24761531221223,1831483,11,5800,34785,0,-
24763151111111,1002775,11,3182,19071,0,-
24765313222112,1218531,11,3852,23089,0,-
25134672233321,1174846,11,3724,22320,0,-
25134672312323,1362543,11,4323,25923,0,-
25134672313211,1784540,11,5669,34001,0,-
25137461111111,2382415,11,7572,45414,0,-
25137461211323,1120612,11,3552,21282,0,-
25163741112323,1672026,11,5305,31809,0,-
25314673111313,2932608,11,9282,55669,0,-
25314673111331,2764284,11,8745,52453,0,-
25314673131311,2182612,11,6898,41371,0,-
25341673113311,2072727,11,6568,39396,0,-
25341762313223,2147178,11,6804,40804,0,-
25364172311231,2656781,11,8429,50558,0,-
25364173223231,1359129,11,4311,25844,0,-
25367411211122,1210384,11,3833,22974,0,-
25413672323111,3422804,11,10866,65183,0,-
25413763121222,1179873,11,3733,22373,0,-
25436711311313,1281999,11,4064,24366,0,-
25436712123122,1360817,11,4314,25866,0,-
25436712123332,1432817,11,4545,27246,0,-
25436712132122,1576088,11,4996,29963,0,-
25436712323231,1095278,11,3472,20809,0,-
25436713232321,1071749,11,3396,20351,0,-
25436713332122,1106959,11,3505,21016,0,-
25463713212332,1044756,11,3300,19782,0,-
25471362323132,1502835,11,4768,28591,0,-
25471631312213,2244540,11,7117,42685,0,-
25631741212121,2150834,11,6807,40827,0,-
25634713321232,1200107,11,3800,22775,0,-
25641371213132,1205563,11,3815,22872,0,-
25714632123131,1594088,11,5054,30305,0,-
25714632223331,1414735,11,4482,26878,0,-
25714632313211,4753648,11,15097,90573,0,-
25714633121333,1598094,11,5069,30400,0,-
25716431212223,1679457,11,5320,31906,0,-
25716433223213,1137882,11,3601,21580,0,-
25731642232211,2258280,11,7150,42878,0,-
25734162221111,1225861,11,3883,23271,0,-
25734613113323,1451867,11,4597,27567,0,-
25736141111123,1622751,11,5142,30836,0,-
25736141233232,1229200,11,3889,23324,0,-
25736411133113,1042805,11,3301,19784,0,-
25736411231321,1293780,11,4099,24582,0,-
25736411321312,2018739,11,6408,38430,0,-
25736411331113,1212114,11,3841,23024,0,-
25736413123112,1335128,11,4230,25368,0,-
25741361232113,1564652,11,4960,29741,0,-
25741632222323,1491047,11,4727,28349,0,-
25741632312323,1435803,11,4551,27294,0,-
25743611233232,1090912,11,3449,20675,0,-
25763142223133,1675779,11,5310,31846,0,-
25763411332322,1317614,11,4176,25039,0,-
26135742132221,1826741,11,5790,34736,0,-
26135742213323,1758160,11,5580,33457,0,-
26135742332312,2601522,11,8259,49538,0,-
26153471122121,1092137,11,3459,20733,0,-
26153473131131,1308066,11,4145,24851,0,-
26153473132121,1326070,11,4203,25193,0,-
26154372332213,3519204,11,11154,66906,0,-
26175432331133,1848112,11,5854,35106,0,-
26317451212211,2668563,11,8469,50802,0,-
26345711223113,833245,11,2639,15810,0,-
26371453112111,1374728,11,4360,26144,0,-
26415731322323,1585050,11,5026,30144,0,-
26415732121223,1249227,11,3956,23727,0,-
26415732233321,1480998,11,4692,28133,0,-
26435712222122,3169563,11,10047,60271,0,-
26435712233321,1500195,11,4748,28472,0,-
26435712311132,1932211,11,6124,36726,0,-
26435712322322,3133021,11,9932,59587,0,-
26435713311122,1692865,11,5363,32157,0,-
26435713333133,1436875,11,4546,27254,0,-
26437512122312,2081959,11,6603,39608,0,-
26453172211133,2142631,11,6796,40759,0,-
26453711333333,1149504,11,3639,21817,0,-
26513471122121,1251450,11,3965,23769,0,-
26517343333313,1452175,11,4597,27560,0,-
26534713333313,1606975,11,5094,30539,0,-
26543171111111,1233085,11,3915,23467,0,-
26543171123111,923635,11,2928,17538,0,-
26547313131323,1250667,11,3955,23715,0,-
26573413331312,1265444,11,4005,23998,0,-
26714531212133,2540369,11,8064,48372,0,-
26714532121133,1280613,11,4053,24301,0,-
26715433231322,1146701,11,3631,21770,0,-
26741351232113,1286105,11,4080,24451,0,-
26743512121232,1761298,11,5577,33450,0,-
27134561131133,1653408,11,5243,31436,0,-
27154632311132,990122,11,3139,18811,0,-
27314652313211,3695848,11,11762,70559,0,-
27365412321212,1907222,11,6041,36231,0,-
27415363131113,1447049,11,4579,27451,0,-
27415632323231,1701193,11,5385,32290,0,-
27415633321322,1653749,11,5236,31400,0,-
27416532133232,1157265,11,3667,21986,0,-
27416533321232,1366532,11,4331,25966,0,-
27435612122222,2045809,11,6490,38932,0,-
27453161123111,1114221,11,3533,21179,0,-
27453161132111,1061090,11,3360,20158,0,-
27456133132223,1445835,11,4581,27470,0,-
27516341111111,1632954,11,5190,31107,0,-
27534161111111,2046278,11,6505,39007,0,-
27534161111123,1514427,11,4799,28777,0,-
27534162311111,1282251,11,4064,24369,0,-
27534612311132,1616673,11,5125,30733,0,-
27536412332312,2633049,11,8360,50146,0,-
27543611111123,1418984,11,4496,26963,0,-
27543611111132,1147664,11,3639,21809,0,-
27546312231122,2251509,11,7126,42737,0,-
27613543333133,1235602,11,3909,23425,0,-
27614353311332,1310726,11,4146,24857,0,-
27615431312333,1642363,11,5202,31198,0,-
27615432113321,2017156,11,6396,38351,0,-
27615433313213,1022833,11,3239,19400,0,-
27634511131133,1265068,11,4011,24044,0,-
27634512233321,1384129,11,4388,26310,0,-
27643513311233,2032331,11,6434,38594,0,-
31246753312211,1954282,11,6191,37134,0,-
31247651113232,1367383,11,4335,26001,0,-
31247651323232,1251789,11,3964,23769,0,-
31256471231222,956767,11,3023,18120,0,-
31257462222221,1454773,11,4608,27638,0,-
31257462312311,2103108,11,6670,40013,0,-
31257643311122,1302992,11,4126,24740,0,-
31264572122213,1411250,11,4474,26829,0,-
31264573132313,910094,11,2882,17275,0,-
31264573222223,888270,11,2811,16847,0,-
31264752132122,1104865,11,3495,20948,0,-
31264752313121,2694229,11,8554,51314,0,-
31265471111111,1377162,11,4370,26208,0,-
31265471122112,1452528,11,4605,27613,0,-
31265471122133,1547574,11,4910,29436,0,-
31265471312213,1339511,11,4247,25465,0,-
31265471313113,1293111,11,4099,24574,0,-
31265471321111,1018974,11,3228,19351,0,-
31265472233321,2167261,11,6874,41232,0,-
31265472312233,1414593,11,4487,26902,0,-
31265741233331,1213012,11,3836,22990,0,-
31267542222233,1437005,11,4549,27274,0,-
31267542313133,2399255,11,7610,45642,0,-
31275461112233,1437581,11,4548,27266,0,-
31275461322233,1507719,11,4768,28598,0,-
31275462133211,1329483,11,4207,25217,0,-
31275462223211,1358299,11,4297,25763,0,-
31275462311213,2610658,11,8276,49655,0,-
31275462312212,2628245,11,8334,49988,0,-
31275463311122,2167060,11,6862,41154,0,-
31276452133322,1060368,11,3357,20128,0,-
31276452313313,2523936,11,8008,48035,0,-
31452671323211,1648948,11,5232,31377,0,-
31452671332232,1341744,11,4255,25512,0,-
31452672322331,1187058,11,3761,22553,0,-
31456722111221,1337797,11,4240,25421,0,-
31462751111111,2091014,11,6643,39845,0,-
31462751113322,1475667,11,4679,28061,0,-
31475261322233,1544897,11,4895,29361,0,-
31475262331313,2603764,11,8267,49592,0,-
31475262333221,1554554,11,4927,29555,0,-
31524673332122,2307722,11,7312,43862,0,-
31527643332122,1256316,11,3983,23875,0,-
31564272212111,1586833,11,5026,30139,0,-
31564272213311,1536317,11,4870,29203,0,-
31564273113311,1049464,11,3324,19921,0,-
31572461122133,1777671,11,5642,33833,0,-
31624751112233,1419412,11,4503,27004,0,-
31624753312211,1786831,11,5672,34009,0,-
31627452221333,1487353,11,4703,28200,0,-
31654272313322,1719521,11,5446,32654,0,-
31754621331122,2220944,11,7045,42254,0,-
31765242322121,1658757,11,5250,31483,0,-
32145671111111,2948392,11,9369,56202,0,-
32145671123333,1150457,11,3646,21856,0,-
32145671132222,1174574,11,3722,22318,0,-
32145671221112,1106239,11,3506,21015,0,-
32145671333333,1108813,11,3513,21063,0,-
32145672113333,1044735,11,3311,19848,0,-
32145672212222,987586,11,3130,18763,0,-
32145673112222,1009877,11,3201,19185,0,-
32145673311113,988103,11,3132,18769,0,-
32146751232323,1589215,11,5038,30216,0,-
32146752232223,2257996,11,7171,43004,0,-
32147562313223,1409182,11,4467,26785,0,-
32147562333233,2567072,11,8146,48855,0,-
32147651123333,1370584,11,4328,25947,0,-
32147651132222,1282737,11,4049,24270,0,-
32147651213333,1367281,11,4316,25871,0,-
32147651312222,1207602,11,3811,22849,0,-
32147652113333,1210712,11,3821,22908,0,-
32147652231332,1623908,11,5131,30768,0,-
32147652233213,2142401,11,6774,40628,0,-
32147652331322,1734398,11,5483,32875,0,-
32147652332213,2174971,11,6878,41255,0,-
32147653112222,1262821,11,3985,23892,0,-
32156471111111,2506045,11,7963,47769,0,-
32156471113211,2160593,11,6858,41128,0,-
32156471232332,1441314,11,4569,27393,0,-
32156472312332,1314148,11,4165,24971,0,-
32156472332132,1980787,11,6290,37723,0,-
32156472332321,1480838,11,4694,28154,0,-
32156472333332,2138120,11,6791,40731,0,-
32156473223123,860923,11,2727,16333,0,-
32156741112323,2937457,11,9329,55952,0,-
32156742311123,2088293,11,6632,39779,0,-
32156742313223,2386189,11,7575,45440,0,-
32156742333131,1294657,11,4105,24604,0,-
32157641232323,1859751,11,5901,35392,0,-
32157642231323,1613017,11,5117,30683,0,-
32164571111111,1336223,11,4241,25433,0,-
32164571111231,1083680,11,3434,20584,0,-
32164571232323,1506505,11,4779,28651,0,-
32164572232223,1689517,11,5361,32154,0,-
32164572232313,1639055,11,5200,31184,0,-
32164572233321,1666217,11,5285,31693,0,-
32164572312323,1992804,11,6327,37939,0,-
32164573323212,977366,11,3097,18556,0,-
32165741111111,1601234,11,5078,30462,0,-
32165741111132,1109433,11,3514,21075,0,-
32165741233223,1762828,11,5592,33534,0,-
32165742211112,1360020,11,4310,25845,0,-
32165742331112,1774201,11,5633,33771,0,-
32165743311131,1118351,11,3546,21244,0,-
32167451111111,2738664,11,8703,52199,0,-
32167451213333,1010114,11,3198,19172,0,-
32167451222222,1104581,11,3501,20987,0,-
32167451312222,940918,11,2982,17866,0,-
32167451333111,916680,11,2905,17404,0,-
32167452211121,1012919,11,3211,19246,0,-
32167453222313,855241,11,2710,16232,0,-
32167453313333,978996,11,3103,18599,0,-
32167453321232,1001428,11,3175,19024,0,-
32174561112323,2358955,11,7492,44940,0,-
32174561232113,2031509,11,6446,38662,0,-
32174561232233,1910629,11,6062,36363,0,-
32174562231212,1422735,11,4513,27051,0,-
32174652312332,1666398,11,5286,31706,0,-
32174652332132,1311939,11,4158,24930,0,-
32175461111111,2663024,11,8463,50760,0,-
32175461113112,2234745,11,7092,42532,0,-
32175461221112,968115,11,3067,18379,0,-
32175461333111,960650,11,3045,18241,0,-
32175462233111,1628948,11,5170,30997,0,-
32175462312323,1857305,11,5887,35296,0,-
32416753121222,1872822,11,5928,35558,0,-
32417562113321,1703363,11,5392,32342,0,-
32417652132131,1396930,11,4427,26553,0,-
32417653132121,1221555,11,3874,23220,0,-
32451762331121,1334282,11,4233,25373,0,-
32456173212332,909891,11,2874,17220,0,-
32456711233133,1960161,11,6202,37194,0,-
32465172112121,1080125,11,3423,20511,0,-
32465172132131,967746,11,3065,18364,0,-
32465172133121,1454352,11,4610,27647,0,-
32465172332321,1632887,11,5179,31064,0,-
32465173123121,1047798,11,3318,19887,0,-
32465173132121,1511574,11,4794,28743,0,-
32465173133111,1159546,11,3674,22020,0,-
32465173233221,1130230,11,3579,21459,0,-
32475161232323,1293902,11,4096,24550,0,-
32475163331222,1140734,11,3607,21616,0,-
32476513232231,1032263,11,3270,19604,0,-
32517463131311,2157640,11,6833,40989,0,-
32546713323212,1101345,11,3486,20897,0,-
32547611121113,1298189,11,4115,24682,0,-
32547611131112,1316417,11,4178,25039,0,-
32547611213111,1182311,11,3748,22469,0,-
32547611312111,1212496,11,3844,23045,0,-
32547612111311,1375249,11,4363,26158,0,-
32547613111211,1174134,11,3724,22324,0,-
32561471113133,1254724,11,3981,23859,0,-
32561471121311,1490644,11,4729,28357,0,-
32561471122211,1189027,11,3771,22602,0,-
32561471131211,1141746,11,3619,21696,0,-
32561471211131,1720394,11,5458,32729,0,-
32561471311121,1185605,11,3760,22532,0,-
32561472133313,2113943,11,6717,40282,0,-
32561472213122,1365425,11,4333,25974,0,-
32561473222223,850416,11,2693,16143,0,-
32561473323212,1130795,11,3585,21491,0,-
32567412122222,1141834,11,3618,21678,0,-
32567412131312,2118126,11,6716,40283,0,-
32567412222212,2508314,11,7958,47721,0,-
32567413131212,2039907,11,6475,38836,0,-
32567413133333,1476308,11,4675,28034,0,-
32576142313223,1543783,11,4896,29365,0,-
32615473332122,1096967,11,3476,20838,0,-
32647152133121,1566640,11,4965,29771,0,-
32647153132121,1129267,11,3580,21464,0,-
32647512333233,1853413,11,5874,35223,0,-
32657143121213,2014010,11,6379,38262,0,-
32657412111212,1769682,11,5605,33606,0,-
32671453123313,2041493,11,6464,38779,0,-
32674152113333,2483830,11,7869,47207,0,-
32714652332132,1297637,11,4111,24641,0,-
32716452123212,1897738,11,6010,36051,0,-
32741651121311,1733531,11,5501,32986,0,-
32741651131211,1392976,11,4419,26494,0,-
32741651211131,1643882,11,5218,31295,0,-
32741651311121,1199589,11,3804,22811,0,-
32741652111113,1351563,11,4286,25698,0,-
32741653111112,1573775,11,4993,29946,0,-
32745611223332,1242414,11,3934,23586,0,-
32745612313322,2515909,11,7986,47910,0,-
32745612322331,1203897,11,3811,22847,0,-
32751643321232,1044561,11,3306,19820,0,-
32754163211123,1110836,11,3522,21112,0,-
32756141233121,1516769,11,4802,28798,0,-
32761452121313,2084014,11,6616,39685,0,-
32761452122222,1228177,11,3890,23320,0,-
32761452222212,1125527,11,3563,21365,0,-
32761453121312,2549742,11,8089,48522,0,-
32761453133333,1188356,11,3765,22566,0,-
32765411112221,1152358,11,3655,21909,0,-
32765411121113,1088209,11,3451,20683,0,-
32765411131112,1431731,11,4542,27241,0,-
32765411133113,1156885,11,3669,21982,0,-
32765411331113,912566,11,2890,17317,0,-
32765412221312,1966750,11,6243,37445,0,-
32765412323222,1594347,11,5057,30333,0,-
32765413122212,2048424,11,6506,39020,0,-
32765413223312,943882,11,2990,17920,0,-
32765413231223,1147320,11,3636,21796,0,-
32765413322312,875805,11,2774,16612,0,-
34125672131213,2572752,11,8174,49031,0,-
34125672131312,2876160,11,9137,54814,0,-
34125672221222,1051224,11,3326,19942,0,-
34125673133333,1087273,11,3441,20629,0,-
34127651121113,1116081,11,3538,21208,0,-
34127651131112,1359543,11,4313,25852,0,-
34127651213111,1457856,11,4625,27730,0,-
34127651312111,1096404,11,3475,20830,0,-
34127652111311,1346374,11,4270,25607,0,-
34127653111211,1112671,11,3528,21143,0,-
34162752132212,2178120,11,6896,41359,0,-
34165271112212,1451998,11,4606,27618,0,-
34165271121311,1252750,11,3971,23816,0,-
34165271131211,1802837,11,5721,34310,0,-
34165271211131,1533188,11,4862,29158,0,-
34165271311121,1159438,11,3678,22045,0,-
34165271311133,1166079,11,3700,22180,0,-
34165272323333,2009161,11,6384,38284,0,-
34165273133312,1990663,11,6317,37886,0,-
34165273222322,755173,11,2391,14323,0,-
34165273311131,862471,11,2733,16372,0,-
34167252213323,1507363,11,4779,28650,0,-
34172562132332,2905154,11,9225,55340,0,-
34172562313331,1199608,11,3796,22754,0,-
34175263321232,938664,11,2972,17807,0,-
34216572213122,1929121,11,6108,36638,0,-
34261572132131,1207146,11,3826,22935,0,-
34261572133121,1255526,11,3979,23859,0,-
34261573123121,991228,11,3139,18812,0,-
34265712212132,1713437,11,5422,32506,0,-
34275161312213,1705984,11,5414,32463,0,-
34275162112322,2166366,11,6875,41233,0,-
34275162213221,1741207,11,5521,33110,0,-
34516271111111,1210722,11,3842,23039,0,-
34516272312332,1348893,11,4275,25625,0,-
34516722313223,1636772,11,5184,31089,0,-
34517622231323,1290035,11,4086,24500,0,-
34521672223232,1563453,11,4960,29739,0,-
34526713232312,1412040,11,4479,26845,0,-
34527612211322,2346697,11,7427,44540,0,-
34527612231122,2261893,11,7157,42926,0,-
34527612231332,2431755,11,7691,46138,0,-
34527612331322,2400876,11,7593,45542,0,-
34527613312133,1232770,11,3890,23325,0,-
34561272122123,1652714,11,5222,31317,0,-
34561272122321,1795139,11,5674,34027,0,-
34561272212213,2738198,11,8667,51995,0,-
34561272213122,1410006,11,4452,26691,0,-
34561272232211,2622325,11,8299,49784,0,-
34561273221233,1436727,11,4535,27192,0,-
34561273233131,1465551,11,4627,27740,0,-
34561273311233,1360490,11,4295,25753,0,-
34561273313321,1342564,11,4238,25410,0,-
34561273321133,1281290,11,4046,24247,0,-
34561273321223,1462513,11,4619,27690,0,-
34561721111111,1429717,11,4537,27209,0,-
34562171321111,1056730,11,3348,20064,0,-
34562171321231,1293190,11,4101,24582,0,-
34562172232313,1352013,11,4283,25685,0,-
34567212223232,1765549,11,5600,33586,0,-
34617252111212,1615513,11,5116,30671,0,-
34617252123212,1860823,11,5894,35343,0,-
34617252132212,1717752,11,5436,32598,0,-
34617522221333,1382238,11,4375,26227,0,-
34621572132131,1076486,11,3405,20414,0,-
34625172111212,2451441,11,7776,46638,0,-
34627512232313,1428917,11,4534,27179,0,-
34651271123111,2420994,11,7690,46122,0,-
34651272332132,1465470,11,4647,27864,0,-
34675212222122,2286117,11,7242,43444,0,-
34715262221123,1491711,11,4716,28275,0,-
34716522223211,2261851,11,7172,43023,0,-
34721652121313,1858274,11,5887,35308,0,-
34721652131213,1500969,11,4757,28526,0,-
34721652221222,2259160,11,7164,42973,0,-
34721652222212,2035079,11,6454,38711,0,-
34721653333313,1149443,11,3639,21810,0,-
34725611212211,1242454,11,3938,23611,0,-
34725612111113,1145718,11,3632,21775,0,-
34725612121322,3160490,11,10050,60288,0,-
34725612231212,2181573,11,6928,41552,0,-
34725612231332,2072568,11,6578,39462,0,-
34725612322232,933730,11,2959,17723,0,-
34725612331322,2033668,11,6455,38716,0,-
34725613111112,1287994,11,4083,24483,0,-
34725613111133,1781306,11,5655,33916,0,-
34725613132223,1533113,11,4865,29167,0,-
34725613311113,1321710,11,4191,25127,0,-
34761252323222,889880,11,2819,16883,0,-
35126741232212,1286323,11,4071,24410,0,-
35126742231233,1825002,11,5782,34682,0,-
35127462331331,2331008,11,7383,44284,0,-
35162472122231,1117467,11,3541,21231,0,-
35162472123233,1431064,11,4537,27207,0,-
35162473122221,1219211,11,3863,23166,0,-
35162473323131,1149609,11,3643,21839,0,-
35162473332122,1464596,11,4643,27835,0,-
35162473332131,1589967,11,5043,30240,0,-
35162742213323,1629175,11,5163,30957,0,-
35167242132212,1668313,11,5282,31674,0,-
35172461232323,1481358,11,4688,28120,0,-
35174262213131,1460634,11,4624,27729,0,-
35174262231113,1997308,11,6332,37978,0,-
35246171111111,1522807,11,4839,29009,0,-
35246171113322,1130916,11,3584,21483,0,-
35246172213311,1470451,11,4664,27973,0,-
35267141223233,1703761,11,5407,32426,0,-
35267141321132,2789625,11,8850,53084,0,-
35271461322233,1126383,11,3567,21386,0,-
35416721113112,1391033,11,4410,26445,0,-
35416723232213,1325090,11,4198,25178,0,-
35417622223133,1752308,11,5551,33284,0,-
35426712131132,1870555,11,5930,35564,0,-
35426712311312,2803615,11,8909,53433,0,-
35426713111313,1739349,11,5517,33081,0,-
35426713131113,1351642,11,4284,25679,0,-
35426713312211,1393719,11,4417,26480,0,-
35461271111231,1497117,11,4745,28452,0,-
35461271321231,1005103,11,3184,19083,0,-
35461272222323,1369811,11,4346,26051,0,-
35462171131313,981846,11,3111,18652,0,-
35462171212121,1024717,11,3247,19458,0,-
35462171221223,986153,11,3121,18708,0,-
35462171332331,1407837,11,4464,26762,0,-
35462172213311,1420061,11,4502,26993,0,-
35462172223331,1283439,11,4068,24389,0,-
35462172312131,2334786,11,7417,44484,0,-
35462173123211,1266222,11,4012,24051,0,-
35462173131311,1150225,11,3644,21840,0,-
35462173221221,1058569,11,3350,20083,0,-
35462712322322,1509135,11,4779,28656,0,-
35472163222313,922031,11,2920,17497,0,-
35472163231322,1071982,11,3396,20355,0,-
35476122221111,1391306,11,4411,26441,0,-
35614722321233,1338838,11,4242,25432,0,-
35617423131332,1079251,11,3416,20483,0,-
35624712121232,2151562,11,6810,40844,0,-
35624712321212,2422075,11,7664,45978,0,-
35624712321332,2263844,11,7164,42960,0,-
35624712331232,2059396,11,6513,39064,0,-
35714623111322,1161004,11,3674,22028,0,-
35721642221213,2223517,11,7039,42216,0,-
35762142222113,1474837,11,4669,28004,0,-
36125471111333,1026320,11,3253,19504,0,-
36125471212112,1785870,11,5663,33953,0,-
36125471213111,1603101,11,5091,30525,0,-
36125471222111,1376267,11,4360,26138,0,-
36125471312111,1279695,11,4057,24333,0,-
36125472111311,1794043,11,5698,34167,0,-
36125472121223,1515665,11,4809,28835,0,-
36125473111211,1185420,11,3757,22533,0,-
36125473232222,1765888,11,5606,33616,0,-
36125473323233,1125367,11,3568,21390,0,-
36125743222331,1997440,11,6325,37938,0,-
36127451333222,1324925,11,4196,25162,0,-
36145272122222,1468940,11,4655,27908,0,-
36145272131213,2794879,11,8865,53169,0,-
36145272131312,2087539,11,6623,39723,0,-
36145273333313,1440691,11,4563,27364,0,-
36147251121311,1094308,11,3467,20788,0,-
36147251131211,1832816,11,5819,34895,0,-
36147251211131,1358234,11,4307,25830,0,-
36147251311121,1425405,11,4522,27118,0,-
36147252111113,1611302,11,5112,30652,0,-
36147253111112,1171356,11,3714,22261,0,-
36152741231312,1520643,11,4810,28855,0,-
36152742131321,1879881,11,5959,35739,0,-
36172452133133,2256458,11,7150,42883,0,-
36217452131333,1682135,11,5324,31927,0,-
36217541223311,977603,11,3098,18561,0,-
36217543213112,1243719,11,3943,23636,0,-
36241573212332,1199867,11,3797,22764,0,-
36241753212311,1397040,11,4431,26560,0,-
36415272123212,1420856,11,4498,26964,0,-
36417522123311,1605468,11,5088,30513,0,-
36514272212111,2117258,11,6715,40274,0,-
36521472113321,1495447,11,4739,28422,0,-
36521472331121,1994186,11,6323,37922,0,-
36527411131133,901760,11,2855,17118,0,-
36527412111113,1001439,11,3172,19017,0,-
36527412131222,2053829,11,6517,39089,0,-
36527412211322,2209792,11,7016,42083,0,-
36527412221312,3110342,11,9890,59327,0,-
36527412231122,1962976,11,6232,37377,0,-
36527412322232,1038858,11,3291,19729,0,-
36527413111112,1392183,11,4416,26475,0,-
36527413311311,818909,11,2594,15530,0,-
36541272323222,947253,11,3001,17980,0,-
36542712121322,1463578,11,4634,27786,0,-
36547212121313,2040952,11,6477,38851,0,-
36547212122222,2845621,11,9038,54207,0,-
36547212131312,1556298,11,4932,29568,0,-
36547212221222,1946467,11,6174,37023,0,-
36547213331333,1211395,11,3835,22990,0,-
36712542121112,1590712,11,5028,30151,0,-
36712542121121,1800210,11,5697,34162,0,-
36712542121211,1782859,11,5640,33816,0,-
36712542122111,1296308,11,4093,24535,0,-
36714252232223,1058937,11,3356,20114,0,-
36714521232113,1538792,11,4876,29248,0,-
36714522121322,2111676,11,6699,40185,0,-
36714522122213,1551829,11,4920,29505,0,-
36714523132223,1222172,11,3872,23207,0,-
36714523132322,1000700,11,3169,18988,0,-
36721451131331,1171532,11,3712,22261,0,-
36721452121322,1224185,11,3881,23268,0,-
36721452122123,1022951,11,3242,19428,0,-
36721452122213,1550477,11,4920,29498,0,-
36721452122321,1063321,11,3369,20197,0,-
36721452131111,1803375,11,5725,34331,0,-
36721452223232,1657021,11,5261,31546,0,-
36721453113113,1158680,11,3672,22014,0,-
36721453121111,1620065,11,5137,30812,0,-
36725411121212,1516466,11,4792,28733,0,-
36725411131313,1013001,11,3196,19157,0,-
36725411212121,1232768,11,3892,23333,0,-
36725411313131,1567494,11,4953,29700,0,-
36725412111212,3751324,11,11886,71294,0,-
36725412121112,3671204,11,11635,69791,0,-
36725412121211,1122757,11,3545,21242,0,-
36725412121232,2319966,11,7341,44021,0,-
36725412123212,1624011,11,5132,30767,0,-
36725412321212,3806371,11,12062,72359,0,-
36725413111313,2099808,11,6639,39816,0,-
36725413131113,1848893,11,5844,35048,0,-
36725413131311,1179739,11,3722,22320,0,-
36741252122123,1548076,11,4890,29317,0,-
36741252122321,2252982,11,7132,42767,0,-
36741252122333,1525816,11,4821,28904,0,-
36741252123323,1677904,11,5302,31790,0,-
36741253233131,1558321,11,4924,29525,0,-
36745211211221,926769,11,2937,17596,0,-
36745212121223,1142057,11,3621,21704,0,-
36745212122312,1314916,11,4167,24992,0,-
36745212122333,1211271,11,3841,23032,0,-
36745212123323,1148611,11,3641,21830,0,-
36745212131111,1567812,11,4976,29836,0,-
36745212223232,1999486,11,6351,38088,0,-
36745213121111,1401181,11,4444,26644,0,-
36745213131131,1030282,11,3267,19579,0,-
36745213133111,1110416,11,3520,21094,0,-
36745213232213,1061945,11,3366,20176,0,-
36751243222322,1087134,11,3442,20641,0,-
36752142122132,1678566,11,5323,31919,0,-
36752142123221,1219663,11,3865,23175,0,-
36752143132232,1266475,11,4015,24072,0,-
36752143133222,1024661,11,3241,19429,0,-
36752143211132,1391426,11,4411,26446,0,-
36754123232222,1692286,11,5350,32085,0,-
37246511112233,1257948,11,3986,23906,0,-
37256142321233,1663924,11,5276,31637,0,-
37415622333221,1783948,11,5654,33909,0,-
37426513132313,1208856,11,3819,22893,0,-
37452162323312,1304190,11,4132,24770,0,-
37516422333311,2412998,11,7660,45947,0,-
37561241311112,1247269,11,3955,23712,0,-
37612453122233,1137650,11,3603,21599,0,-
37612542221111,1819265,11,5773,34615,0,-
37614252221123,1214513,11,3841,23017,0,-
37614521111111,1159950,11,3681,22067,0,-
37614521323232,1198477,11,3801,22786,0,-
37614522111221,1137778,11,3606,21618,0,-
37614522113321,1757431,11,5577,33449,0,-
37614522313322,1182162,11,3748,22466,0,-
37614522323312,1004103,11,3182,19068,0,-
37614523232213,1226664,11,3888,23310,0,-
37615421113322,1435702,11,4542,27235,0,-
37615422211133,2065778,11,6549,39277,0,-
37615422223133,1764453,11,5586,33505,0,-
37615422313121,1669689,11,5290,31723,0,-
37615422313331,1546229,11,4895,29356,0,-
37615423121132,1164048,11,3682,22075,0,-
37624152311213,1639397,11,5192,31134,0,-
37624511232233,1496395,11,4743,28443,0,-
37624512121322,2618741,11,8309,49842,0,-
37624512231212,1881729,11,5969,35802,0,-
37624513131323,1383698,11,4384,26289,0,-
37624513231313,1358539,11,4304,25811,0,-
37641252222323,2051134,11,6513,39059,0,-
37642152213311,2091208,11,6633,39774,0,-
37642513122221,1151439,11,3641,21830,0,-
37645122312221,949305,11,3006,18008,0,-
37651242211133,2340313,11,7424,44522,0,-
37651422312311,1730986,11,5487,32904,0,-
37652141113232,1386439,11,4399,26376,0,-
37652143231322,1070720,11,3392,20329,0,-
37654212311222,1841768,11,5840,35025,0,-
41236753232321,1528950,11,4850,29085,0,-
41237561313131,1660398,11,5256,31521,0,-
41263751312222,1863611,11,5897,35372,0,-
41325671212211,1462001,11,4636,27797,0,-
41325762313223,2802701,11,8902,53397,0,-
41325763131233,1244131,11,3942,23631,0,-
41352671212112,1700864,11,5377,32241,0,-
41352671212121,1717053,11,5430,32562,0,-
41352671222111,1285471,11,4058,24336,0,-
41357622313112,2595109,11,8249,49476,0,-
41367253111133,1649888,11,5232,31367,0,-
41532672313211,2840346,11,9023,54129,0,-
41532761233133,1507781,11,4770,28606,0,-
41563273113311,1446331,11,4583,27480,0,-
41576322212222,1324754,11,4192,25141,0,-
41625372313211,4178014,11,13264,79578,0,-
41625373121213,2062420,11,6546,39263,0,-
41625731222231,971361,11,3067,18387,0,-
41635721212121,1931784,11,6113,36663,0,-
41657321222312,1330253,11,4208,25231,0,-
41673252212222,1387134,11,4390,26321,0,-
41673521111111,1179936,11,3744,22452,0,-
41723562313211,3049841,11,9692,58142,0,-
41725361232113,1687211,11,5347,32061,0,-
41725361321213,1516701,11,4799,28772,0,-
41725362221213,1400165,11,4430,26569,0,-
41725362313211,1920519,11,6090,36521,0,-
41725362313223,2576568,11,8170,49004,0,-
41725363121222,1363740,11,4316,25879,0,-
41725363121231,1592257,11,5042,30236,0,-
41725631111111,1290280,11,4092,24542,0,-
41725631211122,1217736,11,3858,23131,0,-
41725632322331,925018,11,2928,17549,0,-
41725633111133,1683036,11,5341,32029,0,-
41725633121123,1716718,11,5447,32660,0,-
41725633211111,1158978,11,3671,22015,0,-
41726352313322,1961698,11,6227,37346,0,-
41726532312233,1382838,11,4378,26247,0,-
41735261323313,1843149,11,5842,35039,0,-
41735262312233,2022900,11,6417,38495,0,-
41735263123223,991151,11,3137,18809,0,-
41735621233232,1052994,11,3329,19947,0,-
41735622313322,2776821,11,8810,52849,0,-
41736521233232,1493399,11,4727,28350,0,-
41736522332231,1297807,11,4114,24666,0,-
41752631222123,1956971,11,6213,37257,0,-
41752632311123,1644642,11,5217,31284,0,-
41752632312323,1406308,11,4458,26735,0,-
41752632313211,5595186,11,17772,106613,0,-
41756231321213,1895628,11,6005,36018,0,-
41756233121231,1276762,11,4042,24231,0,-
41762532221333,1285878,11,4068,24393,0,-
41762533123331,1171504,11,3707,22219,0,-
41765231233232,1210252,11,3829,22961,0,-
41765322221312,1358071,11,4303,25802,0,-
41765322313211,2381469,11,7556,45316,0,-
41765323122212,1646042,11,5221,31319,0,-
42136752131312,1430102,11,4525,27132,0,-
42137561123333,1494446,11,4728,28349,0,-
42137653122131,1501510,11,4762,28556,0,-
42137653132121,1263868,11,4009,24031,0,-
42157633231322,1423025,11,4506,27025,0,-
42163751121212,1741480,11,5513,33060,0,-
42165373223123,795947,11,2521,15102,0,-
42167532131333,1772308,11,5610,33645,0,-
42315673112111,1479658,11,4693,28140,0,-
42351671212211,1242960,11,3938,23609,0,-
42351763231133,1840643,11,5829,34953,0,-
42367153111121,1156077,11,3667,21979,0,-
42367153211123,1328309,11,4215,25272,0,-
42516372233111,1696253,11,5379,32264,0,-
42561733323122,1089886,11,3454,20701,0,-
42573612323231,1043136,11,3303,19793,0,-
42573613322231,1305970,11,4140,24821,0,-
42613572313211,1655485,11,5251,31493,0,-
42615371313332,1756883,11,5560,33343,0,-
42615372213311,1946510,11,6165,36974,0,-
42615372221213,2022171,11,6410,38443,0,-
42615372313211,1559090,11,4940,29630,0,-
42651372213311,1263543,11,4003,24000,0,-
42651733311122,1344869,11,4260,25541,0,-
42673512232133,1513149,11,4795,28746,0,-
42751632321233,1851578,11,5870,35208,0,-
42751632323231,1330915,11,4220,25299,0,-
43126572133313,1413187,11,4473,26816,0,-
43167251232212,1313168,11,4154,24902,0,-
43176252123131,1832880,11,5821,34902,0,-
43176252311132,1389109,11,4408,26427,0,-
43216573132121,1213875,11,3846,23060,0,-
43216573132223,1282162,11,4064,24368,0,-
43216573212311,1301490,11,4125,24735,0,-
43216573212332,1912504,11,6058,36334,0,-
43512671313332,1586997,11,5028,30148,0,-
43527612312323,1301325,11,4127,24739,0,-
43561271111111,1335067,11,4240,25424,0,-
43571262122222,1061764,11,3356,20115,0,-
43572161111111,1662779,11,5280,31664,0,-
43572612312323,1791785,11,5682,34079,0,-
43576211123222,1669475,11,5290,31728,0,-
43576212112232,1374289,11,4348,26079,0,-
43615271333312,1404709,11,4451,26688,0,-
43615272113321,1395425,11,4425,26521,0,-
43617521223221,1619584,11,5123,30723,0,-
43621752213323,1483438,11,4696,28152,0,-
43651722323132,1180147,11,3742,22423,0,-
43675122222122,1776779,11,5621,33712,0,-
43675211221331,1004659,11,3174,19018,0,-
43721653231313,1290842,11,4082,24473,0,-
43751623123313,1695532,11,5368,32201,0,-
43765212222122,2092532,11,6625,39745,0,-
45167323322231,1124266,11,3560,21341,0,-
45176231131313,3116434,11,9865,59167,0,-
45176231133113,3198603,11,10125,60727,0,-
45176231331113,3042335,11,9626,57736,0,-
45176233131113,3652925,11,11566,69376,0,-
45176321131133,2055417,11,6512,39060,0,-
45213672221123,2079407,11,6592,39528,0,-
45273162222122,1164125,11,3680,22056,0,-
45276131131133,1675491,11,5309,31845,0,-
45312671222312,1126849,11,3571,21399,0,-
45312672223331,1706230,11,5412,32457,0,-
45312672233321,1484570,11,4709,28235,0,-
45312672313211,3808657,11,12090,72525,0,-
45312673132313,1902857,11,6034,36187,0,-
45312673222112,1139778,11,3610,21643,0,-
45312673231313,1492114,11,4730,28360,0,-
45312761113211,1684016,11,5339,32021,0,-
45312761133311,1053997,11,3339,20012,0,-
45312762221111,1485718,11,4711,28248,0,-
45312762311111,1833607,11,5817,34887,0,-
45321671212211,1549222,11,4913,29471,0,-
45321671221121,1194041,11,3784,22678,0,-
45321673113311,2378136,11,7546,45255,0,-
45327612222323,1318207,11,4176,25034,0,-
45362712122222,1927577,11,6107,36626,0,-
45367122223133,2069918,11,6563,39364,0,-
45367211111132,1961950,11,6226,37346,0,-
45367211211122,1758045,11,5577,33450,0,-
45367213111133,1433089,11,4545,27250,0,-
45376121131133,1861207,11,5898,35370,0,-
45376121331311,1738970,11,5510,33049,0,-
45376211333123,1169606,11,3703,22203,0,-
45376213131323,1593451,11,5050,30286,0,-
45376213333322,1376486,11,4364,26166,0,-
45612371133221,1331658,11,4219,25291,0,-
45612372331121,1765539,11,5604,33599,0,-
45612373112231,1582949,11,5022,30114,0,-
45612373132121,1343299,11,4259,25541,0,-
45612373132223,1221362,11,3872,23211,0,-
45612373322111,1158240,11,3674,22020,0,-
45612373332122,1404328,11,4453,26703,0,-
45612373332221,1192715,11,3779,22656,0,-
45613271331221,1021597,11,3230,19354,0,-
45613272233111,1514622,11,4794,28749,0,-
45621373123331,1243846,11,3934,23589,0,-
45621373211111,2234365,11,7076,42442,0,-
45621732212123,1191962,11,3772,22620,0,-
45621732233333,2836757,11,9008,54045,0,-
45623712332123,1694272,11,5378,32257,0,-
45623713322321,877552,11,2782,16666,0,-
45637123132121,1160463,11,3677,22048,0,-
45637123332122,993526,11,3148,18866,0,-
45671231132231,898770,11,2846,17060,0,-
45671233112132,1488592,11,4724,28316,0,-
45673212212132,1069463,11,3380,20264,0,-
45673213211222,1752442,11,5552,33303,0,-
45713623223132,1205685,11,3822,22919,0,-
45721363321313,1325870,11,4203,25192,0,-
45721363322231,1133334,11,3590,21522,0,-
45732612233321,1035701,11,3281,19669,0,-
45736121122211,1549177,11,4907,29429,0,-
46123571111111,1239274,11,3936,23595,0,-
46123573232123,2129579,11,6757,40532,0,-
46125731333123,1451470,11,4593,27539,0,-
46127351131313,1233223,11,3901,23378,0,-
46127352131333,2162195,11,6844,41050,0,-
46127353131323,1908104,11,6037,36205,0,-
46135272133313,2072683,11,6570,39400,0,-
46153273131131,1565936,11,4957,29731,0,-
46157233333232,1250430,11,3962,23757,0,-
46157321331233,1248855,11,3950,23685,0,-
46215372121223,1371843,11,4348,26069,0,-
46215372313211,2268593,11,7201,43186,0,-
46257132211133,1767562,11,5599,33583,0,-
46257313312211,3100165,11,9827,58946,0,-
46273512122312,1551014,11,4918,29498,0,-
46273513221212,1281096,11,4059,24338,0,-
46275311123222,1683589,11,5332,31979,0,-
46275312112232,1438447,11,4549,27278,0,-
46275312132212,1316177,11,4163,24958,0,-
46275312232133,1947937,11,6177,37041,0,-
46275312313211,1629138,11,5164,30968,0,-
46275313121222,1624321,11,5143,30847,0,-
46275313312211,2091475,11,6625,39728,0,-
46321752111131,2017027,11,6400,38383,0,-
46352171211233,1375476,11,4363,26160,0,-
46352172113231,1256538,11,3985,23892,0,-
46372511221331,1264253,11,3996,23956,0,-
46375211211332,1735126,11,5507,33022,0,-
46375212113111,2137092,11,6781,40677,0,-
46375212132131,877475,11,2778,16648,0,-
46375212132221,1108179,11,3509,21038,0,-
46375212332222,1718451,11,5455,32712,0,-
46375213112111,2386442,11,7575,45432,0,-
46375213123121,1126212,11,3566,21378,0,-
46375213333121,1112039,11,3523,21117,0,-
46512371331221,1090191,11,3442,20638,0,-
46512372113321,1575684,11,4991,29922,0,-
46513272332111,1137815,11,3604,21600,0,-
46513273113221,1067173,11,3380,20263,0,-
46523711331332,1663998,11,5266,31579,0,-
46527133111121,1215082,11,3853,23097,0,-
46572311223122,2032126,11,6445,38654,0,-
46572312132122,1832565,11,5812,34855,0,-
46721533123313,1420118,11,4494,26941,0,-
47123562232133,2039203,11,6468,38787,0,-
47123651233232,1455781,11,4615,27664,0,-
47126351233232,1601968,11,5068,30392,0,-
47126532133133,2938404,11,9329,55964,0,-
47132562311111,1445636,11,4584,27480,0,-
47132563222331,1509176,11,4775,28635,0,-
47132652233321,1699864,11,5389,32318,0,-
47135622132332,1229339,11,3893,23347,0,-
47136252133112,2418943,11,7667,45987,0,-
47152361233232,1412155,11,4474,26834,0,-
47152631322131,1227919,11,3887,23293,0,-
47156231332313,2340127,11,7424,44539,0,-
47156233211132,1442828,11,4575,27430,0,-
47156233223312,1342692,11,4253,25506,0,-
47156233233113,2121276,11,6726,40345,0,-
47156233322312,1339686,11,4244,25452,0,-
47156321111111,1159292,11,3678,22051,0,-
47156321133311,1795332,11,5696,34153,0,-
47156322132311,1446123,11,4585,27495,0,-
47156322313232,888375,11,2814,16857,0,-
47156322332132,935746,11,2963,17751,0,-
47156322332312,2350987,11,7466,44780,0,-
47156323223123,1102977,11,3494,20934,0,-
47162351322122,1300841,11,4120,24704,0,-
47163522131222,1336804,11,4238,25406,0,-
47165321232113,1274085,11,4034,24180,0,-
47165321322131,2157899,11,6830,40959,0,-
47165322132212,3224127,11,10232,61381,0,-
47165322133112,3535587,11,11222,67319,0,-
47165322232133,1694228,11,5369,32190,0,-
47165322313211,1315814,11,4168,24992,0,-
47216352131333,1934355,11,6124,36736,0,-
47251363131113,1333034,11,4215,25271,0,-
47251632131312,1685180,11,5337,32006,0,-
47256133212311,1155483,11,3660,21941,0,-
47256133321232,1102126,11,3494,20940,0,-
47265312122222,2490238,11,7908,47435,0,-
47265312131312,1143768,11,3622,21722,0,-
47265312313211,3552326,11,11271,67611,0,-
47321651311133,1531176,11,4855,29111,0,-
47352612123131,1137568,11,3608,21629,0,-
47352612311132,1088491,11,3450,20684,0,-
47352612313211,2551427,11,8102,48600,0,-
47512632312323,1201473,11,3808,22834,0,-
47621532232331,900601,11,2854,17104,0,-
47621533231121,1535028,11,4872,29205,0,-
47632152233321,1116036,11,3536,21196,0,-
47632153212311,1210722,11,3837,22999,0,-
47632153232321,1629994,11,5172,31012,0,-
47632513212332,2080595,11,6594,39546,0,-
47652132231323,1552487,11,4921,29513,0,-
47653213211231,1639621,11,5198,31169,0,-
47653213232111,1334411,11,4234,25382,0,-
51264731113322,937343,11,2967,17777,0,-
51264732213311,1233593,11,3910,23441,0,-
51267342312233,1837911,11,5820,34909,0,-
51324671211122,1175571,11,3725,22331,0,-
51324672212111,1470440,11,4658,27935,0,-
51324673113311,1589909,11,5039,30213,0,-
51324761111123,1424880,11,4511,27045,0,-
51324763113332,1120628,11,3544,21242,0,-
51342672212111,1691691,11,5367,32183,0,-
51342763312223,6226078,11,19797,118767,0,-
51367241211113,1244419,11,3946,23662,0,-
51423671221331,1355463,11,4293,25740,0,-
51426731111111,1766270,11,5613,33656,0,-
51426733312211,1219080,11,3863,23161,0,-
51472361131313,1420777,11,4497,26964,0,-
51472633331312,1623288,11,5138,30816,0,-
51623471321111,1094328,11,3471,20799,0,-
51623743313321,1510252,11,4779,28658,0,-
51624731312123,1561959,11,4948,29664,0,-
51624733323113,2565107,11,8133,48796,0,-
51632741323232,1223318,11,3878,23248,0,-
51642371122313,1677907,11,5315,31875,0,-
51642731113322,1875611,11,5942,35641,0,-
51647231113232,1144067,11,3627,21751,0,-
51723643131311,1444610,11,4573,27415,0,-
51724362122222,1041345,11,3299,19774,0,-
51724363121213,1489513,11,4723,28324,0,-
51726433123313,1402891,11,4437,26608,0,-
51732643121213,1517401,11,4803,28799,0,-
51742632323231,1149251,11,3639,21817,0,-
51742632323333,1365819,11,4328,25950,0,-
52134761232113,1518009,11,4815,28877,0,-
52147631121311,1424997,11,4519,27102,0,-
52147631131211,1471251,11,4666,27984,0,-
52147631211131,1257288,11,3988,23908,0,-
52147631311121,1506384,11,4780,28671,0,-
52147632111113,1420787,11,4508,27022,0,-
52147633111112,1529354,11,4849,29086,0,-
52163471112122,1056602,11,3352,20085,0,-
52163471213111,1235529,11,3918,23493,0,-
52163471312111,1903167,11,6046,36262,0,-
52163471333123,1178821,11,3737,22405,0,-
52163472111311,1203783,11,3817,22885,0,-
52163472131222,1220528,11,3870,23189,0,-
52163473111211,1594488,11,5061,30349,0,-
52163473111331,1141373,11,3617,21684,0,-
52163473221323,1209605,11,3836,22993,0,-
52163473323332,1653637,11,5242,31430,0,-
52167342121232,1108178,11,3504,21006,0,-
52167432121313,1815126,11,5755,34510,0,-
52167432122222,1604738,11,5084,30490,0,-
52167432131213,1397946,11,4430,26556,0,-
52167433133333,2312020,11,7335,43998,0,-
52167433331333,2239139,11,7107,42631,0,-
52174633223123,1293078,11,4091,24530,0,-
52314673311311,2190787,11,6944,41658,0,-
52314761322122,1115973,11,3529,21156,0,-
52341671111111,3888480,11,12343,74048,0,-
52341671122211,1131672,11,3587,21503,0,-
52341671311313,1059499,11,3359,20128,0,-
52341672211112,1643607,11,5216,31289,0,-
52341672232313,1352714,11,4291,25728,0,-
52341672323222,1527380,11,4846,29052,0,-
52341672323312,1232212,11,3902,23393,0,-
52341673133111,1353944,11,4294,25741,0,-
52341673232213,920540,11,2918,17484,0,-
52341673232333,1221663,11,3875,23233,0,-
52341673323212,1947254,11,6177,37037,0,-
52361472121313,1931191,11,6117,36691,0,-
52361472131312,1378989,11,4366,26187,0,-
52367142211121,1771197,11,5618,33687,0,-
52367412322232,1535526,11,4873,29218,0,-
52374161112323,1342734,11,4260,25544,0,-
52376413222223,1039742,11,3291,19721,0,-
52463173212332,1988343,11,6300,37785,0,-
52463713212332,2073625,11,6573,39414,0,-
52471631223113,1572506,11,4987,29903,0,-
52471631323112,1185755,11,3759,22532,0,-
52614372313211,2220211,11,7043,42250,0,-
52641733212311,1173994,11,3721,22310,0,-
52641733232321,1215067,11,3851,23080,0,-
52673413232123,1046873,11,3316,19878,0,-
52713461232323,1004146,11,3183,19071,0,-
52714361232113,2037663,11,6462,38758,0,-
52714633213223,1440878,11,4566,27377,0,-
52714633223123,1201583,11,3806,22816,0,-
52731641233112,1091615,11,3458,20733,0,-
52731641323112,928271,11,2940,17619,0,-
52736141322233,1525758,11,4834,28987,0,-
52741362313211,1644653,11,5220,31309,0,-
52741362313223,1486299,11,4707,28232,0,-
52741632122333,2543476,11,8050,48285,0,-
52741632123323,2098440,11,6635,39792,0,-
52741632212213,1477214,11,4665,27976,0,-
52741632212231,1275236,11,4025,24130,0,-
52741632232211,1183499,11,3736,22396,0,-
52741633221233,1499918,11,4741,28423,0,-
52741633313312,1167945,11,3685,22089,0,-
52741633313321,1282553,11,4051,24278,0,-
52741633321223,2319709,11,7340,44026,0,-
52741633323311,1274183,11,4022,24114,0,-
52743611111213,1473844,11,4676,28039,0,-
52743611111312,1443922,11,4576,27442,0,-
52743611112131,1499680,11,4756,28528,0,-
52743611113121,1501027,11,4759,28537,0,-
52743612131111,1953198,11,6204,37204,0,-
52743613121111,2130190,11,6764,40569,0,-
52761431111213,1070901,11,3392,20340,0,-
52761431111312,1477702,11,4687,28111,0,-
52761431112131,1374404,11,4360,26142,0,-
52761431113121,1461658,11,4636,27795,0,-
52761432131111,2013893,11,6395,38360,0,-
52761433121111,1964804,11,6240,37427,0,-
52763143222331,1794691,11,5682,34086,0,-
52763411222312,2632265,11,8328,49948,0,-
52763411333123,1529766,11,4830,28959,0,-
52763413222112,2136733,11,6745,40456,0,-
52763413223312,2650463,11,8385,50293,0,-
52763413322312,2183076,11,6900,41377,0,-
53126471231231,1629779,11,5162,30953,0,-
53126471231321,1131269,11,3584,21483,0,-
53126471321321,1470975,11,4661,27942,0,-
53146272123233,1933263,11,6132,36770,0,-
53147262123131,1436368,11,4558,27333,0,-
53162743312223,3639475,11,11556,69315,0,-
53274163211222,1890740,11,5988,35905,0,-
53421671321111,2275022,11,7219,43300,0,-
53421671321231,1082033,11,3431,20563,0,-
53426171112233,1694334,11,5373,32221,0,-
53462711113322,1766771,11,5597,33568,0,-
53467211321111,1173877,11,3723,22317,0,-
53476121323112,1313701,11,4162,24960,0,-
53476121323322,1529177,11,4847,29070,0,-
53614721212121,1458976,11,4617,27681,0,-
53621471331221,950642,11,3006,18014,0,-
53642171111111,1595497,11,5068,30386,0,-
53672142221213,2904711,11,9205,55216,0,-
53714622233111,1671068,11,5290,31726,0,-
53721463223312,1695876,11,5370,32195,0,-
53724612121112,2031749,11,6436,38601,0,-
53726143333121,944855,11,2993,17929,0,-
53741621323112,1336888,11,4240,25418,0,-
53741621332112,1273528,11,4036,24209,0,-
53742612323333,1020285,11,3231,19365,0,-
53761242121211,1702668,11,5389,32312,0,-
53761242221213,1757600,11,5560,33342,0,-
53761242321212,1212025,11,3834,22970,0,-
53762143222331,1047179,11,3307,19829,0,-
53762413322123,1243723,11,3937,23611,0,-
54123673233323,1214930,11,3851,23079,0,-
54126371331221,1110411,11,3513,21059,0,-
54127632131213,2087032,11,6616,39680,0,-
54127632222212,1333296,11,4222,25316,0,-
54127633131212,2035064,11,6452,38695,0,-
54127633133333,2877260,11,9133,54789,0,-
54127633333313,2062918,11,6539,39225,0,-
54163271133221,1567442,11,4967,29784,0,-
54163272233111,1786650,11,5664,33961,0,-
54167231121113,977401,11,3096,18558,0,-
54167231131112,1377498,11,4369,26200,0,-
54167231221211,940799,11,2978,17853,0,-
54167231333213,1874733,11,5950,35677,0,-
54167232112112,937800,11,2970,17793,0,-
54167232133313,3401533,11,10821,64911,0,-
54167232333113,1870852,11,5938,35605,0,-
54167233232333,1173635,11,3719,22293,0,-
54167233331213,1896444,11,6020,36099,0,-
54172633132313,2599109,11,8246,49457,0,-
54217362233213,2209929,11,6993,41940,0,-
54217632132212,2238029,11,7086,42498,0,-
54231671123111,1157993,11,3672,22012,0,-
54231673123121,997905,11,3163,18956,0,-
54261373123121,1227248,11,3887,23300,0,-
54261732231233,1426889,11,4514,27077,0,-
54276132233312,1231390,11,3901,23384,0,-
54312671131331,922002,11,2920,17497,0,-
54312672212111,1158488,11,3673,22025,0,-
54312673311311,1880543,11,5960,35745,0,-
54317261113112,1274170,11,4040,24225,0,-
54317621111222,1646372,11,5220,31304,0,-
54321672212213,2137460,11,6764,40560,0,-
54321672212231,1974612,11,6245,37452,0,-
54321672232211,1457626,11,4603,27603,0,-
54321673313312,2573446,11,8137,48805,0,-
54321673313321,2608969,11,8252,49498,0,-
54321673323311,2140600,11,6763,40567,0,-
54321761211221,1506804,11,4781,28668,0,-
54321763113113,1736294,11,5506,33016,0,-
54326171111231,1940279,11,6155,36913,0,-
54326171112233,1013506,11,3211,19253,0,-
54326171321231,1167079,11,3700,22184,0,-
54326711112212,1325522,11,4199,25175,0,-
54327612223232,1339061,11,4248,25459,0,-
54361272223232,1267053,11,4018,24089,0,-
54362171113133,1360043,11,4309,25835,0,-
54362711111231,1443564,11,4580,27463,0,-
54362711323112,1307539,11,4144,24849,0,-
54367121112212,1615077,11,5118,30693,0,-
54367121113211,1443991,11,4578,27447,0,-
54367121113331,1456547,11,4614,27671,0,-
54367122211121,1278869,11,4053,24300,0,-
54367122311111,1528450,11,4845,29056,0,-
54367123311113,1360318,11,4313,25853,0,-
54367211132222,2049183,11,6484,38887,0,-
54367211213333,2094802,11,6618,39696,0,-
54367211222132,1177393,11,3715,22271,0,-
54367211333213,1414685,11,4464,26764,0,-
54367212211322,2413270,11,7635,45789,0,-
54367212231122,1809009,11,5718,34296,0,-
54367212233213,1679667,11,5309,31837,0,-
54367212332213,1364954,11,4308,25834,0,-
54367212333113,1392226,11,4393,26338,0,-
54367213112222,2106398,11,6656,39919,0,-
54367213312133,1925924,11,6089,36505,0,-
54371261113331,1128293,11,3572,21408,0,-
54371621113112,3362476,11,10686,64099,0,-
54371621113322,1046393,11,3316,19884,0,-
54376121322233,1443495,11,4571,27415,0,-
54376211111132,1643576,11,5211,31251,0,-
54376211111222,1409254,11,4468,26796,0,-
54376211113133,1900945,11,6032,36185,0,-
54612371112311,2194197,11,6952,41698,0,-
54612372222131,905339,11,2861,17139,0,-
54612732112223,1983094,11,6290,37730,0,-
54612733322213,2001386,11,6345,38057,0,-
54621371133311,1287285,11,4080,24469,0,-
54621372211121,1196998,11,3794,22738,0,-
54637211132111,1351679,11,4287,25705,0,-
54671232221213,2235174,11,7084,42483,0,-
54712361323313,1738746,11,5508,33039,0,-
54712362223322,1392972,11,4411,26443,0,-
54716232222113,1233587,11,3902,23390,0,-
54716321112323,2102161,11,6677,40046,0,-
54716322313223,1379518,11,4375,26234,0,-
54721631111111,5742490,11,18241,109428,0,-
54721631122121,1220649,11,3870,23201,0,-
54721631311133,1467615,11,4657,27925,0,-
54721632133232,1109749,11,3517,21084,0,-
54721632212222,2066389,11,6564,39366,0,-
54721632212231,940375,11,2980,17860,0,-
54721633231322,989271,11,3135,18788,0,-
54721633313321,1027404,11,3256,19515,0,-
54721633333331,921270,11,2920,17492,0,-
54723612131312,2545418,11,8075,48442,0,-
54723612221222,1344094,11,4258,25531,0,-
54723612222212,1712585,11,5432,32577,0,-
54723613121312,2426830,11,7700,46187,0,-
54723613333313,1538477,11,4877,29252,0,-
54761233322321,1265854,11,4005,24019,0,-
54763212322232,1488807,11,4723,28331,0,-
56123471222312,1312854,11,4143,24845,0,-
56123471223221,1496809,11,4728,28348,0,-
56123471331332,2411364,11,7623,45732,0,-
56123471333123,1543004,11,4870,29197,0,-
56123472322121,1560859,11,4929,29553,0,-
56123472331331,1996927,11,6316,37872,0,-
56123473133132,1731063,11,5466,32785,0,-
56123473133231,1938252,11,6129,36760,0,-
56123473222112,1390647,11,4388,26309,0,-
56123473223312,1157313,11,3651,21882,0,-
56123473322312,1277305,11,4031,24171,0,-
56124371111231,1291802,11,4099,24568,0,-
56124371232323,1459190,11,4625,27729,0,-
56127433332323,1734481,11,5505,33016,0,-
56132472333332,1170441,11,3708,22227,0,-
56132473211111,1470650,11,4664,27977,0,-
56132473213211,1139215,11,3608,21637,0,-
56143273332323,2029984,11,6442,38641,0,-
56147231222132,2173773,11,6869,41197,0,-
56147231333213,2061295,11,6520,39096,0,-
56147232233213,2144516,11,6787,40695,0,-
56147232332213,2523682,11,7988,47907,0,-
56147232333113,2203036,11,6972,41805,0,-
56147322333233,1423640,11,4509,27038,0,-
56173421113112,1561161,11,4955,29718,0,-
56174232323333,1379899,11,4374,26227,0,-
56174321232113,1742394,11,5521,33121,0,-
56213471111111,1430139,11,4541,27235,0,-
56213743313333,2144698,11,6797,40760,0,-
56243173133111,1343941,11,4255,25511,0,-
56243713121333,1444832,11,4574,27428,0,-
56247132333233,1065846,11,3376,20246,0,-
56271433111313,2193911,11,6948,41670,0,-
56271433123313,1560963,11,4938,29607,0,-
56271433132313,2451943,11,7770,46611,0,-
56274132331133,967609,11,3058,18327,0,-
56274312313211,1913931,11,6069,36397,0,-
56321473233323,1096511,11,3475,20830,0,-
56321742211112,2211507,11,7016,42086,0,-
56324171221331,1336447,11,4232,25373,0,-
56327411211332,1419575,11,4496,26958,0,-
56327413213112,1337100,11,4236,25393,0,-
56341273121213,2107193,11,6681,40068,0,-
56341273131212,1753770,11,5560,33339,0,-
56347122333233,1282586,11,4063,24362,0,-
56347211213111,1465986,11,4650,27875,0,-
56347211222132,1035081,11,3281,19656,0,-
56347211312111,1870666,11,5941,35625,0,-
56347211331131,953011,11,3022,18104,0,-
56347212111221,1635695,11,5183,31082,0,-
56347212111311,2848266,11,9049,54279,0,-
56347212123233,1094708,11,3471,20801,0,-
56347212232223,1078230,11,3417,20487,0,-
56347213111211,2674937,11,8497,50964,0,-
56347213131332,991829,11,3143,18837,0,-
56423171231231,992207,11,3140,18824,0,-
56423171231321,1608844,11,5102,30600,0,-
56423171321321,1055164,11,3340,20027,0,-
56423172112121,1303143,11,4129,24759,0,-
56423173132121,1467319,11,4650,27884,0,-
56423173133111,971569,11,3078,18436,0,-
56432713122122,1319358,11,4179,25052,0,-
56712341232113,921335,11,2920,17495,0,-
56712343211123,1565345,11,4967,29773,0,-
56721343123331,1278990,11,4046,24259,0,-
56721432312233,1611754,11,5109,30629,0,-
56723411113313,1323425,11,4200,25178,0,-
56723411121113,1084345,11,3437,20607,0,-
56723411131112,1658157,11,5262,31557,0,-
56723411222312,924127,11,2927,17538,0,-
56723412122312,861486,11,2729,16349,0,-
56723412323222,1325473,11,4205,25204,0,-
56723413221212,1611306,11,5113,30653,0,-
56723413222112,1364373,11,4325,25935,0,-
56723413331111,1174752,11,3728,22334,0,-
56732143122113,1243695,11,3935,23584,0,-
56741231121311,1104783,11,3503,20995,0,-
56741231131211,1784989,11,5662,33958,0,-
56741231211131,1783866,11,5661,33952,0,-
56741231311121,1439928,11,4570,27400,0,-
56741232111113,1509797,11,4790,28718,0,-
56741233111112,1241477,11,3936,23599,0,-
56743212122222,1950572,11,6186,37104,0,-
56743212221222,2573370,11,8164,48976,0,-
56743213121213,1887745,11,5981,35868,0,-
56743213121312,1495032,11,4739,28416,0,-
56743213331333,2438444,11,7739,46423,0,-
57123461111111,2552197,11,8116,48673,0,-
57164322131312,1361915,11,4317,25879,0,-
57214361323232,1250100,11,3963,23764,0,-
57214632212213,1922487,11,6085,36482,0,-
57236141113232,1318806,11,4182,25079,0,-
57236141322233,1297653,11,4115,24668,0,-
57236141323232,2165385,11,6869,41197,0,-
57241631322113,987070,11,3127,18744,0,-
57241631323112,969892,11,3074,18417,0,-
57246131112233,1928080,11,6111,36655,0,-
57264132111323,1556900,11,4932,29560,0,-
57321641311112,1781563,11,5654,33904,0,-
57321642311132,1806327,11,5738,34409,0,-
57364212213311,2525203,11,8016,48089,0,-
57364212313211,2293626,11,7288,43708,0,-
57364213332122,1475235,11,4676,28040,0,-
57642311113322,1438481,11,4561,27351,0,-
61234572231323,1472440,11,4669,28005,0,-
61234573232213,960309,11,3042,18230,0,-
61235741313131,2164549,11,6852,41092,0,-
61257343232123,1711187,11,5429,32559,0,-
61274351313131,1667443,11,5282,31673,0,-
61274532231323,1533167,11,4862,29154,0,-
61352472233321,1002826,11,3178,19042,0,-
61352472313211,5248481,11,16699,100179,0,-
61452731311313,1202131,11,3803,22799,0,-
61453721111111,1129916,11,3585,21496,0,-
61453721311112,1371319,11,4348,26073,0,-
61453723111121,1046020,11,3315,19879,0,-
61472532123332,1015668,11,3217,19284,0,-
61472533112111,1038903,11,3292,19726,0,-
61527431111111,1471895,11,4672,28011,0,-
61534272311132,1770867,11,5618,33683,0,-
61534721112311,1168048,11,3700,22190,0,-
61534721113211,1014752,11,3214,19258,0,-
61543271111111,1636281,11,5196,31153,0,-
61543271112311,1364714,11,4327,25948,0,-
61572432312323,1572293,11,4984,29887,0,-
61734523222331,2028701,11,6429,38555,0,-
62134572321323,1227016,11,3877,23248,0,-
62135471122121,1502530,11,4761,28554,0,-
62135472132131,1318761,11,4177,25053,0,-
62135473122131,1024672,11,3245,19447,0,-
62135473123121,1739999,11,5516,33082,0,-
62135473131131,1573372,11,4990,29927,0,-
62135473132121,1221784,11,3870,23200,0,-
62135473232231,1135114,11,3595,21549,0,-
62135473322321,1260121,11,3991,23936,0,-
62135743222331,975071,11,3081,18468,0,-
62135743312223,2355775,11,7471,44806,0,-
62147353123121,1245023,11,3944,23647,0,-
62147353132121,1074224,11,3404,20403,0,-
62154733321121,928175,11,2941,17624,0,-
62157342132212,1452879,11,4597,27563,0,-
62173543232132,1314190,11,4166,24972,0,-
62174351122133,1497366,11,4740,28422,0,-
62174533311212,1152740,11,3649,21870,0,-
62317453112111,1632258,11,5181,31072,0,-
62317453312211,1663798,11,5275,31633,0,-
62351743112123,2590994,11,8220,49308,0,-
62371453311311,1117309,11,3537,21206,0,-
62374511322311,906547,11,2873,17216,0,-
62374513112321,1703424,11,5406,32424,0,-
62374513312112,1308282,11,4149,24879,0,-
62435172211133,1973592,11,6252,37494,0,-
62435172311132,2163378,11,6859,41139,0,-
62435711222222,1050538,11,3329,19943,0,-
62453713311122,2486132,11,7893,47339,0,-
62471532232133,1602676,11,5083,30474,0,-
62475131322323,994228,11,3148,18872,0,-
62531472321233,1435582,11,4551,27296,0,-
62543711211113,1178335,11,3731,22375,0,-
62543711311112,1336969,11,4240,25416,0,-
62571432321233,1807244,11,5729,34367,0,-
62735143223213,1073888,11,3400,20378,0,-
63125741112323,2343084,11,7431,44563,0,-
63125743131233,1082037,11,3430,20546,0,-
63125743133312,1338670,11,4244,25449,0,-
63142571111111,1458614,11,4632,27767,0,-
63142571132321,2383413,11,7562,45356,0,-
63142573112123,2645000,11,8397,50360,0,-
63172452312323,1128284,11,3577,21436,0,-
63172452313211,3491622,11,11093,66540,0,-
63174522332132,1101955,11,3488,20906,0,-
63247511123132,1459846,11,4630,27772,0,-
63251743133231,1632022,11,5161,30954,0,-
63452711311313,1312070,11,4159,24928,0,-
63452712333221,1119106,11,3545,21253,0,-
63471522123131,1220427,11,3869,23192,0,-
63471522323132,1698881,11,5388,32314,0,-
63471522332132,1167527,11,3699,22178,0,-
63472512123332,1180391,11,3739,22409,0,-
63512743313333,2686859,11,8522,51120,0,-
63541271212211,1720457,11,5450,32681,0,-
63542713121333,1917774,11,6075,36436,0,-
63574212123131,1261904,11,4005,24013,0,-
63574212313211,1693646,11,5376,32231,0,-
63712542221111,1213120,11,3843,23039,0,-
63714252123131,1668456,11,5291,31727,0,-
63714521112323,1458108,11,4626,27731,0,-
63714522332132,939628,11,2976,17830,0,-
63721541233322,1316379,11,4172,25025,0,-
63724153121213,1584107,11,5021,30115,0,-
63725141112323,2194757,11,6958,41729,0,-
63725141233121,1422713,11,4505,27016,0,-
63725142123131,2328842,11,7381,44277,0,-
63725142223133,2064118,11,6538,39210,0,-
63725143122113,1987975,11,6298,37780,0,-
63725143123313,2214292,11,7012,42066,0,-
63741252222323,1154248,11,3657,21924,0,-
63741522123131,1329328,11,4215,25263,0,-
63742511232221,1322381,11,4187,25107,0,-
63745123122212,1108384,11,3510,21045,0,-
63751242221321,1240423,11,3920,23509,0,-
63751423122311,1885405,11,5977,35844,0,-
63752141111111,1547453,11,4909,29439,0,-
63752141122211,1551435,11,4922,29505,0,-
63752141123213,1648441,11,5230,31362,0,-
63752142332132,932974,11,2954,17706,0,-
63752143123223,1190206,11,3772,22608,0,-
63752143212323,1531153,11,4857,29116,0,-
63752143223123,1114563,11,3529,21156,0,-
63752411223212,2278864,11,7238,43416,0,-
63752411333213,1696449,11,5379,32243,0,-
63752412312323,1802759,11,5717,34286,0,-
63752412322112,1039406,11,3290,19722,0,-
63752412333113,1489763,11,4719,28292,0,-
63754213122122,1580122,11,5005,30016,0,-
64125371131313,2561364,11,8118,48692,0,-
64157321133212,4578304,11,14531,87171,0,-
64231572311132,1512701,11,4796,28752,0,-
64257131113223,2459948,11,7808,46836,0,-
64271533221212,1259082,11,3988,23909,0,-
64275131212223,1624509,11,5145,30854,0,-
64275131312123,1723882,11,5460,32749,0,-
64275132211133,2043009,11,6470,38808,0,-
64275132232133,2179523,11,6908,41427,0,-
64275133231112,1276903,11,4039,24217,0,-
64275133312211,1414780,11,4478,26849,0,-
64275311112332,1123210,11,3556,21313,0,-
64275311222222,1368787,11,4338,26013,0,-
64275313312211,1466512,11,4647,27867,0,-
64321572111131,3786010,11,12038,72214,0,-
64321572132131,1310722,11,4156,24908,0,-
64321572311132,1536279,11,4876,29225,0,-
64325713121222,2793366,11,8850,53085,0,-
64351272132131,1133913,11,3588,21512,0,-
64357212313211,1526524,11,4844,29050,0,-
64357213231322,1891435,11,5998,35972,0,-
64357213312211,1806529,11,5726,34343,0,-
64531271212211,2107649,11,6682,40072,0,-
64531272132131,1597488,11,5067,30385,0,-
64531273122131,1374765,11,4359,26136,0,-
64531273123121,1137028,11,3596,21561,0,-
64531273311311,1325099,11,4202,25195,0,-
64531273312211,1049524,11,3324,19918,0,-
64572131122223,1303183,11,4128,24761,0,-
64713253112111,1446662,11,4590,27519,0,-
65123471112311,1119572,11,3548,21266,0,-
65123471233232,1684548,11,5346,32061,0,-
65123472312311,1182394,11,3749,22468,0,-
65132471212112,1417734,11,4496,26964,0,-
65132471222111,850012,11,2689,16119,0,-
65132471231321,1932777,11,6133,36781,0,-
65132471323121,1334026,11,4228,25354,0,-
65132472131231,1644181,11,5216,31281,0,-
65132472212231,1687173,11,5347,32062,0,-
65132472233321,1847005,11,5859,35135,0,-
65132473111331,1295520,11,4107,24614,0,-
65132473313312,1091498,11,3458,20722,0,-
65132473323311,896364,11,2837,17002,0,-
65132741223323,879482,11,2782,16679,0,-
65132743222331,1445773,11,4577,27452,0,-
65134721233232,1699127,11,5384,32281,0,-
65147321232113,2248982,11,7135,42794,0,-
65172431132333,1714510,11,5434,32580,0,-
65174232123131,1169535,11,3706,22223,0,-
65174232133313,1775770,11,5632,33768,0,-
65174232323312,1521769,11,4824,28924,0,-
65174233323212,1756964,11,5573,33424,0,-
65174233331213,3063289,11,9738,58407,0,-
65174322313211,1096988,11,3479,20845,0,-
65174323223123,1476104,11,4677,28050,0,-
65213741111111,1651474,11,5245,31458,0,-
65241371111111,1550737,11,4925,29529,0,-
65243712121322,1597526,11,5058,30327,0,-
65271341332331,1258693,11,3980,23862,0,-
65271432231233,1319545,11,4176,25033,0,-
65274131111111,1662866,11,5279,31660,0,-
65274131311313,1146712,11,3636,21790,0,-
65274131312213,1155737,11,3665,21959,0,-
65274132123332,1151218,11,3650,21880,0,-
65274133132223,1053997,11,3341,20020,0,-
65274133232321,899077,11,2848,17064,0,-
65274133312223,2173448,11,6906,41408,0,-
65314272311132,1333915,11,4234,25381,0,-
65314272313211,2304921,11,7322,43919,0,-
65321472111122,1794027,11,5689,34127,0,-
65417321232113,1254306,11,3979,23851,0,-
65417323223123,1309563,11,4150,24882,0,-
65417323232123,1394981,11,4423,26521,0,-
65423713321322,1828628,11,5796,34761,0,-
65432173232321,1688909,11,5356,32121,0,-
65471231132213,1720561,11,5454,32695,0,-
65714323223123,1358082,11,4299,25776,0,-
65723143321313,1951377,11,6194,37146,0,-
65732411333123,2242486,11,7084,42487,0,-
65742311212313,1284388,11,4071,24407,0,-
67132541133311,1866320,11,5913,35464,0,-
67145323133312,1787965,11,5672,34009,0,-
67154233323332,1372127,11,4334,25989,0,-
67215343333133,2467255,11,7821,46914,0,-
67231541323112,1954782,11,6203,37205,0,-
67231543323122,1805892,11,5728,34358,0,-
67234513332122,1094225,11,3462,20754,0,-
67245131313323,1701435,11,5393,32351,0,-
67245311112311,2390985,11,7576,45436,0,-
67245311133233,1103719,11,3489,20916,0,-
67254311131133,1687511,11,5347,32070,0,-
67254313311113,1324098,11,4198,25171,0,-
67312452233321,1514383,11,4799,28777,0,-
67312541121221,961706,11,3047,18253,0,-
67312542221111,1401183,11,4440,26621,0,-
67321451111123,1740050,11,5520,33102,0,-
67321451112311,1459957,11,4629,27753,0,-
67321451212211,2113637,11,6704,40197,0,-
67321451311133,1626087,11,5159,30938,0,-
67321452111122,1725077,11,5472,32820,0,-
67321453113311,1862765,11,5913,35468,0,-
67321542232133,1243532,11,3940,23616,0,-
67341252222323,1136683,11,3602,21582,0,-
67342512222113,1006312,11,3181,19061,0,-
67345122223133,1587594,11,5024,30129,0,-
67345122232133,2108163,11,6680,40062,0,-
67345211111123,1092285,11,3459,20738,0,-
67345211111132,1425279,11,4517,27090,0,-
67345211112233,1411867,11,4474,26826,0,-
67345211113322,1633817,11,5180,31071,0,-
67345211211122,1699909,11,5395,32346,0,-
67345211311133,2141825,11,6804,40806,0,-
67345212111122,1548183,11,4912,29455,0,-
67345213111133,2253179,11,7158,42930,0,-
67354121111111,1492044,11,4738,28395,0,-
67354211212121,1057416,11,3350,20079,0,-
67354211313113,1850962,11,5870,35195,0,-
67354211333111,1820488,11,5772,34613,0,-
67354212111221,1140052,11,3611,21649,0,-
67354212212222,1380667,11,4378,26253,0,-
67354212311132,2174067,11,6907,41420,0,-
67354213111313,1223554,11,3877,23243,0,-
67354213131311,1447244,11,4589,27521,0,-
67354213211132,2298119,11,7300,43788,0,-
67354213313333,1416914,11,4494,26946,0,-
67412353132121,1499934,11,4752,28496,0,-
67412353332221,1091063,11,3457,20720,0,-
67412531131133,1396169,11,4425,26529,0,-
67435121332112,900991,11,2854,17103,0,-
67435123123121,871651,11,2759,16539,0,-
67452313321232,1514323,11,4799,28766,0,-
71234563231322,1484209,11,4705,28218,0,-
71263541333222,2342540,11,7430,44561,0,-
71263542323123,2227085,11,7064,42362,0,-
71264533131323,1323792,11,4183,25078,0,-
71264533221323,1543386,11,4879,29256,0,-
71264533231223,1859410,11,5879,35256,0,-
71264533231313,1942565,11,6148,36879,0,-
71326451211311,1518284,11,4815,28880,0,-
71326453132121,1006875,11,3190,19118,0,-
71326543333313,1753458,11,5554,33305,0,-
71345262132131,1167507,11,3700,22185,0,-
71362453113311,1391067,11,4410,26432,0,-
71365423331312,1458244,11,4612,27667,0,-
71423563213232,1096244,11,3466,20776,0,-
71423653213232,1171486,11,3710,22241,0,-
71426353312211,1463450,11,4636,27792,0,-
71426533333223,2463979,11,7815,46886,0,-
71432561232323,1405591,11,4456,26717,0,-
71432561323232,1443248,11,4579,27454,0,-
71432562111221,1699851,11,5395,32351,0,-
71432563232213,1055631,11,3345,20050,0,-
71432563323113,1111622,11,3523,21120,0,-
71432563323122,1144443,11,3627,21742,0,-
71432563332113,1141013,11,3618,21693,0,-
71435261322233,1621393,11,5133,30775,0,-
71435262222122,1149676,11,3637,21802,0,-
71435263211123,1669444,11,5290,31720,0,-
71435263311122,1725774,11,5467,32782,0,-
71435263333133,1173312,11,3711,22249,0,-
71435263333223,1229900,11,3890,23320,0,-
71435623333331,1530221,11,4849,29081,0,-
71436253333112,3084916,11,9789,58727,0,-
71452363213232,1180894,11,3739,22413,0,-
71452632222131,1618572,11,5125,30732,0,-
71453262222221,1464767,11,4641,27840,0,-
71453623311122,1784247,11,5651,33890,0,-
71456321322323,1340310,11,4249,25470,0,-
71456322111221,1032038,11,3268,19597,0,-
71462531113322,2154253,11,6834,40999,0,-
71462532111212,1156983,11,3664,21971,0,-
71462532121112,1049723,11,3325,19926,0,-
71462533111223,1718372,11,5446,32659,0,-
71462533221113,1893350,11,6006,36031,0,-
71463523331222,1156359,11,3658,21927,0,-
71523463131311,1945538,11,6162,36948,0,-
71523463231313,1678208,11,5311,31854,0,-
71523463331312,1771228,11,5606,33612,0,-
71532463221332,1171936,11,3705,22210,0,-
71534262122222,1179348,11,3734,22384,0,-
71542633132322,1189332,11,3766,22577,0,-
71543622111131,1130679,11,3585,21492,0,-
71543623111121,1201118,11,3809,22830,0,-
71546233331213,2004199,11,6354,38104,0,-
71546322231212,1891746,11,5991,35930,0,-
71562433123232,1092574,11,3461,20752,0,-
71563243221221,1265600,11,4002,23994,0,-
71625433213133,2203080,11,6972,41815,0,-
71643252231212,1475397,11,4670,27999,0,-
71643523331213,1760904,11,5577,33455,0,-
72134562312212,1242024,11,3930,23562,0,-
72136541322233,1213997,11,3850,23086,0,-
72143563222331,964358,11,3048,18269,0,-
72143651121113,1336322,11,4238,25414,0,-
72143651131112,1448106,11,4590,27535,0,-
72143651213111,1137081,11,3604,21607,0,-
72143651312111,1462855,11,4640,27824,0,-
72143652111311,1167503,11,3702,22197,0,-
72143653111211,1283115,11,4071,24401,0,-
72145631233223,1511942,11,4789,28721,0,-
72145633232231,1315273,11,4165,24974,0,-
72145633312223,2255999,11,7157,42933,0,-
72146352232223,1269605,11,4024,24116,0,-
72163452122222,2262734,11,7175,43038,0,-
72163453121213,1321862,11,4187,25110,0,-
72163453131212,2205927,11,6995,41956,0,-
72163453133333,1294093,11,4099,24570,0,-
72163453331333,1395302,11,4417,26482,0,-
72164353131113,1197926,11,3789,22716,0,-
72165431113331,964127,11,3059,18325,0,-
72165432111113,1660014,11,5269,31596,0,-
72165432111122,1521980,11,4827,28941,0,-
72165432211112,1149561,11,3644,21849,0,-
72165432323312,1003994,11,3181,19070,0,-
72165433111112,1238961,11,3930,23563,0,-
72165433121333,1299677,11,4123,24715,0,-
72165433221233,1092013,11,3461,20746,0,-
72165433233323,2130083,11,6767,40579,0,-
72165433321223,1204026,11,3818,22890,0,-
72165433331213,1117713,11,3545,21250,0,-
72345611111111,1706627,11,5419,32501,0,-
72345611133113,954439,11,3025,18130,0,-
72345611221223,952944,11,3020,18097,0,-
72345611222222,1413783,11,4484,26894,0,-
72345611331332,1255689,11,3978,23858,0,-
72345612122111,1418297,11,4497,26962,0,-
72345612331331,886565,11,2809,16825,0,-
72345613221221,915836,11,2901,17386,0,-
72345613333331,1207583,11,3825,22940,0,-
72356141112323,1410617,11,4476,26834,0,-
72356141232113,1423079,11,4516,27074,0,-
72356143211123,1797327,11,5708,34229,0,-
72361453232333,1023565,11,3244,19446,0,-
72361542333233,2018300,11,6399,38372,0,-
72365412222212,1657744,11,5258,31529,0,-
72365413121312,1810214,11,5736,34404,0,-
72365413131212,1472344,11,4665,27973,0,-
72365413331333,1400591,11,4440,26629,0,-
72435163333313,1447005,11,4584,27497,0,-
72513641232323,1134359,11,3594,21539,0,-
72513641233322,1499711,11,4754,28506,0,-
72516342313223,1812999,11,5749,34467,0,-
72531463321232,1556735,11,4937,29615,0,-
72534163211123,1457631,11,4619,27696,0,-
72541631111213,1471979,11,4670,28006,0,-
72541631111312,1273718,11,4037,24204,0,-
72541631112131,1264201,11,4009,24031,0,-
72541631113121,1556155,11,4937,29603,0,-
72541632131111,1935703,11,6148,36871,0,-
72541633121111,2359045,11,7492,44944,0,-
72543162311111,1063770,11,3372,20212,0,-
72543163211111,978574,11,3100,18578,0,-
72543611221223,1130381,11,3565,21367,0,-
72543611223221,1396133,11,4406,26418,0,-
72543611331332,1310272,11,4134,24782,0,-
72543611332331,1406617,11,4439,26616,0,-
72543612331331,1277950,11,4033,24168,0,-
72543613132232,2173030,11,6870,41198,0,-
72543613133222,2368742,11,7489,44915,0,-
72543613221221,1362093,11,4299,25774,0,-
72543613223312,2254619,11,7129,42757,0,-
72543613322312,1692312,11,5342,32041,0,-
72546311323112,1475658,11,4680,28062,0,-
72546313323212,1577700,11,5006,30016,0,-
72561342313223,1792178,11,5680,34072,0,-
72561432213122,1596654,11,5044,30247,0,-
72561433221233,1815617,11,5740,34421,0,-
72561433311233,2440886,11,7723,46322,0,-
72561433321133,1524854,11,4819,28892,0,-
72561433321223,1855598,11,5865,35175,0,-
72563411111213,1076084,11,3410,20438,0,-
72563411111312,1403739,11,4455,26701,0,-
72563411112131,1805231,11,5724,34333,0,-
72563411113121,1380888,11,4380,26263,0,-
72563412131111,1925541,11,6115,36672,0,-
72563413121111,1969623,11,6256,37519,0,-
72643513212311,1541559,11,4889,29322,0,-
72643513212332,1424956,11,4518,27089,0,-
73125463133132,1667224,11,5279,31659,0,-
73146522113231,1123727,11,3560,21348,0,-
73246153312211,987878,11,3130,18764,0,-
73456123231322,1010146,11,3198,19166,0,-
73516243323113,1846184,11,5855,35115,0,-
73516243332131,934367,11,2957,17719,0,-
73541262321212,2290623,11,7264,43554,0,-
73542163321133,1715616,11,5430,32564,0,-
73542613132121,1470791,11,4662,27957,0,-
73542613132322,972200,11,3080,18451,0,-
73564213321322,1627874,11,5153,30900,0,-
73614251112323,1446026,11,4584,27492,0,-
73615241112323,1970629,11,6247,37457,0,-
73615241113322,1861000,11,5892,35333,0,-
73615242223133,2063797,11,6540,39222,0,-
73615243123313,1736564,11,5500,32986,0,-
73615243213313,1332833,11,4217,25285,0,-
73615243331312,1281483,11,4053,24298,0,-
73615243332311,1247583,11,3945,23653,0,-
73615421113322,1490753,11,4725,28340,0,-
73615423213211,1850617,11,5870,35202,0,-
73615423333331,1335994,11,4233,25386,0,-
73624513121132,2725912,11,8638,51819,0,-
73624513332131,1345755,11,4254,25515,0,-
73625141112323,1598726,11,5071,30409,0,-
73625143121213,2058131,11,6532,39175,0,-
73625143333313,953797,11,3021,18108,0,-
73625412222323,1082909,11,3430,20559,0,-
73642511111111,1578566,11,5009,30039,0,-
73642511113232,1639886,11,5201,31188,0,-
73642511113322,2074051,11,6581,39469,0,-
73642513223222,2021765,11,6407,38440,0,-
73645121113211,1803878,11,5713,34267,0,-
73645122222311,1126470,11,3562,21355,0,-
73645211223113,953387,11,3019,18097,0,-
73645211231111,1617092,11,5128,30756,0,-
73645211321111,1255628,11,3981,23860,0,-
73645211332112,1239589,11,3928,23542,0,-
73645213112231,1175286,11,3725,22333,0,-
73645213333112,1773954,11,5626,33747,0,-
73651241113322,1919599,11,6087,36513,0,-
73652413211312,1095545,11,3467,20781,0,-
73652413331321,1197166,11,3787,22708,0,-
73654122111122,1924471,11,6104,36605,0,-
73654122221111,993142,11,3147,18855,0,-
73654211111132,1294035,11,4095,24555,0,-
74123563323221,1123150,11,3560,21334,0,-
74123652322121,1928000,11,6094,36548,0,-
74123653132232,1920847,11,6070,36395,0,-
74123653133132,1594920,11,5040,30222,0,-
74123653133222,1786790,11,5649,33869,0,-
74123653133231,1650056,11,5215,31274,0,-
74125631313311,1028454,11,3262,19540,0,-
74125632121121,1289564,11,4088,24515,0,-
74125632122111,863826,11,2734,16391,0,-
74125632131111,1790157,11,5685,34092,0,-
74125632321332,1179919,11,3741,22426,0,-
74125633121111,1566027,11,4966,29784,0,-
74125633131233,1712348,11,5435,32594,0,-
74125633132232,1254632,11,3978,23848,0,-
74125633133222,932234,11,2951,17695,0,-
74125633133312,1247966,11,3956,23714,0,-
74125633332323,1418218,11,4497,26966,0,-
74126352333122,1797184,11,5698,34167,0,-
74132561321231,1699782,11,5389,32319,0,-
74132562121121,1136617,11,3599,21574,0,-
74132562122111,847348,11,2679,16063,0,-
74132563131221,2545796,11,8078,48454,0,-
74132563132112,1412097,11,4473,26821,0,-
74136522322121,1553432,11,4908,29430,0,-
74152363132232,1592284,11,5034,30189,0,-
74152363133132,1284400,11,4054,24306,0,-
74152363133222,1369280,11,4324,25926,0,-
74152363133231,1610784,11,5094,30538,0,-
74156322122123,1068647,11,3385,20277,0,-
74156322122321,814020,11,2574,15426,0,-
74156322313223,1231001,11,3902,23384,0,-
74156323132331,1317482,11,4174,25032,0,-
74156323133123,2187726,11,6944,41648,0,-
74163251121122,926047,11,2932,17581,0,-
74163252112211,1106353,11,3508,21028,0,-
74163252131111,2484602,11,7895,47352,0,-
74163253121111,1234639,11,3914,23465,0,-
74163253131332,2060549,11,6544,39247,0,-
74163253133132,900124,11,2849,17079,0,-
74163253133213,1982852,11,6294,37741,0,-
74163253133231,914323,11,2894,17347,0,-
74163253332323,1208510,11,3832,22975,0,-
74165231121212,1843584,11,5826,34943,0,-
74165231131313,3620576,11,11472,68814,0,-
74165231212121,1499925,11,4738,28406,0,-
74165231313131,1308023,11,4129,24749,0,-
74165232111212,1005610,11,3174,19018,0,-
74165232121112,1795798,11,5678,34040,0,-
74165232121211,1018522,11,3213,19264,0,-
74165233111313,1158350,11,3657,21918,0,-
74165233131113,3596043,11,11394,68355,0,-
74165233131311,1567054,11,4952,29685,0,-
74165233131323,1577766,11,4985,29895,0,-
74165233132313,3943259,11,12496,74964,0,-
74165233231313,2468838,11,7810,46842,0,-
74213652323132,972862,11,3080,18463,0,-
74251633111313,1299736,11,4114,24655,0,-
74256311321222,2425575,11,7684,46092,0,-
74256313111232,2002722,11,6336,38001,0,-
74265312333233,1097716,11,3476,20843,0,-
74312652333332,1148814,11,3637,21801,0,-
74321563311131,1466371,11,4647,27869,0,-
74321653233323,1256586,11,3981,23869,0,-
74325163131323,1369658,11,4335,25993,0,-
74325612221222,1176865,11,3727,22339,0,-
74325613121312,2074625,11,6578,39454,0,-
74325613131212,1895295,11,6016,36079,0,-
74325613133333,1342720,11,4257,25518,0,-
74361253112132,3208974,11,10190,61125,0,-
74361253211231,1175023,11,3720,22301,0,-
74365211121221,1076296,11,3412,20445,0,-
74365211213111,1758347,11,5584,33484,0,-
74365211312111,1428430,11,4530,27163,0,-
74365211313113,1281300,11,4064,24361,0,-
74365211333111,1242518,11,3940,23620,0,-
74365212111311,2466775,11,7841,47024,0,-
74365212222323,991979,11,3145,18847,0,-
74365212333332,930184,11,2947,17664,0,-
74365213111211,2671092,11,8492,50930,0,-
74365213121333,971829,11,3080,18465,0,-
74512361322233,1357223,11,4300,25784,0,-
74512362313223,1092121,11,3461,20749,0,-
74513263121222,1713141,11,5420,32500,0,-
74521632222212,2138406,11,6784,40695,0,-
74521633121213,1784860,11,5657,33922,0,-
74521633121312,1445655,11,4583,27479,0,-
74521633133333,2265112,11,7184,43090,0,-
74521633333313,2646326,11,8403,50405,0,-
74523611121113,1018821,11,3228,19349,0,-
74523611131112,1795278,11,5698,34187,0,-
74523611213111,1209034,11,3832,22975,0,-
74523611312111,1201284,11,3809,22834,0,-
74523612111311,1365434,11,4331,25974,0,-
74523613111211,1098233,11,3480,20868,0,-
74532163123223,1227805,11,3884,23285,0,-
74561231111222,952116,11,3016,18079,0,-
74561232111113,1926966,11,6120,36695,0,-
74561232221111,1208713,11,3834,22980,0,-
74561233111112,1304747,11,4136,24806,0,-
74561233131233,1073533,11,3402,20396,0,-
74561233233323,2003898,11,6361,38154,0,-
74561233311233,916231,11,2904,17395,0,-
74561233321133,1168844,11,3706,22219,0,-
74561233321313,2002164,11,6355,38111,0,-
74563211232332,1415081,11,4480,26877,0,-
74653213133222,1888109,11,5977,35844,0,-
75132463233233,1309177,11,4144,24846,0,-
75143263231313,1735660,11,5493,32947,0,-
75146321323331,1463561,11,4632,27773,0,-
75213642223133,1352753,11,4286,25691,0,-
75231463211123,2438422,11,7731,46376,0,-
75234161322233,1282027,11,4064,24372,0,-
75234162221111,1662929,11,5274,31629,0,-
75236143213232,1316107,11,4169,24983,0,-
75241632222323,1452556,11,4604,27606,0,-
75243162211322,2961956,11,9386,56294,0,-
75243611113232,1346554,11,4270,25591,0,-
75243613213232,1263743,11,4004,24009,0,-
75246131333312,1477261,11,4674,28030,0,-
75246311111111,2698779,11,8563,51362,0,-
75246313212311,1791066,11,5680,34069,0,-
75246313312211,1868024,11,5925,35528,0,-
75246313332332,1342154,11,4255,25511,0,-
75261432123233,1470304,11,4663,27959,0,-
75264132121232,1335264,11,4233,25382,0,-
75264132223331,1143323,11,3624,21713,0,-
75264132321212,985863,11,3122,18707,0,-
75264133121333,1585320,11,5029,30148,0,-
75264133331213,1278432,11,4055,24311,0,-
75264311223122,2014830,11,6388,38311,0,-
75264313231112,1370749,11,4338,26013,0,-
75312463333133,1534334,11,4857,29126,0,-
75314621133221,1291764,11,4097,24560,0,-
75314621313212,4209115,11,13374,80228,0,-
75314623113122,1194474,11,3785,22688,0,-
75316241231231,1385539,11,4383,26269,0,-
75321461311112,2639160,11,8385,50298,0,-
75321463132121,1200319,11,3804,22806,0,-
75346122133133,1235696,11,3910,23444,0,-
75346211133122,1660557,11,5266,31578,0,-
75346211211311,2737045,11,8687,52116,0,-
75346211311211,2332654,11,7408,44427,0,-
75346212323333,1124666,11,3564,21354,0,-
75346213112132,1224356,11,3878,23245,0,-
75346213132121,1134850,11,3595,21553,0,-
75346213132322,1492309,11,4736,28392,0,-
75346213332122,1624756,11,5154,30902,0,-
75412631223332,1253397,11,3975,23829,0,-
75416323232213,1311193,11,4154,24905,0,-
75431263133213,1479224,11,4688,28109,0,-
75462132123212,1614017,11,5102,30597,0,-
75613243131332,1391456,11,4409,26430,0,-
75613243133213,1350233,11,4278,25650,0,-
75634123323122,1237333,11,3918,23489,0,-
75641323232111,1087177,11,3445,20648,0,-
75642132213311,1275809,11,4045,24255,0,-
76123453233323,1132191,11,3589,21505,0,-
76125343333133,1470456,11,4655,27912,0,-
76143252131312,1704795,11,5405,32418,0,-
76143252221222,1296401,11,4109,24634,0,-
76143253131212,2018674,11,6408,38437,0,-
76143253331333,1333013,11,4223,25318,0,-
76143253333313,1693084,11,5365,32175,0,-
76145231121113,1129735,11,3582,21471,0,-
76145231122112,2169936,11,6881,41267,0,-
76145231131112,1273950,11,4039,24219,0,-
76145231221112,2688583,11,8534,51188,0,-
76145231311331,951812,11,3016,18070,0,-
76145232123332,999670,11,3169,18993,0,-
76145232233213,2336896,11,7420,44503,0,-
76145232331313,2787722,11,8864,53163,0,-
76145232332213,2382740,11,7564,45364,0,-
76145233133213,2035506,11,6460,38751,0,-
76145233232333,1153758,11,3658,21932,0,-
76154323333112,1692611,11,5359,32139,0,-
76213543213133,1897372,11,6014,36070,0,-
76213543311332,1245833,11,3943,23637,0,-
76215341231231,1300720,11,4115,24666,0,-
76215433333133,1409099,11,4460,26745,0,-
76231451123111,1205645,11,3821,22914,0,-
76245311121131,893831,11,2830,16963,0,-
76245311131121,855155,11,2709,16227,0,-
76245311213312,2064725,11,6555,39312,0,-
76245312132131,1067656,11,3382,20268,0,-
76245313122122,1526082,11,4840,29024,0,-
76245313123121,1127294,11,3572,21406,0,-
76253141123132,1514721,11,4805,28812,0,-
76253141211332,1738170,11,5518,33090,0,-
76253413322312,1268466,11,4011,24041,0,-
76254133311323,2355239,11,7462,44754,0,-
76254313211111,2372499,11,7517,45088,0,-
76312452212111,1797319,11,5695,34155,0,-
76312453211111,1513212,11,4800,28782,0,-
76312453311311,1016837,11,3219,19295,0,-
76312542321212,1028745,11,3257,19526,0,-
76312542322121,940743,11,2976,17839,0,-
76312543322222,1480959,11,4690,28126,0,-
76315241112113,1143426,11,3622,21714,0,-
76315241113112,1022733,11,3239,19417,0,-
76315241223113,1542411,11,4893,29332,0,-
76315241322122,848938,11,2687,16099,0,-
76315241323313,1663863,11,5277,31647,0,-
76315241332112,1063222,11,3366,20179,0,-
76315243211231,1432469,11,4543,27235,0,-
76315243323323,945431,11,2994,17946,0,-
76321452122123,1185563,11,3740,22419,0,-
76321452122321,1347133,11,4254,25497,0,-
76321452122333,1310213,11,4136,24789,0,-
76321452123323,1638226,11,5176,31031,0,-
76321452212231,2136895,11,6759,40538,0,-
76321452213122,1628961,11,5148,30867,0,-
76321453233131,1249382,11,3943,23635,0,-
76321453311233,1945526,11,6151,36881,0,-
76321453313312,2323421,11,7352,44092,0,-
76321453321133,1211540,11,3823,22913,0,-
76321453323311,1763872,11,5572,33424,0,-
76321542211112,2382160,11,7557,45333,0,-
76321543211111,1555142,11,4932,29574,0,-
76321543311131,1646770,11,5223,31327,0,-
76324151112233,1146963,11,3634,21789,0,-
76324151112323,1496226,11,4748,28470,0,-
76324153323122,947457,11,2998,17968,0,-
76325411111213,1105125,11,3504,20999,0,-
76325411111312,3171129,11,10080,60473,0,-
76325411112131,1299811,11,4123,24718,0,-
76325411113121,1428244,11,4531,27168,0,-
76325411122121,918016,11,2909,17427,0,-
76325411331311,1263958,11,4007,24024,0,-
76325412112121,1678872,11,5326,31941,0,-
76325412231212,2094164,11,6650,39884,0,-
76325412333233,1491987,11,4736,28390,0,-
76325413222223,1033551,11,3275,19630,0,-
76341251111213,1891322,11,6008,36022,0,-
76341251111312,1651960,11,5240,31423,0,-
76341251112131,1848828,11,5866,35189,0,-
76341251113121,1359391,11,4312,25847,0,-
76341251221121,1185932,11,3757,22527,0,-
76341251311313,1279824,11,4060,24331,0,-
76341252232313,1241135,11,3935,23593,0,-
76341252323333,940702,11,2979,17858,0,-
76341253221212,1795602,11,5699,34172,0,-
76341253233131,805897,11,2552,15286,0,-
76342511111231,1142333,11,3621,21703,0,-
76342511111321,1523700,11,4830,28970,0,-
76342511323112,1130676,11,3584,21475,0,-
76342512232223,1100740,11,3489,20914,0,-
76342513213112,2134694,11,6772,40618,0,-
76342513322111,1508693,11,4782,28674,0,-
76342513323122,1157452,11,3666,21983,0,-
76342513323212,1057505,11,3352,20090,0,-
76345122211112,1482203,11,4695,28156,0,-
76345122211121,1292973,11,4097,24564,0,-
76345122213311,1442618,11,4573,27424,0,-
76345122311111,1670847,11,5299,31777,0,-
76345123211111,1507734,11,4783,28678,0,-
76345123311113,1140349,11,3611,21644,0,-
76345123311131,1049162,11,3322,19926,0,-
76345123312211,1088024,11,3448,20664,0,-
76351421112323,1434423,11,4549,27273,0,-
76351421113322,1183529,11,3749,22481,0,-
76351423321232,926395,11,2935,17586,0,-
76354121121212,976346,11,3092,18527,0,-
76354121122121,828121,11,2622,15705,0,-
76354121311313,1065236,11,3373,20219,0,-
76354121313131,1320800,11,4189,25113,0,-
76354122111212,1243945,11,3942,23630,0,-
76354122112121,1329211,11,4214,25263,0,-
76354122212222,2308372,11,7332,43976,0,-
76354123211123,1238484,11,3925,23534,0,-
76354123211132,1200451,11,3804,22804,0,-
76354123313333,2424413,11,7700,46187,0,-
76354212213323,1120732,11,3551,21288,0,-
76354212312233,1891527,11,6008,36020,0,-
76354212313322,2043576,11,6489,38921,0,-
76354212333332,1239308,11,3928,23548,0,-
76354213222223,998223,11,3163,18955,0,-
76354213312223,1106083,11,3507,21014,0,-
76421351131121,1099594,11,3486,20900,0,-
76512343213313,3587277,11,11387,68313,0,-
76512343332311,1623894,11,5137,30807,0,-
76514321112323,1218328,11,3864,23171,0,-
76514321232113,1850659,11,5878,35249,0,-
76521433232333,1188371,11,3767,22584,0,-
76523413223231,1490561,11,4723,28317,0,-
76524313331222,1507088,11,4767,28582,0,-
76541232131213,3534439,11,11221,67311,0,-
76541232221222,1371233,11,4346,26056,0,-
76541233121213,2567066,11,8155,48915,0,-
76541233331333,1428956,11,4529,27166,0,-
76541233333313,1277016,11,4041,24226,0,-
76543211111111,2481859,11,7880,47256,0,-
76543211212112,1511426,11,4793,28743,0,-
76543211223221,1122867,11,3556,21328,0,-
76543211332331,1318276,11,4179,25063,0,-
76543211333333,1176286,11,3727,22350,0,-
76543212132323,1003790,11,3182,19072,0,-
76543212222221,1324010,11,4199,25168,0,-
76543212323213,1015421,11,3217,19285,0,-
76543213113131,1085314,11,3439,20617,0,-
