state,iret,len,expanded,generated,exit,check
12345672121232,12561955,11,49870,299213,0,-
12345672123212,12042947,11,47805,286816,0,-
12345672321212,12643632,11,50192,301135,0,-
12345673131323,12210167,11,48471,290816,0,-
12345673132313,14449474,11,57359,344148,0,-
12345673231313,14041876,11,55745,334461,0,-
12345761111111,8458943,11,33633,201786,0,-
12346571111231,6258862,11,24869,149195,0,-
12346751113133,8716991,11,34645,207852,0,-
12347561112212,7979646,11,31708,190232,0,-
12347651111111,13238113,11,52653,315906,0,-
12347651122112,8188484,11,32550,195285,0,-
12347651133311,7463645,11,29674,178021,0,-
12347652111221,6725537,11,26734,160388,0,-
12347652123233,7957598,11,31639,189813,0,-
12347652123332,9807036,11,38989,233922,0,-
12347652223232,7423022,11,29512,177051,0,-
12347653111133,7924333,11,31510,189049,0,-
12347653132223,6776506,11,26937,161610,0,-
12347653132322,6622057,11,26324,157922,0,-
12347653332323,7462449,11,29665,177972,0,-
12354671111111,9337667,11,37127,222744,0,-
12354761112323,12358014,11,49124,294728,0,-
12354762121112,8797927,11,34972,209813,0,-
12354762121211,9561621,11,38004,228017,0,-
12354762311123,7184114,11,28550,171287,0,-
12354763131131,8004553,11,31810,190839,0,-
12354763133111,7273633,11,28905,173419,0,-
12354763211123,8518514,11,33855,203117,0,-
12356471113133,7696242,11,30580,183468,0,-
12356741133131,10438051,11,41427,248551,0,-
12356741313131,10867078,11,43142,258840,0,-
12356743113131,10931730,11,43387,260316,0,-
12357461111222,8436497,11,33528,201158,0,-
12357461113331,8117422,11,32261,193553,0,-
12357462211112,8362005,11,33235,199389,0,-
12357641113331,7877081,11,31308,187830,0,-
12364571112212,8782784,11,34906,209422,0,-
12364751112212,7526409,11,29912,179460,0,-
12364751113133,7914177,11,31454,188706,0,-
12364753311131,7597542,11,30197,181159,0,-
12365471111111,9326617,11,37099,222578,0,-
12365471211122,7899541,11,31409,188440,0,-
12365471313113,6541625,11,26004,156004,0,-
12365472223232,7321211,11,29108,174632,0,-
12365472321233,8455208,11,33613,201669,0,-
12365473232312,6653491,11,26446,158657,0,-
12365473332323,6677672,11,26545,159255,0,-
12365741113331,7958645,11,31626,189740,0,-
12367451123333,11741201,11,46606,279617,0,-
12367451132222,10699005,11,42453,254702,0,-
12367451213333,11388164,11,45188,271112,0,-
12367451312222,13925880,11,55278,331661,0,-
12367452113333,12591332,11,49980,299866,0,-
12367453112222,11350675,11,45039,270216,0,-
12367541112212,9846174,11,39122,234725,0,-
12367541113331,11284222,11,44837,269010,0,-
12367541331131,7223853,11,28705,172221,0,-
12374561121212,10891609,11,43242,259433,0,-
12374561211212,10724148,11,42564,255370,0,-
12374562111212,12730932,11,50546,303264,0,-
12374651111222,8820430,11,35044,210245,0,-
12375461111222,8523388,11,33879,203255,0,-
12375641113112,8052731,11,31997,191966,0,-
12376451111222,8975261,11,35672,214015,0,-
12376451113133,8571157,11,34064,204375,0,-
12376451221211,7390762,11,29369,176195,0,-
12376541112323,8935177,11,35519,213102,0,-
12376541232233,10576618,11,42032,252186,0,-
12376541322233,7329943,11,29126,174745,0,-
12376542121232,8159819,11,32429,194553,0,-
12376542123212,7525415,11,29908,179432,0,-
12376543133132,6576364,11,26121,156715,0,-
12376543133231,6538400,11,25973,155817,0,-
12456731132321,11924616,11,47383,284280,0,-
12456731233223,7078360,11,28126,168743,0,-
12456733223321,7124919,11,28312,169861,0,-
12463751231231,7527777,11,29886,179294,0,-
12467351131121,7533813,11,29941,179623,0,-
12467351231321,6525820,11,25934,155581,0,-
12473561132123,7171736,11,28499,170985,0,-
12536741112323,7724518,11,30719,184301,0,-
12537461332112,7194170,11,28567,171383,0,-
12543671111111,9590525,11,38150,228890,0,-
12543671211212,7473587,11,29707,178222,0,-
12543671331113,6856742,11,27256,163516,0,-
12543672121121,7000861,11,27828,166954,0,-
12543672321332,7235213,11,28760,172544,0,-
12543672322232,7012072,11,27875,167235,0,-
12543672331232,6648344,11,26428,158546,0,-
12543673111331,6831738,11,27156,162916,0,-
12543673221323,7161247,11,28465,170770,0,-
12543673231223,6854856,11,27248,163471,0,-
12543673233323,8705251,11,34604,207607,0,-
12546371221331,7141151,11,28362,170158,0,-
12563472131213,8883502,11,35295,211752,0,-
12563473131212,8325941,11,33078,198448,0,-
12564733323122,6835686,11,27144,162842,0,-
12567433232333,7102028,11,28231,169363,0,-
12576343212221,8755686,11,34771,208613,0,-
12637451132111,8402496,11,33391,200332,0,-
12637451332112,6306940,11,25061,150338,0,-
12643571321321,6937814,11,27549,165273,0,-
12645371131121,7785187,11,30934,185580,0,-
12673542331133,9611614,11,38174,229032,0,-
12734561112323,7681132,11,30547,183266,0,-
12734561322233,6772878,11,26919,161497,0,-
12734562313223,6492187,11,25804,154804,0,-
12745631111111,22702545,11,90278,541652,0,-
12745632111122,7468046,11,29693,178137,0,-
12745632212213,8810722,11,35028,210154,0,-
12745632222221,7159923,11,28464,170763,0,-
12745632232211,8514668,11,33851,203083,0,-
12745633131131,7980816,11,31720,190309,0,-
12745633313312,6984666,11,27762,166555,0,-
12745633313333,7445627,11,29603,177605,0,-
12745633323311,7075078,11,28123,168721,0,-
12753462231323,7980434,11,31707,190230,0,-
12763452322232,7202063,11,28629,171760,0,-
12765432121313,8100092,11,32177,193054,0,-
12765432222212,12256938,11,48688,292119,0,-
12765433121213,9188735,11,36504,219011,0,-
12765433331333,8396406,11,33357,200137,0,-
13245671321111,8118334,11,32256,193520,0,-
13246571111111,10262021,11,40813,244866,0,-
13246571112233,6906935,11,27446,164662,0,-
13246571113232,10707314,11,42551,255300,0,-
13246572321332,8112799,11,32236,193396,0,-
13246572331232,7330827,11,29131,174766,0,-
13246573221233,7580060,11,30119,180685,0,-
13246573321223,7726588,11,30701,184190,0,-
13246752133211,9421320,11,37415,224484,0,-
13247563212131,8398374,11,33355,200123,0,-
13254761322233,7990840,11,31752,190504,0,-
13254761323322,6864815,11,27273,163617,0,-
13254762321233,9493911,11,37732,226383,0,-
13254763323122,8123764,11,32272,193619,0,-
13257641112233,6978551,11,27722,166322,0,-
13265741112323,11531635,11,45839,275023,0,-
13265742131312,9853584,11,39152,234895,0,-
13267451122211,8568055,11,34056,204323,0,-
13267451311133,7185449,11,28558,171328,0,-
13267541111132,9146642,11,36322,217914,0,-
13267541232212,8345162,11,33134,198790,0,-
13274651112323,10178984,11,40467,242792,0,-
13275461112233,7680299,11,30514,183066,0,-
13275463213211,7594279,11,30169,181001,0,-
13275641112233,9279310,11,36850,221077,0,-
13275641112323,11540941,11,45862,275152,0,-
13275642131333,8752735,11,34757,208531,0,-
13275643212221,9371827,11,37215,223273,0,-
13276451113211,10080936,11,40029,240157,0,-
13276451233133,10031647,11,39832,238972,0,-
13276541133122,7444910,11,29583,177478,0,-
13276541213312,10002050,11,39744,238443,0,-
13276541321123,7467647,11,29674,178024,0,-
13276541322311,9614248,11,38203,229195,0,-
13276541323112,6282842,11,24961,149746,0,-
13276541323322,6555232,11,26045,156253,0,-
13276542323312,7482126,11,29733,178382,0,-
13276543323122,7233673,11,28741,172433,0,-
13462571111111,8069580,11,32095,192554,0,-
13462572213311,6715937,11,26694,160156,0,-
13527461211113,8010613,11,31837,191007,0,-
13542671231231,6406220,11,25442,152633,0,-
13546271213213,7165488,11,28463,170763,0,-
13546271231231,9234873,11,36671,220005,0,-
13546271321321,7937051,11,31518,189092,0,-
13572641122133,10192110,11,40501,242995,0,-
13576241312213,9941151,11,39484,236898,0,-
13576241321321,7976865,11,31659,189935,0,-
13627451332112,7110411,11,28233,169386,0,-
13642571221223,9455037,11,37504,225009,0,-
13642571223221,9437121,11,37434,224584,0,-
13642573221221,10695976,11,42429,254559,0,-
13645271221331,6640497,11,26372,158214,0,-
13647521111111,7781738,11,30950,185678,0,-
13675241112323,8519122,11,33856,203123,0,-
13675242331313,7663335,11,30445,182655,0,-
13725642332132,7881379,11,31321,187911,0,-
13754262123323,15194907,11,60326,361942,0,-
13762451321321,6649193,11,26398,158367,0,-
13764251211311,6110662,11,24285,145683,0,-
13764252323231,7072887,11,28110,168643,0,-
13765422121211,9471854,11,37619,225702,0,-
14263751131121,7134702,11,28355,170118,0,-
14267351321321,7219685,11,28663,171959,0,-
14275633323122,7694596,11,30575,183432,0,-
14325671111111,26359442,11,104821,628911,0,-
14325672112121,6992902,11,27796,166764,0,-
14325672231323,7237357,11,28772,172621,0,-
14325672323222,7061749,11,28073,168419,0,-
14325673123232,7218605,11,28693,172143,0,-
14325673232333,6780023,11,26958,161724,0,-
14325673311131,8216300,11,32666,195985,0,-
14327652131213,7868242,11,31261,187553,0,-
14327653121213,8367091,11,33240,199432,0,-
14352672212111,7534408,11,29939,179615,0,-
14356721112323,7833044,11,31151,186893,0,-
14356721322233,9158498,11,36403,218405,0,-
14367252322232,7249594,11,28818,172890,0,-
14367523311113,12741417,11,50627,303752,0,-
14523672121313,8088583,11,32130,192766,0,-
14523673121312,9757774,11,38762,232567,0,-
14527631121311,7502031,11,29826,178938,0,-
14527631131211,7227214,11,28733,172381,0,-
14527631133311,6982288,11,27762,166541,0,-
14527631211131,7896844,11,31395,188357,0,-
14527631311121,7788469,11,30966,185775,0,-
14527632122213,7862989,11,31265,187571,0,-
14527632212111,7991113,11,31768,190591,0,-
14527632333332,9404547,11,37385,224298,0,-
14527633132322,7295861,11,28999,173977,0,-
14527633312133,7519605,11,29895,179352,0,-
14536273311311,8408485,11,33411,200454,0,-
14537622231323,7421539,11,29490,176925,0,-
14563272323222,6846888,11,27221,163311,0,-
14567231312213,9948806,11,39529,237164,0,-
14567231321123,8496763,11,33744,202451,0,-
14573261333111,8107467,11,32210,193244,0,-
14625731111111,10133678,11,40303,241801,0,-
14625731131121,8048134,11,31980,191864,0,-
14625731322233,7254583,11,28829,172950,0,-
14625732112121,7621018,11,30287,181708,0,-
14625732113321,8500901,11,33787,202710,0,-
14625732213323,7173657,11,28514,171063,0,-
14625732233111,7892795,11,31370,188201,0,-
14625733133111,7107146,11,28242,169435,0,-
14632571111111,12407405,11,49327,295947,0,-
14632571321132,7322260,11,29097,174568,0,-
14652733321331,7912545,11,31413,188460,0,-
14673251111111,9887047,11,39320,235905,0,-
14723651111213,7163962,11,28480,170868,0,-
14723651111312,9110249,11,36215,217281,0,-
14723651112131,7220867,11,28704,172215,0,-
14723651113121,6921802,11,27518,165090,0,-
14723651211212,6589679,11,26192,157133,0,-
14723652322121,6142973,11,24411,146448,0,-
14723652331232,7577046,11,30120,180703,0,-
14723653232222,6884155,11,27364,164167,0,-
14723653313111,7139533,11,28385,170289,0,-
14723653321313,8735906,11,34725,208340,0,-
14725361111111,8199039,11,32603,195604,0,-
14725361111123,7141982,11,28379,170260,0,-
14725361322332,7666596,11,30459,182738,0,-
14725362211121,8877641,11,35278,211653,0,-
14725363211213,6932964,11,27551,165291,0,-
14725363213121,6720054,11,26707,160221,0,-
14725363223213,7067648,11,28080,168464,0,-
14725363311113,9043912,11,35939,215608,0,-
14726531223122,7872239,11,31280,187667,0,-
14726531232122,7884458,11,31334,187991,0,-
14726531233313,7022437,11,27907,167430,0,-
14726531333312,6535283,11,25966,155784,0,-
14726532232313,8120368,11,32274,193633,0,-
14726533323122,6869340,11,27289,163714,0,-
14735621221112,7089500,11,28173,169025,0,-
14735621223113,6543564,11,25995,155954,0,-
14735621223332,10358046,11,41158,246936,0,-
14735621233112,8717508,11,34636,207796,0,-
14735621323112,8296692,11,32965,197770,0,-
14735621332112,6428015,11,25533,153176,0,-
14735621333111,6856870,11,27251,163484,0,-
14735621333222,6425320,11,25531,153169,0,-
14736251111132,7677807,11,30511,183051,0,-
14736251112332,7068245,11,28083,168484,0,-
14736253222223,7158480,11,28444,170660,0,-
14736521132222,7758018,11,30822,184909,0,-
14736521133131,7649652,11,30398,182370,0,-
14736521211212,7334234,11,29144,174847,0,-
14736521213333,7508438,11,29828,178947,0,-
14736521221313,7763637,11,30843,185050,0,-
14736521321231,10508259,11,41758,250545,0,-
14736521322233,7007038,11,27844,167050,0,-
14736521332121,8825132,11,35065,210375,0,-
14736523112222,7799487,11,30988,185912,0,-
14736523113131,7351851,11,29215,175271,0,-
14752363222121,6756061,11,26842,161034,0,-
14752363232222,8697478,11,34563,207358,0,-
14752363233131,7742326,11,30762,184545,0,-
14752631111111,9604174,11,38187,229109,0,-
14752631112311,7968472,11,31667,189982,0,-
14752631323223,7063003,11,28067,168381,0,-
14752632332132,6826523,11,27122,162714,0,-
14752633213223,6953454,11,27626,165744,0,-
14752633222223,7414347,11,29467,176787,0,-
14752633223123,7178529,11,28518,171090,0,-
14752633223231,7788724,11,30947,185664,0,-
14753261221112,7027677,11,27926,167538,0,-
14753261323112,8720976,11,34644,207855,0,-
14753261333111,7042567,11,27983,167879,0,-
14762351221331,8077907,11,32088,192513,0,-
14762351321231,8668825,11,34446,206665,0,-
14762351331221,6623304,11,26304,157798,0,-
14763251221223,12415128,11,49254,295508,0,-
14763251222312,11532517,11,45754,274506,0,-
14763251332331,10887345,11,43187,259105,0,-
14763251333123,10286116,11,40805,244814,0,-
14763252322121,9975394,11,39570,237397,0,-
14763253132232,9799015,11,38870,233203,0,-
14763253133132,9790188,11,38836,232995,0,-
14763253133222,10611250,11,42095,252559,0,-
14763253133231,10267639,11,40730,244356,0,-
14763253221221,9875623,11,39170,235001,0,-
14763253222112,11323732,11,44923,269524,0,-
14763521113211,7803486,11,31005,186009,0,-
14763521113223,7132764,11,28338,170015,0,-
14763523222331,6018082,11,23901,143386,0,-
14765231111213,7718964,11,30686,184095,0,-
14765231111312,8050530,11,32004,192007,0,-
14765231112131,7520971,11,29901,179388,0,-
14765231113121,6879700,11,27350,164080,0,-
14765231133131,6950520,11,27627,165740,0,-
14765232211211,7091077,11,28192,169138,0,-
14765232232322,7033095,11,27960,167740,0,-
14765232331313,7045691,11,28008,168028,0,-
14765233113131,6646365,11,26417,158479,0,-
14765233323332,7094111,11,28198,169184,0,-
15236471111111,9113879,11,36244,217449,0,-
15236473231121,6352061,11,25242,151439,0,-
15243671331221,7133621,11,28332,169973,0,-
15246371331332,9830473,11,38993,233941,0,-
15246371332331,9512959,11,37734,226384,0,-
15246372331331,9398391,11,37279,223657,0,-
15267431223113,7161273,11,28438,170606,0,-
15273641112323,8899963,11,35372,212211,0,-
15324673113311,12233684,11,48621,291714,0,-
15342671211311,6110485,11,24279,145647,0,-
15346271321321,6548179,11,26004,156005,0,-
15367421211113,8684722,11,34516,207085,0,-
15367421223113,6475660,11,25732,154373,0,-
15367423211123,7512331,11,29862,179152,0,-
15426371111111,8073861,11,32112,192656,0,-
15426371112233,7118214,11,28293,169747,0,-
15463271313113,7919113,11,31459,188738,0,-
15624732123212,9661417,11,38404,230414,0,-
15624732133313,8052162,11,32002,191990,0,-
15624732333332,7562161,11,30052,180297,0,-
15627431223113,6477000,11,25726,154337,0,-
15627431322113,8880422,11,35283,211680,0,-
15627431332112,6602319,11,26225,157332,0,-
15634722123332,10271999,11,40826,244943,0,-
15634722321233,7452960,11,29620,177708,0,-
15637423211123,8379102,11,33297,199772,0,-
15642371111111,17112569,11,68037,408215,0,-
15642372213311,7335587,11,29148,174869,0,-
15642372231332,7559880,11,30038,180207,0,-
15642372331322,7039860,11,27972,167814,0,-
15642373212311,7190294,11,28573,171427,0,-
15642373221323,7627691,11,30308,181839,0,-
15642373231223,8628722,11,34287,205711,0,-
15643271221331,6945733,11,27586,165503,0,-
15643271331221,7370400,11,29275,175637,0,-
15643273223111,6531640,11,25947,155659,0,-
15647233213232,6522217,11,25895,155354,0,-
15672341113232,8425769,11,33480,200869,0,-
15672341323112,6681089,11,26538,159219,0,-
15672342323312,7687203,11,30545,183256,0,-
15672343213232,6526938,11,25925,155524,0,-
15672433312133,9217444,11,36595,219555,0,-
15724362212132,8902544,11,35348,212078,0,-
15724631111111,8351666,11,33216,199273,0,-
15724631211311,6801030,11,27021,162115,0,-
15724631322233,7683708,11,30530,183164,0,-
15724632123233,9611961,11,38199,229183,0,-
15724632313223,7109933,11,28247,169474,0,-
15724632323231,7889459,11,31346,188056,0,-
15724632323333,7834636,11,31136,186798,0,-
15724633132322,6587326,11,26178,157047,0,-
15734622331223,7878039,11,31274,187621,0,-
15746321111111,10524376,11,41848,251070,0,-
15746321323211,6293550,11,25008,150030,0,-
15746322313112,5910179,11,23485,140895,0,-
15762342122213,10956300,11,43510,261044,0,-
15763241111111,9345304,11,37166,222981,0,-
15763242323132,6692630,11,26596,159555,0,-
16243571132132,6667189,11,26485,158894,0,-
16243571231231,7194898,11,28577,171433,0,-
16243571321321,6894845,11,27386,164304,0,-
16245371231231,7457606,11,29610,177644,0,-
16254733312223,12893239,11,51220,307304,0,-
16257431132111,7590406,11,30166,180975,0,-
16257433223123,6433752,11,25562,153363,0,-
16273541122133,10900467,11,43293,259737,0,-
16273541321321,9633463,11,38238,229408,0,-
16275341312213,9078149,11,36077,216455,0,-
16275343122221,7435523,11,29537,177209,0,-
16327453232333,6979592,11,27742,166436,0,-
16342571331221,7375862,11,29291,175734,0,-
16345271111111,15956242,11,63463,380766,0,-
16345271133131,7186433,11,28569,171394,0,-
16345271222111,7843212,11,31180,187068,0,-
16345272322232,7578155,11,30125,180738,0,-
16345272333212,6898686,11,27426,164542,0,-
16345273122323,8412315,11,33444,200646,0,-
16345273233323,9026301,11,35880,215264,0,-
16347252131312,10182350,11,40451,242685,0,-
16347253121312,9635465,11,38277,229644,0,-
16357421223113,7439367,11,29540,177234,0,-
16374521112323,7872915,11,31308,187838,0,-
16374523211123,7008838,11,27864,167163,0,-
16423572112121,8351265,11,33176,199041,0,-
16427531211311,6702379,11,26630,159763,0,-
16427531231321,7395867,11,29386,176304,0,-
16427532333233,12186875,11,48429,290557,0,-
16453271111111,10114761,11,40223,241315,0,-
16453271211113,6756897,11,26854,161099,0,-
16453272111131,6832182,11,27154,162901,0,-
16475233132313,10073220,11,40007,240031,0,-
16523473332323,6929822,11,27550,165286,0,-
16523741112212,8118040,11,32255,193511,0,-
16524731112212,9377650,11,37271,223617,0,-
16524731112233,8057400,11,32018,192097,0,-
16524731113133,7973326,11,31692,190132,0,-
16527341111111,7921758,11,31501,188985,0,-
16527431123333,11751790,11,46643,279844,0,-
16527431222132,12215390,11,48473,290824,0,-
16527431312222,13252723,11,52605,315611,0,-
16527431333213,10492541,11,41630,249761,0,-
16527432113333,10647010,11,42258,253533,0,-
16527432211322,12287271,11,48769,292592,0,-
16527432231122,11046649,11,43842,263041,0,-
16527432231332,10543463,11,41834,250986,0,-
16527432331322,11265770,11,44703,268200,0,-
16527432333113,10967028,11,43518,261086,0,-
16527433312133,10761383,11,42710,256236,0,-
16532471111222,8995656,11,35740,214421,0,-
16534271111111,8890325,11,35353,212101,0,-
16534271111132,6634200,11,26372,158206,0,-
16534273211111,8335713,11,33136,198805,0,-
16534723211123,10894968,11,43298,259779,0,-
16537421111222,7349406,11,29212,175248,0,-
16537421113322,7418462,11,29475,176833,0,-
16537421113331,7806609,11,31028,186152,0,-
16537421223113,6477095,11,25727,154341,0,-
16537421233112,9111224,11,36197,217167,0,-
16537421332112,6563029,11,26067,156377,0,-
16542371221331,6173922,11,24520,147099,0,-
16542371331221,6841482,11,27172,163014,0,-
16542372112331,9525622,11,37846,227061,0,-
16543271221223,13033941,11,51710,310235,0,-
16543271223221,9707353,11,38504,231008,0,-
16543271331332,10521819,11,41733,250382,0,-
16543271332331,10624783,11,42146,252857,0,-
16543272331331,9836687,11,39019,234086,0,-
16543273221221,10490014,11,41608,249626,0,-
16543721111111,8116383,11,32277,193642,0,-
16543721113211,6652019,11,26442,158634,0,-
16547233332323,7652316,11,30422,182520,0,-
16547321113331,9582550,11,38071,228415,0,-
16572431111111,9184252,11,36523,219126,0,-
16572433213223,6607154,11,26254,157502,0,-
16573241123123,7725135,11,30690,184119,0,-
16573241312312,6952603,11,27619,165691,0,-
16574231113133,8157499,11,32410,194450,0,-
16723451122133,8182660,11,32509,195043,0,-
16723451322311,7249600,11,28784,172693,0,-
16725431121311,6926981,11,27541,165228,0,-
16725431131211,7149389,11,28423,170523,0,-
16725431211122,7213349,11,28676,172049,0,-
16725431211131,8869408,11,35260,211545,0,-
16725431311121,6704384,11,26655,159909,0,-
16725432211121,7937777,11,31559,189338,0,-
16725432232223,6968733,11,27709,166234,0,-
16725433113311,7143381,11,28399,170375,0,-
16725433122212,6745275,11,26814,160868,0,-
16725433333232,6417506,11,25509,153034,0,-
16735242122213,9654278,11,38338,230013,0,-
16742352232313,8600043,11,34175,205037,0,-
16743252323222,7036806,11,27975,167831,0,-
16745232121313,8239643,11,32735,196402,0,-
16745232122222,7659878,11,30430,182562,0,-
16745233121213,7566577,11,30060,180342,0,-
16745233333313,10963974,11,43566,261390,0,-
16753241221112,8351189,11,33180,199068,0,-
17246351111111,7890107,11,31384,188282,0,-
17265433111313,12008114,11,47692,286134,0,-
17324561211323,8299610,11,32975,197829,0,-
17324561232332,6045968,11,24023,144123,0,-
17326452212111,12756627,11,50692,304137,0,-
17356241212313,6148738,11,24434,146579,0,-
17356242211331,9746046,11,38727,232340,0,-
17362451211311,6037329,11,23992,143938,0,-
17362451231321,6786757,11,26968,161796,0,-
17362452213311,10437302,11,41477,248848,0,-
17364251231231,8100098,11,32158,192934,0,-
17423653213232,6868701,11,27278,163649,0,-
17425631122112,7376820,11,29314,175865,0,-
17425631223113,6617330,11,26285,157694,0,-
17425631313113,7176654,11,28522,171113,0,-
17425631322113,8445368,11,33556,201316,0,-
17425631322332,9924372,11,39437,236602,0,-
17425631323112,8542098,11,33939,203620,0,-
17425631323223,6951220,11,27620,165706,0,-
17425631332112,6783768,11,26950,161678,0,-
17426531112233,7368853,11,29280,175672,0,-
17426531121212,8303647,11,33001,197991,0,-
17426531132312,8127485,11,32296,193759,0,-
17426531213123,8856088,11,35189,211119,0,-
17426531223221,6520048,11,25902,155382,0,-
17426531232233,10357028,11,41160,246948,0,-
17426531313131,8333810,11,33121,198709,0,-
17426531331332,6840442,11,27170,163006,0,-
17426532121211,7578335,11,30123,180716,0,-
17426532331331,7506420,11,29820,178891,0,-
17435622211133,9947764,11,39503,237006,0,-
17435623211123,10715745,11,42562,255360,0,-
17436521323232,6538381,11,25977,155855,0,-
17452363213232,6594836,11,26192,157134,0,-
17452363322132,6640871,11,26384,158281,0,-
17452633213232,8519979,11,33814,202876,0,-
17453262211133,7563320,11,30050,180278,0,-
17462352213311,7864135,11,31241,187425,0,-
17463251122112,7284765,11,28947,173664,0,-
17463251221331,6143933,11,24399,146372,0,-
17463251313113,7072513,11,28104,168602,0,-
17463251321231,7639194,11,30353,182098,0,-
17463251323112,8716256,11,34627,207750,0,-
17463251331221,6524912,11,25915,155472,0,-
17526431131121,7328654,11,29113,174674,0,-
17526431231321,7719913,11,30671,184008,0,-
17526432123233,10215897,11,40595,243564,0,-
17543261111111,10420476,11,41440,248620,0,-
17543261132111,6635911,11,26374,158219,0,-
17642531111111,7865982,11,31286,187694,0,-
17642531112233,9443535,11,37534,225188,0,-
17642533312211,6720487,11,26713,160264,0,-
17643251122112,7961519,11,31628,189756,0,-
21345671111111,9808192,11,38998,233961,0,-
21345762223322,11728203,11,46576,279445,0,-
21345762312323,9265926,11,36797,220769,0,-
21345762313223,8330906,11,33083,198482,0,-
21345763332233,8938717,11,35499,212978,0,-
21346752313322,9968850,11,39613,237665,0,-
21347562312323,12474246,11,49559,297337,0,-
21354671122112,7278157,11,28924,173521,0,-
21354671131313,8968736,11,35650,213894,0,-
21354671221112,7402419,11,29417,176488,0,-
21354672311123,8201469,11,32594,195559,0,-
21354672311132,8991467,11,35739,214421,0,-
21354672313211,25446452,11,101180,607070,0,-
21354673131113,8922882,11,35469,212798,0,-
21354761112233,7610311,11,30241,181424,0,-
21354761112311,7103082,11,28223,169321,0,-
21354761113211,7879689,11,31309,187837,0,-
21354761113322,7212889,11,28658,171930,0,-
21354761122211,9459923,11,37592,225532,0,-
21354761133311,7937609,11,31543,189239,0,-
21354762213311,6643868,11,26399,158374,0,-
21354763312211,7097803,11,28200,169183,0,-
21357462311111,9832808,11,39042,234234,0,-
21357463213331,9097401,11,36115,216673,0,-
21357642221132,9480133,11,37659,225940,0,-
21364752311111,8509566,11,33791,202735,0,-
21364753212212,8014484,11,31815,190870,0,-
21365742221312,6947757,11,27602,165597,0,-
21365742312323,8407207,11,33401,200396,0,-
21367451311331,7207242,11,28639,171815,0,-
21367452112112,7078629,11,28128,168746,0,-
21374653333121,7884643,11,31308,187833,0,-
21375462312233,7726950,11,30707,184230,0,-
21375463333211,8380486,11,33295,199760,0,-
21376541111123,7561215,11,30043,180238,0,-
21376541112311,7300447,11,29007,174030,0,-
21376541122211,9929804,11,39455,236715,0,-
21376541131133,7730599,11,30720,184300,0,-
21457631321123,10306775,11,40954,245711,0,-
21473563331312,9215594,11,36589,219531,0,-
21536742222131,9080773,11,36055,216318,0,-
21654372231323,7985923,11,31738,190424,0,-
21654372233321,7292526,11,28976,173847,0,-
21654373332122,7177878,11,28515,171066,0,-
21654373332221,7125433,11,28308,169835,0,-
21734652123131,7001298,11,27833,166978,0,-
23147562123131,10134584,11,40273,241632,0,-
23147651112323,8360970,11,33238,199417,0,-
23147652312323,7288236,11,28959,173736,0,-
23156471222132,7837342,11,31144,186844,0,-
23156471333132,6640484,11,26384,158280,0,-
23156473323332,7370508,11,29289,175720,0,-
23157461231333,8313849,11,33020,198105,0,-
23157462131123,10371842,11,41196,247164,0,-
23164573213133,8312563,11,33006,198010,0,-
23164752131312,7933450,11,31524,189133,0,-
23164753333313,7721410,11,30682,184074,0,-
23165471111111,8388573,11,33358,200127,0,-
23165471311133,7581527,11,30134,180784,0,-
23165471312132,7052898,11,28030,168161,0,-
23165472111122,7914531,11,31455,188718,0,-
23165472111332,6769751,11,26904,161400,0,-
23165472132332,7787986,11,30947,185658,0,-
23165472311111,7249524,11,28808,172834,0,-
23165473233221,8580992,11,34094,204547,0,-
23165741112323,10517602,11,41799,250787,0,-
23165741231312,9570192,11,38005,228022,0,-
23165742123131,9493193,11,37715,226287,0,-
23165742131321,11700420,11,46464,278776,0,-
23165742131333,13683625,11,54348,326085,0,-
23165742312323,9470968,11,37609,225629,0,-
23165743331312,13721074,11,54495,326964,0,-
23167541233322,7959540,11,31622,189725,0,-
23167542131222,7874924,11,31285,187697,0,-
23174652123131,8238488,11,32743,196444,0,-
23175463211222,8606431,11,34167,204994,0,-
23176452132221,7924106,11,31463,188758,0,-
23176453332233,8431862,11,33491,200932,0,-
23416752121211,10657336,11,42329,253968,0,-
23417563232123,7040228,11,27978,167853,0,-
23456173212332,6128681,11,24339,146021,0,-
23456173233122,7824002,11,31085,186496,0,-
23456713212332,6373138,11,25310,151835,0,-
23475162121112,9982445,11,39640,237822,0,-
23517462131333,10745045,11,42664,255977,0,-
23576412233321,7110089,11,28263,169562,0,-
23576412312323,6825697,11,27132,162773,0,-
23657142121112,10817986,11,42967,257788,0,-
23671452122333,14890700,11,59120,354709,0,-
23674153232321,6442798,11,25605,153608,0,-
23751461132123,6154424,11,24457,146720,0,-
23751463112321,6222982,11,24730,148359,0,-
23756143222331,7770314,11,30859,185147,0,-
23756411222312,9610951,11,38126,228732,0,-
23756413222112,10047015,11,39856,239118,0,-
23756413223312,9634734,11,38219,229293,0,-
23756413322312,10088457,11,40021,240111,0,-
24153672321233,7889774,11,31346,188063,0,-
24157361313212,7199287,11,28605,171612,0,-
24157362323111,7095018,11,28189,169121,0,-
24167353132232,10423641,11,41375,248241,0,-
24173652323231,6567608,11,26105,156612,0,-
24315673311311,12449741,11,49483,296892,0,-
24315761122322,8657597,11,34399,206384,0,-
24315762213323,7902645,11,31406,188419,0,-
24351671212211,9917285,11,39410,236453,0,-
24351673111133,10092522,11,40110,240655,0,-
24351673311311,11683909,11,46433,278583,0,-
24351761111123,11959777,11,47500,284986,0,-
24351761212232,8440674,11,33511,201057,0,-
24367511323112,8825567,11,35069,210401,0,-
24367513111121,6601136,11,26234,157383,0,-
24376512222122,10833679,11,43018,258095,0,-
24516732233111,8062353,11,32041,192228,0,-
24531673123121,9023300,11,35831,214973,0,-
24536713231232,8036857,11,31903,191406,0,-
24537613231322,10445005,11,41501,248991,0,-
24561372111131,7874377,11,31292,187732,0,-
24563711121212,10008742,11,39736,238407,0,-
24563712121232,10087932,11,40051,240297,0,-
24563713121222,12935544,11,51354,308118,0,-
24571362221213,9327774,11,37036,222197,0,-
24571631121212,9300846,11,36935,221592,0,-
24615371112332,7470149,11,29673,178023,0,-
24615372213311,14161254,11,56247,337469,0,-
24615731122313,9829002,11,39033,234193,0,-
24615731132333,13465170,11,53480,320875,0,-
24615732111323,11885381,11,47199,283192,0,-
24615732213311,8110815,11,32208,193232,0,-
24615732233321,9641234,11,38285,229697,0,-
24615733113323,13850443,11,55016,330088,0,-
24615733311122,8458394,11,33594,201549,0,-
24617532233321,10757391,11,42746,256453,0,-
24637512311132,10079767,11,40058,240330,0,-
24651731113223,7869365,11,31260,187553,0,-
24651731333333,7086651,11,28150,168891,0,-
24715363311332,8488789,11,33702,202203,0,-
24715631111111,8953861,11,35610,213652,0,-
24715631122121,8894080,11,35341,212025,0,-
24715631122133,7161051,11,28464,170763,0,-
24715632313223,6493039,11,25801,154785,0,-
24715633112111,6389023,11,25387,152302,0,-
24715633131131,8667685,11,34439,206614,0,-
24716532323231,10065190,11,39965,239773,0,-
24731561111111,12514093,11,49751,298494,0,-
24731562311231,7284752,11,28945,173654,0,-
24736512222332,10471965,11,41596,249564,0,-
24751362221231,12960288,11,51471,308811,0,-
24751362321113,15616960,11,62024,372129,0,-
24761531221223,10136343,11,40236,241401,0,-
24763151111111,8356054,11,33234,199386,0,-
24765313222112,8542562,11,33902,203392,0,-
25134672233321,7049937,11,28022,168111,0,-
25134672312323,6771363,11,26913,161463,0,-
25134672313211,9074272,11,36089,216521,0,-
25137461111111,9122600,11,36280,217662,0,-
25137461211323,6281337,11,24963,149751,0,-
25163741112323,8307028,11,33013,198057,0,-
25314673111313,16938356,11,67246,403459,0,-
25314673111331,16184183,11,64232,385381,0,-
25314673131311,16731934,11,66424,398536,0,-
25341673113311,13980831,11,55556,333324,0,-
25341762313223,11824654,11,46967,281785,0,-
25364172311231,12899829,11,51264,307568,0,-
25364173223231,6102339,11,24248,145466,0,-
25367411211122,8633171,11,34302,205791,0,-
25413672323111,12989276,11,51618,309695,0,-
25413763121222,9031037,11,35858,215132,0,-
25436711311313,7631188,11,30326,181938,0,-
25436712123122,7097229,11,28207,169224,0,-
25436712123332,7861790,11,31249,187470,0,-
25436712132122,7776537,11,30900,185387,0,-
25436712323231,7091947,11,28183,169075,0,-
25436713232321,7626655,11,30306,181811,0,-
25436713332122,7233748,11,28739,172420,0,-
25463713212332,8014122,11,31808,190833,0,-
25471362323132,7559985,11,30044,180247,0,-
25471631312213,11379494,11,45196,271165,0,-
25631741212121,13949032,11,55392,332340,0,-
25634713321232,8788972,11,34921,209510,0,-
25641371213132,8485831,11,33704,202212,0,-
25714632123131,9052086,11,35980,215864,0,-
25714632223331,8031125,11,31914,191473,0,-
25714632313211,22452185,11,89280,535671,0,-
25714633121333,8777163,11,34885,209296,0,-
25716431212223,8454363,11,33580,201466,0,-
25716433223213,7978948,11,31683,190078,0,-
25731642232211,14040028,11,55753,334499,0,-
25734162221111,7963725,11,31640,189819,0,-
25734613113323,10788757,11,42854,257115,0,-
25736141111123,9577075,11,38051,228293,0,-
25736141233232,9076095,11,36044,216257,0,-
25736411133113,8653548,11,34389,206318,0,-
25736411231321,7809829,11,31037,186216,0,-
25736411321312,6660011,11,26459,158736,0,-
25736411331113,8267020,11,32853,197102,0,-
25736413123112,6940406,11,27574,165432,0,-
25741361232113,9593483,11,38124,228734,0,-
25741632222323,8097938,11,32186,193106,0,-
25741632312323,7306169,11,29031,174177,0,-
25743611233232,7565932,11,30036,180200,0,-
25763142223133,9204905,11,36569,219400,0,-
25763411332322,6985596,11,27753,166504,0,-
26135742132221,8732443,11,34692,208148,0,-
26135742213323,8048877,11,31987,191899,0,-
26135742332312,8322851,11,33065,198374,0,-
26153471122121,8196228,11,32566,195378,0,-
26153473131131,7439754,11,29563,177359,0,-
26153473132121,7257481,11,28829,172949,0,-
26154372332213,16129094,11,64044,384249,0,-
26175432331133,8901409,11,35343,212043,0,-
26317451212211,12916269,11,51326,307950,0,-
26345711223113,6022545,11,23929,143550,0,-
26371453112111,7092138,11,28183,169082,0,-
26415731322323,6987734,11,27761,166554,0,-
26415732121223,6957260,11,27639,165825,0,-
26415732233321,8625138,11,34267,205586,0,-
26435712222122,12748597,11,50631,303775,0,-
26435712233321,9423786,11,37420,224507,0,-
26435712311132,8990626,11,35716,214281,0,-
26435712322322,11864693,11,47118,282703,0,-
26435713311122,8878609,11,35265,211572,0,-
26435713333133,10798741,11,42884,257291,0,-
26437512122312,7925732,11,31488,188918,0,-
26453172211133,8768225,11,34837,209008,0,-
26453711333333,7894303,11,31358,188131,0,-
26513471122121,8362196,11,33223,199323,0,-
26517343333313,10184726,11,40442,242636,0,-
26534713333313,10929254,11,43429,260555,0,-
26543171111111,8272021,11,32898,197365,0,-
26543171123111,6712776,11,26679,160047,0,-
26547313131323,10908226,11,43324,259938,0,-
26573413331312,9011613,11,35782,214669,0,-
26714531212133,8727785,11,34670,208008,0,-
26714532121133,9431258,11,37464,224773,0,-
26715433231322,8042275,11,31958,191735,0,-
26741351232113,6973491,11,27720,166294,0,-
26743512121232,10897607,11,43281,259680,0,-
27134561131133,8083023,11,32115,192671,0,-
27154632311132,7266050,11,28885,173290,0,-
27314652313211,8838705,11,35152,210899,0,-
27365412321212,10523801,11,41793,250749,0,-
27415363131113,10188775,11,40458,242731,0,-
27415632323231,8713006,11,34600,207583,0,-
27415633321322,10749833,11,42691,256133,0,-
27416532133232,7247155,11,28799,172778,0,-
27416533321232,8800956,11,34976,209836,0,-
27435612122222,7820327,11,31073,186430,0,-
27453161123111,6458577,11,25667,153986,0,-
27453161132111,7578896,11,30116,180694,0,-
27456133132223,8229796,11,32694,196154,0,-
27516341111111,7957063,11,31647,189849,0,-
27534161111111,7915198,11,31479,188851,0,-
27534161111123,10518171,11,41802,250795,0,-
27534162311111,7329451,11,29130,174768,0,-
27534612311132,8574411,11,34079,204460,0,-
27536412332312,7933096,11,31499,188980,0,-
27543611111123,9306865,11,36987,221912,0,-
27543611111132,6611503,11,26279,157649,0,-
27546312231122,13958088,11,55420,332504,0,-
27613543333133,10210549,11,40542,243232,0,-
27614353311332,8863967,11,35194,211151,0,-
27615431312333,9652042,11,38346,230065,0,-
27615432113321,10209803,11,40573,243416,0,-
27615433313213,7099538,11,28207,169214,0,-
27634511131133,7963989,11,31654,189905,0,-
27634512233321,7456639,11,29631,177768,0,-
27643513311233,11559482,11,45898,275381,0,-
31246753312211,9851193,11,39136,234804,0,-
31247651113232,7090985,11,28174,169038,0,-
31247651323232,8370901,11,33260,199548,0,-
31256471231222,7937070,11,31510,189045,0,-
31257462222221,9453858,11,37562,225362,0,-
31257462312311,7826276,11,31092,186545,0,-
31257643311122,8226262,11,32680,196067,0,-
31264572122213,8100228,11,32191,193131,0,-
31264573132313,7792252,11,30975,185839,0,-
31264573222223,8003149,11,31804,190811,0,-
31264752132122,8057505,11,31994,191945,0,-
31264752313121,8577448,11,34067,204392,0,-
31265471111111,10189588,11,40523,243126,0,-
31265471122112,7160893,11,28455,170713,0,-
31265471122133,8194886,11,32570,195399,0,-
31265471312213,7281315,11,28939,173620,0,-
31265471313113,6761148,11,26869,161197,0,-
31265471321111,6372294,11,25321,151909,0,-
31265472233321,10218217,11,40604,243612,0,-
31265472312233,7280938,11,28939,173617,0,-
31265741233331,10070871,11,39987,239902,0,-
31267542222233,9419129,11,37414,224470,0,-
31267542313133,10214200,11,40577,243444,0,-
31275461112233,10380408,11,41218,247289,0,-
31275461322233,10481268,11,41615,249683,0,-
31275462133211,8749497,11,34746,208457,0,-
31275462223211,8789116,11,34902,209399,0,-
31275462311213,9219339,11,36610,219659,0,-
31275462312212,9309583,11,36973,221822,0,-
31275463311122,10012936,11,39764,238566,0,-
31276452133322,7214814,11,28662,171958,0,-
31276452313313,8484411,11,33708,202235,0,-
31452671323211,6000265,11,23843,143043,0,-
31452671332232,6361806,11,25281,151668,0,-
31452672322331,6392126,11,25400,152387,0,-
31456722111221,8033006,11,31913,191462,0,-
31462751111111,8599268,11,34199,205181,0,-
31462751113322,7391369,11,29377,176249,0,-
31475261322233,7726752,11,30696,184167,0,-
31475262331313,9248481,11,36747,220472,0,-
31475262333221,7689473,11,30549,183287,0,-
31524673332122,10904083,11,43298,259778,0,-
31527643332122,6436849,11,25576,153433,0,-
31564272212111,12322776,11,48971,293812,0,-
31564272213311,7148782,11,28403,170401,0,-
31564273113311,7807658,11,31028,186148,0,-
31572461122133,7961223,11,31639,189815,0,-
31624751112233,6773829,11,26923,161524,0,-
31624753312211,6642865,11,26403,158395,0,-
31627452221333,10250792,11,40691,244134,0,-
31654272313322,11237813,11,44635,267791,0,-
31754621331122,9882759,11,39271,235610,0,-
31765242322121,9655873,11,38328,229951,0,-
32145671111111,13536321,11,53839,323022,0,-
32145671123333,7803664,11,31025,186133,0,-
32145671132222,7317301,11,29086,174505,0,-
32145671221112,7846859,11,31192,187134,0,-
32145671333333,7786829,11,30955,185715,0,-
32145672113333,7336906,11,29170,175005,0,-
32145672212222,7435239,11,29562,177355,0,-
32145673112222,6635970,11,26377,158244,0,-
32145673311113,7579143,11,30135,180790,0,-
32146751232323,7536710,11,29949,179682,0,-
32146752232223,9266766,11,36828,220949,0,-
32147562313223,6645314,11,26404,158407,0,-
32147562333233,11904620,11,47307,283824,0,-
32147651123333,11614283,11,46103,276603,0,-
32147651132222,10591441,11,42024,252126,0,-
32147651213333,11972830,11,47506,285017,0,-
32147651312222,11025165,11,43760,262549,0,-
32147652113333,10732911,11,42596,255564,0,-
32147652231332,10403106,11,41276,247641,0,-
32147652233213,13713596,11,54436,326606,0,-
32147652331322,11285379,11,44779,268654,0,-
32147652332213,13269630,11,52670,316013,0,-
32147653112222,10807256,11,42883,257286,0,-
32156471111111,8666443,11,34460,206751,0,-
32156471113211,6892630,11,27390,164320,0,-
32156471232332,6348055,11,25222,151311,0,-
32156472312332,6702339,11,26628,159749,0,-
32156472332132,6600645,11,26222,157315,0,-
32156472332321,7254476,11,28826,172946,0,-
32156472333332,7504513,11,29825,178935,0,-
32156473223123,6158353,11,24466,146773,0,-
32156741112323,12585921,11,50029,300152,0,-
32156742311123,6780583,11,26945,161657,0,-
32156742313223,8037796,11,31936,191606,0,-
32156742333131,6806227,11,27045,162247,0,-
32157641232323,7579470,11,30115,180676,0,-
32157642231323,7636732,11,30351,182090,0,-
32164571111111,9433848,11,37519,225101,0,-
32164571111231,6568606,11,26102,156592,0,-
32164571232323,6760458,11,26864,161161,0,-
32164572232223,8051246,11,32002,192000,0,-
32164572232313,8035336,11,31940,191624,0,-
32164572233321,7843481,11,31168,186991,0,-
32164572312323,7568247,11,30076,180433,0,-
32164573323212,7159226,11,28452,170689,0,-
32165741111111,11330814,11,45045,270264,0,-
32165741111132,7300402,11,29008,174039,0,-
32165741233223,7015972,11,27873,167220,0,-
32165742211112,9193369,11,36536,219204,0,-
32165742331112,6759693,11,26863,161151,0,-
32165743311131,7159781,11,28457,170713,0,-
32167451111111,9479262,11,37706,226217,0,-
32167451213333,7550872,11,30011,180053,0,-
32167451222222,7253573,11,28835,172997,0,-
32167451312222,7206544,11,28648,171868,0,-
32167451333111,6968911,11,27699,166174,0,-
32167452211121,7453411,11,29634,177787,0,-
32167453222313,6430399,11,25559,153329,0,-
32167453313333,7438644,11,29576,177443,0,-
32167453321232,7333125,11,29152,174889,0,-
32174561112323,9194163,11,36550,219288,0,-
32174561232113,9586050,11,38100,228586,0,-
32174561232233,8472223,11,33667,201993,0,-
32174562231212,7681674,11,30530,183156,0,-
32174652312332,6584104,11,26156,156926,0,-
32174652332132,6717782,11,26685,160095,0,-
32175461111111,9723087,11,38670,232002,0,-
32175461113112,6732767,11,26751,160486,0,-
32175461221112,6961865,11,27664,165967,0,-
32175461333111,7185655,11,28554,171301,0,-
32175462233111,7584175,11,30145,180847,0,-
32175462312323,10083377,11,40072,240406,0,-
32416753121222,11895787,11,47238,283424,0,-
32417562113321,11381557,11,45201,271202,0,-
32417652132131,7022212,11,27900,167391,0,-
32417653132121,6098646,11,24235,145386,0,-
32451762331121,6219751,11,24715,148268,0,-
32456173212332,7981785,11,31681,190068,0,-
32456711233133,15093934,11,59943,359643,0,-
32465172112121,7709750,11,30643,183834,0,-
32465172132131,6318070,11,25098,150565,0,-
32465172133121,6614598,11,26279,157661,0,-
32465172332321,7399874,11,29404,176414,0,-
32465173123121,6936852,11,27560,165342,0,-
32465173132121,7138398,11,28363,170157,0,-
32465173133111,7723868,11,30694,184143,0,-
32465173233221,8263871,11,32837,197010,0,-
32475161232323,8433914,11,33491,200926,0,-
32475163331222,8663768,11,34403,206398,0,-
32476513232231,7334087,11,29144,174848,0,-
32517463131311,11901850,11,47261,283563,0,-
32546713323212,8022009,11,31868,191195,0,-
32547611121113,7449277,11,29609,177649,0,-
32547611131112,6915113,11,27491,164920,0,-
32547611213111,7070649,11,28110,168644,0,-
32547611312111,7404304,11,29436,176600,0,-
32547612111311,7198625,11,28618,171691,0,-
32547613111211,7068626,11,28101,168589,0,-
32561471113133,8129639,11,32318,193884,0,-
32561471121311,7290369,11,28984,173887,0,-
32561471122211,7882069,11,31338,188007,0,-
32561471131211,7357963,11,29252,175497,0,-
32561471211131,9324928,11,37073,222419,0,-
32561471311121,7459781,11,29660,177932,0,-
32561472133313,7073738,11,28127,168742,0,-
32561472213122,7047192,11,28019,168090,0,-
32561473222223,6673443,11,26529,159159,0,-
32561473323212,6766011,11,26894,161345,0,-
32567412122222,7769791,11,30865,185166,0,-
32567412131312,9618204,11,38209,229241,0,-
32567412222212,11820096,11,46958,281724,0,-
32567413131212,7631851,11,30319,181900,0,-
32567413133333,9351072,11,37145,222857,0,-
32576142313223,7624084,11,30303,181807,0,-
32615473332122,7858366,11,31227,187347,0,-
32647152133121,8955160,11,35581,213470,0,-
32647153132121,6143846,11,24413,146465,0,-
32647512333233,12458424,11,49508,297033,0,-
32657143121213,9383308,11,37260,223551,0,-
32657412111212,9221194,11,36626,219735,0,-
32671453123313,9655376,11,38338,230026,0,-
32674152113333,11152422,11,44291,265739,0,-
32714652332132,7110074,11,28236,169394,0,-
32716452123212,10639174,11,42253,253515,0,-
32741651121311,9746610,11,38743,232441,0,-
32741651131211,7705101,11,30627,183745,0,-
32741651211131,7172612,11,28511,171053,0,-
32741651311121,7456841,11,29641,177836,0,-
32741652111113,7859781,11,31241,187431,0,-
32741653111112,7851307,11,31208,187239,0,-
32745611223332,6857999,11,27231,163374,0,-
32745612313322,7985518,11,31726,190350,0,-
32745612322331,6685683,11,26547,159269,0,-
32751643321232,8257798,11,32810,196850,0,-
32754163211123,7106432,11,28251,169486,0,-
32756141233121,8448977,11,33547,201274,0,-
32761452121313,7846302,11,31173,187027,0,-
32761452122222,8338688,11,33128,198751,0,-
32761452222212,7814977,11,31048,186281,0,-
32761453121312,10936832,11,43457,260730,0,-
32761453133333,7989883,11,31745,190452,0,-
32765411112221,7751261,11,30816,184878,0,-
32765411121113,7031725,11,27954,167704,0,-
32765411131112,6707316,11,26663,159967,0,-
32765411133113,7333995,11,29155,174901,0,-
32765411331113,7327104,11,29125,174727,0,-
32765412221312,6969463,11,27704,166211,0,-
32765412323222,7245482,11,28803,172809,0,-
32765413122212,6654878,11,26452,158696,0,-
32765413223312,6608566,11,26261,157549,0,-
32765413231223,7857027,11,31229,187357,0,-
32765413322312,6530676,11,25952,155686,0,-
34125672131213,7507566,11,29826,178943,0,-
34125672131312,8349805,11,33172,199024,0,-
34125672221222,7826681,11,31096,186568,0,-
34125673133333,8581358,11,34091,204535,0,-
34127651121113,7005998,11,27849,167080,0,-
34127651131112,6921156,11,27515,165067,0,-
34127651213111,7112767,11,28275,169636,0,-
34127651312111,7430053,11,29533,177184,0,-
34127652111311,6981355,11,27750,166490,0,-
34127653111211,7037477,11,27975,167831,0,-
34162752132212,14309232,11,56822,340918,0,-
34165271112212,8556620,11,34017,204087,0,-
34165271121311,7913954,11,31462,188765,0,-
34165271131211,7412624,11,29471,176810,0,-
34165271211131,9105979,11,36200,217189,0,-
34165271311121,6955761,11,27654,165904,0,-
34165271311133,7655076,11,30435,182590,0,-
34165272323333,7136212,11,28375,170230,0,-
34165273133312,8947445,11,35567,213386,0,-
34165273222322,6404766,11,25458,152728,0,-
34165273311131,7032732,11,27960,167740,0,-
34167252213323,8168654,11,32455,194709,0,-
34172562132332,8079109,11,32079,192464,0,-
34172562313331,8646855,11,34344,206045,0,-
34175263321232,8297950,11,32978,197849,0,-
34216572213122,11165898,11,44344,266057,0,-
34261572132131,6274289,11,24921,149505,0,-
34261572133121,6585670,11,26163,156963,0,-
34261573123121,6730066,11,26734,160385,0,-
34265712212132,10472565,11,41585,249490,0,-
34275161312213,7843800,11,31172,187011,0,-
34275162112322,7550028,11,29996,179959,0,-
34275162213221,8298807,11,32972,197816,0,-
34516271111111,8118021,11,32284,193694,0,-
34516272312332,8876306,11,35268,211586,0,-
34516722313223,9956374,11,39555,237318,0,-
34517622231323,8321129,11,33072,198419,0,-
34521672223232,7702839,11,30618,183693,0,-
34526713232312,7103031,11,28225,169327,0,-
34527612211322,11706524,11,46465,278771,0,-
34527612231122,11396838,11,45232,271379,0,-
34527612231332,12499593,11,49594,297559,0,-
34527612331322,11392311,11,45201,271190,0,-
34527613312133,11599420,11,46037,276213,0,-
34561272122123,10843994,11,43028,258156,0,-
34561272122321,11320482,11,44915,269473,0,-
34561272212213,13751968,11,54591,327539,0,-
34561272213122,11251770,11,44656,267921,0,-
34561272232211,13291538,11,52759,316544,0,-
34561273221233,10748119,11,42646,255861,0,-
34561273233131,10645554,11,42238,253412,0,-
34561273311233,11154169,11,44270,265609,0,-
34561273313321,12718027,11,50483,302886,0,-
34561273321133,11599323,11,46037,276199,0,-
34561273321223,10905288,11,43271,259608,0,-
34561721111111,8796296,11,34976,209843,0,-
34562171321111,7092466,11,28179,169056,0,-
34562171321231,6925751,11,27519,165093,0,-
34562172232313,9150971,11,36371,218213,0,-
34567212223232,8975994,11,35676,214045,0,-
34617252111212,9845211,11,39094,234545,0,-
34617252123212,9753079,11,38726,232341,0,-
34617252132212,10418448,11,41361,248154,0,-
34617522221333,9277984,11,36837,221002,0,-
34621572132131,7341187,11,29152,174896,0,-
34625172111212,10539539,11,41863,251163,0,-
34627512232313,7417545,11,29480,176861,0,-
34651271123111,7243462,11,28787,172704,0,-
34651272332132,6914220,11,27472,164817,0,-
34675212222122,10771873,11,42769,256609,0,-
34715262221123,10581608,11,42003,252003,0,-
34716522223211,9413613,11,37387,224313,0,-
34721652121313,10095647,11,40099,240586,0,-
34721652131213,9145644,11,36337,218009,0,-
34721652221222,10224257,11,40611,243655,0,-
34721652222212,9607952,11,38174,229031,0,-
34721653333313,9027216,11,35861,215148,0,-
34725611212211,8005795,11,31828,190954,0,-
34725612111113,6894908,11,27411,164452,0,-
34725612121322,7972801,11,31700,190188,0,-
34725612231212,7992018,11,31777,190646,0,-
34725612231332,7007363,11,27852,167106,0,-
34725612322232,7486905,11,29765,178565,0,-
34725612331322,7394995,11,29393,176344,0,-
34725613111112,7577453,11,30125,180738,0,-
34725613111133,7355121,11,29245,175456,0,-
34725613132223,7397818,11,29407,176419,0,-
34725613311113,7376565,11,29326,175940,0,-
34761252323222,6980256,11,27749,166472,0,-
35126741232212,8847681,11,35140,210830,0,-
35126742231233,8817279,11,35020,210113,0,-
35127462331331,9290981,11,36875,221236,0,-
35162472122231,7041033,11,27978,167853,0,-
35162472123233,9004531,11,35783,214683,0,-
35162473122221,6925897,11,27516,165084,0,-
35162473323131,7048636,11,28008,168029,0,-
35162473332122,7831472,11,31109,186631,0,-
35162473332131,6981901,11,27737,166404,0,-
35162742213323,9081584,11,36069,216396,0,-
35167242132212,8875187,11,35243,211443,0,-
35172461232323,8426488,11,33458,200740,0,-
35174262213131,10568694,11,41981,251877,0,-
35174262231113,9304154,11,36957,221728,0,-
35246171111111,7860049,11,31263,187553,0,-
35246171113322,6830200,11,27149,162876,0,-
35246172213311,7609999,11,30247,181471,0,-
35267141223233,6442047,11,25599,153578,0,-
35267141321132,13455681,11,53476,320840,0,-
35271461322233,6982104,11,27736,166406,0,-
35416721113112,6971409,11,27697,166167,0,-
35416723232213,9419537,11,37437,224615,0,-
35417622223133,10206389,11,40540,243218,0,-
35426712131132,7810249,11,31035,186194,0,-
35426712311312,6914022,11,27473,164817,0,-
35426713111313,8285178,11,32931,197565,0,-
35426713131113,7506901,11,29835,178991,0,-
35426713312211,7915935,11,31451,188690,0,-
35461271111231,8117279,11,32251,193494,0,-
35461271321231,6916530,11,27481,164871,0,-
35461272222323,7181168,11,28540,171218,0,-
35462171131313,7684760,11,30544,183256,0,-
35462171212121,8048496,11,31987,191904,0,-
35462171221223,6620492,11,26299,157779,0,-
35462171332331,7418607,11,29470,176798,0,-
35462172213311,7921965,11,31476,188840,0,-
35462172223331,7228407,11,28725,172334,0,-
35462172312131,7008408,11,27847,167064,0,-
35462173123211,7358179,11,29240,175422,0,-
35462173131311,8215393,11,32649,195876,0,-
35462173221221,7907572,11,31409,188437,0,-
35462712322322,8823868,11,35043,210243,0,-
35472163222313,7202764,11,28623,171718,0,-
35472163231322,7980694,11,31717,190284,0,-
35476122221111,8180670,11,32505,195011,0,-
35614722321233,8531960,11,33910,203449,0,-
35617423131332,7774035,11,30884,185297,0,-
35624712121232,11045360,11,43848,263075,0,-
35624712321212,12857911,11,51042,306249,0,-
35624712321332,10810404,11,42902,257391,0,-
35624712331232,10898299,11,43249,259483,0,-
35714623111322,9410637,11,37381,224279,0,-
35721642221213,14472635,11,57470,344808,0,-
35762142222113,8704623,11,34567,207398,0,-
36125471111333,7475881,11,29721,178315,0,-
36125471212112,10579633,11,42044,252239,0,-
36125471213111,6835014,11,27174,163023,0,-
36125471222111,10768310,11,42792,256733,0,-
36125471312111,7186891,11,28569,171405,0,-
36125472111311,6806764,11,27060,162339,0,-
36125472121223,6526786,11,25945,155651,0,-
36125473111211,7319103,11,29096,174567,0,-
36125473232222,8004982,11,31819,190894,0,-
36125473323233,7741163,11,30775,184632,0,-
36125743222331,12439236,11,49402,296403,0,-
36127451333222,6716349,11,26668,159994,0,-
36145272122222,9112055,11,36201,217187,0,-
36145272131213,11850271,11,47077,282441,0,-
36145272131312,8101731,11,32183,193083,0,-
36145273333313,9330526,11,37062,222361,0,-
36147251121311,7696389,11,30592,183544,0,-
36147251131211,8064353,11,32054,192305,0,-
36147251211131,8388782,11,33346,200067,0,-
36147251311121,7022396,11,27913,167467,0,-
36147252111113,8972184,11,35663,213961,0,-
36147253111112,7531813,11,29938,179608,0,-
36152741231312,9951918,11,39517,237103,0,-
36152742131321,8780495,11,34872,209220,0,-
36172452133133,10525915,11,41796,250759,0,-
36217452131333,10211390,11,40545,243256,0,-
36217541223311,6011882,11,23890,143316,0,-
36217543213112,6333720,11,25168,150986,0,-
36241573212332,6625417,11,26305,157815,0,-
36241753212311,7687065,11,30552,183289,0,-
36415272123212,9473779,11,37626,225738,0,-
36417522123311,8509959,11,33804,202812,0,-
36514272212111,11805414,11,46913,281465,0,-
36521472113321,8312135,11,33021,198114,0,-
36521472331121,7001109,11,27798,166772,0,-
36527411131133,7057160,11,28055,168321,0,-
36527412111113,6952872,11,27642,165840,0,-
36527412131222,8164582,11,32458,194735,0,-
36527412211322,8239175,11,32751,196493,0,-
36527412221312,7156103,11,28449,170681,0,-
36527412231122,7232784,11,28752,172497,0,-
36527412322232,7348479,11,29214,175270,0,-
36527413111112,7336077,11,29167,174981,0,-
36527413311311,6873926,11,27327,163934,0,-
36541272323222,6904863,11,27451,164686,0,-
36542712121322,10696196,11,42474,254832,0,-
36547212121313,9020725,11,35837,215014,0,-
36547212122222,9558817,11,37978,227847,0,-
36547212131312,9604710,11,38161,228948,0,-
36547212221222,9112246,11,36203,217197,0,-
36547213331333,8211835,11,32625,195736,0,-
36712542121112,11129767,11,44184,265093,0,-
36712542121121,10427285,11,41379,248263,0,-
36712542121211,12269608,11,48709,292236,0,-
36712542122111,10993160,11,43628,261754,0,-
36714252232223,7175578,11,28520,171101,0,-
36714521232113,9905087,11,39367,236200,0,-
36714522121322,9847053,11,39134,234795,0,-
36714522122213,7980093,11,31716,190284,0,-
36714523132223,8115812,11,32255,193511,0,-
36714523132322,7961180,11,31638,189805,0,-
36721451131331,7001216,11,27827,166951,0,-
36721452121322,8009967,11,31847,191067,0,-
36721452122123,6676215,11,26536,159195,0,-
36721452122213,8004993,11,31830,190958,0,-
36721452122321,7480071,11,29730,178366,0,-
36721452131111,7400674,11,29420,176501,0,-
36721452223232,7162257,11,28473,170818,0,-
36721453113113,7782476,11,30932,185574,0,-
36721453121111,9455524,11,37588,225518,0,-
36725411121212,11822782,11,46931,281576,0,-
36725411131313,11859121,11,47075,282440,0,-
36725411212121,11894443,11,47215,283277,0,-
36725411313131,11942839,11,47405,284418,0,-
36725412111212,12806572,11,50834,304982,0,-
36725412121112,11833381,11,46973,281819,0,-
36725412121211,12185486,11,48367,290186,0,-
36725412121232,11894280,11,47215,283268,0,-
36725412123212,12599206,11,50008,300029,0,-
36725412321212,12392338,11,49189,295121,0,-
36725413111313,13649160,11,54178,325056,0,-
36725413131113,12267657,11,48695,292160,0,-
36725413131311,14333395,11,56892,341352,0,-
36741252122123,11982668,11,47546,285256,0,-
36741252122321,11190064,11,44395,266348,0,-
36741252122333,10805878,11,42884,257288,0,-
36741252123323,11566907,11,45910,275441,0,-
36741253233131,11406627,11,45256,271520,0,-
36745211211221,6521091,11,25920,155497,0,-
36745212121223,6803163,11,27046,162257,0,-
36745212122312,8501325,11,33795,202763,0,-
36745212122333,7224963,11,28722,172318,0,-
36745212123323,8119433,11,32278,193652,0,-
36745212131111,6827063,11,27141,162826,0,-
36745212223232,7171660,11,28511,171048,0,-
36745213121111,8805661,11,35007,210022,0,-
36745213131131,6697362,11,26626,159733,0,-
36745213133111,7348330,11,29213,175252,0,-
36745213232213,7010734,11,27873,167218,0,-
36751243222322,7344925,11,29184,175099,0,-
36752142122132,7835657,11,31136,186800,0,-
36752142123221,7338978,11,29161,174954,0,-
36752143132232,6527138,11,25930,155562,0,-
36752143133222,7948305,11,31571,189412,0,-
36752143211132,7416192,11,29468,176794,0,-
36754123232222,12748254,11,50595,303561,0,-
37246511112233,8988577,11,35724,214337,0,-
37256142321233,8453463,11,33589,201518,0,-
37415622333221,9515190,11,37807,226830,0,-
37426513132313,10919938,11,43353,260106,0,-
37452162323312,7854507,11,31206,187220,0,-
37516422333311,7457930,11,29628,177755,0,-
37561241311112,7244326,11,28792,172734,0,-
37612453122233,7346174,11,29185,175097,0,-
37612542221111,8623034,11,34268,205594,0,-
37614252221123,9383501,11,37256,223513,0,-
37614521111111,9874286,11,39271,235607,0,-
37614521323232,6434784,11,25572,153412,0,-
37614522111221,7294289,11,28988,173910,0,-
37614522113321,8289719,11,32950,197687,0,-
37614522313322,8639744,11,34344,206042,0,-
37614522323312,7242331,11,28783,172674,0,-
37614523232213,8159831,11,32434,194586,0,-
37615421113322,9111014,11,36177,217048,0,-
37615422211133,9055346,11,35961,215752,0,-
37615422223133,9176206,11,36440,218629,0,-
37615422313121,8535268,11,33896,203359,0,-
37615422313331,9163732,11,36393,218347,0,-
37615423121132,9684432,11,38460,230749,0,-
37624152311213,9389173,11,37291,223731,0,-
37624511232233,8490400,11,33740,202428,0,-
37624512121322,9802598,11,38956,233724,0,-
37624512231212,7576665,11,30113,180666,0,-
37624513131323,8073929,11,32091,192534,0,-
37624513231313,7872919,11,31292,187742,0,-
37641252222323,8345549,11,33164,198968,0,-
37642152213311,9806515,11,38959,233733,0,-
37642513122221,8433770,11,33483,200888,0,-
37645122312221,7120312,11,28290,169718,0,-
37651242211133,10159970,11,40355,242111,0,-
37651422312311,9557808,11,37976,227844,0,-
37652141113232,6890456,11,27378,164250,0,-
37652143231322,7781235,11,30925,185530,0,-
37654212311222,8971006,11,35640,213828,0,-
41236753232321,7597259,11,30195,181155,0,-
41237561313131,10688043,11,42443,254649,0,-
41263751312222,11551007,11,45863,275171,0,-
41325671212211,7760449,11,30839,185018,0,-
41325762313223,7212071,11,28647,171867,0,-
41325763131233,6899372,11,27410,164442,0,-
41352671212112,10759231,11,42701,256194,0,-
41352671212121,11094906,11,44046,264267,0,-
41352671222111,11158997,11,44287,265716,0,-
41357622313112,6188993,11,24594,147546,0,-
41367253111133,10165899,11,40396,242357,0,-
41532672313211,13667806,11,54360,326151,0,-
41532761233133,9084289,11,36066,216385,0,-
41563273113311,8144097,11,32359,194136,0,-
41576322212222,10028153,11,39826,238948,0,-
41625372313211,21649151,11,86068,516402,0,-
41625373121213,7615052,11,30258,181535,0,-
41625731222231,8853230,11,35146,210870,0,-
41635721212121,12990140,11,51581,309480,0,-
41657321222312,8146666,11,32331,193969,0,-
41673252212222,10584548,11,42038,252215,0,-
41673521111111,8629765,11,34320,205908,0,-
41723562313211,8244507,11,32764,196574,0,-
41725361232113,9314092,11,37004,222012,0,-
41725361321213,11235405,11,44620,267707,0,-
41725362221213,9616354,11,38193,229156,0,-
41725362313211,10405916,11,41356,248123,0,-
41725362313223,10443646,11,41473,248822,0,-
41725363121222,8960052,11,35585,213499,0,-
41725363121231,8577764,11,34063,204365,0,-
41725631111111,10290574,11,40918,245498,0,-
41725631211122,7997066,11,31783,190684,0,-
41725632322331,6994021,11,27788,166712,0,-
41725633111133,7564560,11,30069,180397,0,-
41725633121123,7292724,11,28981,173864,0,-
41725633211111,8345232,11,33164,198973,0,-
41726352313322,7939199,11,31551,189290,0,-
41726532312233,9853303,11,39136,234801,0,-
41735261323313,9872139,11,39217,235292,0,-
41735262312233,9265582,11,36822,220925,0,-
41735263123223,7453887,11,29609,177647,0,-
41735621233232,7732952,11,30694,184140,0,-
41735622313322,9048668,11,35937,215611,0,-
41736521233232,9279726,11,36849,221085,0,-
41736522332231,7198575,11,28595,171555,0,-
41752631222123,6809337,11,27057,162321,0,-
41752632311123,7458685,11,29642,177837,0,-
41752632312323,6856064,11,27243,163448,0,-
41752632313211,25717554,11,102258,613532,0,-
41756231321213,10760413,11,42738,256422,0,-
41756233121231,8396802,11,33348,200076,0,-
41762532221333,9373944,11,37226,223347,0,-
41762533123331,8611899,11,34200,205183,0,-
41765231233232,7647598,11,30365,182177,0,-
41765322221312,6960242,11,27650,165890,0,-
41765322313211,15012326,11,59677,358048,0,-
41765323122212,7338105,11,29153,174911,0,-
42136752131312,9980962,11,39631,237774,0,-
42137561123333,9433219,11,37456,224720,0,-
42137653122131,7131422,11,28333,169982,0,-
42137653132121,6012959,11,23893,143335,0,-
42157633231322,9488073,11,37691,226138,0,-
42163751121212,10977442,11,43599,261582,0,-
42165373223123,5964267,11,23701,142185,0,-
42167532131333,10246882,11,40685,244101,0,-
42315673112111,6402082,11,25438,152610,0,-
42351671212211,9264200,11,36821,220910,0,-
42351763231133,13570807,11,53902,323397,0,-
42367153111121,6564104,11,26087,156499,0,-
42367153211123,7204475,11,28636,171798,0,-
42516372233111,8980156,11,35688,214121,0,-
42561733323122,6347960,11,25222,151312,0,-
42573612323231,7889309,11,31344,188045,0,-
42573613322231,7312966,11,29053,174305,0,-
42613572313211,8233046,11,32720,196307,0,-
42615371313332,13208738,11,52459,314743,0,-
42615372213311,10530058,11,41820,250907,0,-
42615372221213,9613476,11,38179,229057,0,-
42615372313211,10735168,11,42663,255971,0,-
42651372213311,6975875,11,27710,166248,0,-
42651733311122,8776959,11,34871,209213,0,-
42673512232133,9636557,11,38288,229710,0,-
42751632321233,9353369,11,37168,222999,0,-
42751632323231,7474734,11,29697,178164,0,-
43126572133313,10081210,11,40038,240209,0,-
43167251232212,8510764,11,33791,202727,0,-
43176252123131,7093450,11,28200,169176,0,-
43176252311132,7545379,11,29997,179961,0,-
43216573132121,6289179,11,24981,149873,0,-
43216573132223,7046679,11,28000,167987,0,-
43216573212311,6912268,11,27464,164772,0,-
43216573212332,9940077,11,39475,236836,0,-
43512671313332,7961368,11,31618,189691,0,-
43527612312323,6708713,11,26662,159949,0,-
43561271111111,7568903,11,30099,180578,0,-
43571262122222,9669424,11,38393,230346,0,-
43572161111111,9045047,11,35967,215786,0,-
43572612312323,7935995,11,31527,189152,0,-
43576211123222,8432533,11,33487,200916,0,-
43576212112232,10589350,11,42055,252330,0,-
43615271333312,7175171,11,28499,170979,0,-
43615272113321,7965112,11,31653,189895,0,-
43617521223221,10455365,11,41500,248988,0,-
43621752213323,10492568,11,41671,250008,0,-
43651722323132,7633403,11,30337,181996,0,-
43675122222122,11946910,11,47422,284521,0,-
43675211221331,8020150,11,31834,190978,0,-
43721653231313,9207888,11,36571,219410,0,-
43751623123313,9308703,11,36959,221747,0,-
43765212222122,11677925,11,46369,278212,0,-
45167323322231,7671655,11,30474,182825,0,-
45176231131313,16538605,11,65650,393880,0,-
45176231133113,16495733,11,65464,392764,0,-
45176231331113,16018342,11,63563,381361,0,-
45176233131113,16981321,11,67412,404455,0,-
45176321131133,14032946,11,55763,334572,0,-
45213672221123,8929712,11,35460,212739,0,-
45273162222122,10357115,11,41121,246711,0,-
45276131131133,12254775,11,48701,292206,0,-
45312671222312,6724672,11,26714,160260,0,-
45312672223331,7498708,11,29800,178785,0,-
45312672233321,7016272,11,27881,167270,0,-
45312672313211,22044924,11,87661,525957,0,-
45312673132313,12045068,11,47880,287266,0,-
45312673222112,6688386,11,26567,159385,0,-
45312673231313,11887486,11,47253,283501,0,-
45312761113211,7711283,11,30640,183830,0,-
45312761133311,7361567,11,29254,175508,0,-
45312762221111,9025326,11,35861,215151,0,-
45312762311111,7394085,11,29379,176259,0,-
45321671212211,8071264,11,32080,192473,0,-
45321671221121,8067976,11,32061,192343,0,-
45321673113311,13384294,11,53197,319164,0,-
45327612222323,8619205,11,34241,205430,0,-
45362712122222,10237647,11,40655,243914,0,-
45367122223133,8760314,11,34804,208810,0,-
45367211111132,7780906,11,30920,185510,0,-
45367211211122,8235636,11,32729,196362,0,-
45367213111133,8360184,11,33227,199345,0,-
45376121131133,12956274,11,51491,308934,0,-
45376121331311,9481631,11,37670,226012,0,-
45376211333123,7675918,11,30493,182946,0,-
45376213131323,12172430,11,48387,290314,0,-
45376213333322,7109640,11,28251,169491,0,-
45612371133221,8075732,11,32087,192502,0,-
45612372331121,6817474,11,27089,162509,0,-
45612373112231,6994549,11,27794,166746,0,-
45612373132121,6677060,11,26527,159149,0,-
45612373132223,7358740,11,29244,175446,0,-
45612373322111,6458488,11,25662,153948,0,-
45612373332122,6885521,11,27356,164121,0,-
45612373332221,6941190,11,27578,165453,0,-
45613271331221,7876022,11,31262,187549,0,-
45613272233111,9914750,11,39378,236256,0,-
45621373123331,8670221,11,34424,206535,0,-
45621373211111,10823298,11,42979,257860,0,-
45621732212123,9026757,11,35860,215154,0,-
45621732233333,8652285,11,34368,206205,0,-
45623712332123,6345498,11,25215,151279,0,-
45623713322321,6080600,11,24161,144943,0,-
45637123132121,6990222,11,27774,166630,0,-
45637123332122,6126039,11,24342,146033,0,-
45671231132231,6221610,11,24722,148322,0,-
45671233112132,6689217,11,26582,159464,0,-
45673212212132,8047366,11,31956,191726,0,-
45673213211222,8221582,11,32646,195867,0,-
45713623223132,6622104,11,26314,157871,0,-
45721363321313,7698078,11,30577,183436,0,-
45721363322231,7429532,11,29513,177066,0,-
45732612233321,6691402,11,26595,159556,0,-
45736121122211,10877502,11,43223,259331,0,-
46123571111111,8135429,11,32356,194115,0,-
46123573232123,9963857,11,39598,237578,0,-
46125731333123,8010317,11,31794,190745,0,-
46127351131313,10055410,11,39929,239555,0,-
46127352131333,11311021,11,44897,269371,0,-
46127353131323,12154364,11,48263,289564,0,-
46135272133313,9490646,11,37690,226123,0,-
46153273131131,11485796,11,45624,273739,0,-
46157233333232,7004292,11,27832,166983,0,-
46157321331233,8372435,11,33238,199416,0,-
46215372121223,7412259,11,29448,176675,0,-
46215372313211,12844758,11,51066,306379,0,-
46257132211133,9122793,11,36243,217447,0,-
46257313312211,14271192,11,56682,340079,0,-
46273512122312,7429637,11,29517,177092,0,-
46273513221212,7067564,11,28077,168446,0,-
46275311123222,8670966,11,34431,206576,0,-
46275312112232,10892895,11,43258,259541,0,-
46275312132212,9606445,11,38152,228901,0,-
46275312232133,8462321,11,33606,201618,0,-
46275312313211,10335083,11,41073,246431,0,-
46275313121222,8908598,11,35377,212257,0,-
46275313312211,10294251,11,40882,245273,0,-
46321752111131,7853011,11,31205,187213,0,-
46352171211233,6411072,11,25476,152838,0,-
46352172113231,5941382,11,23610,141642,0,-
46372511221331,8685251,11,34471,206806,0,-
46375211211332,6443430,11,25601,153586,0,-
46375212113111,7073543,11,28107,168633,0,-
46375212132131,6428221,11,25534,153187,0,-
46375212132221,7091123,11,28172,169019,0,-
46375212332222,6928188,11,27533,165180,0,-
46375213112111,8777900,11,34874,209226,0,-
46375213123121,8010802,11,31821,190911,0,-
46375213333121,6520242,11,25905,155412,0,-
46512371331221,8446592,11,33522,201121,0,-
46512372113321,9191383,11,36507,219018,0,-
46513272332111,6792902,11,26985,161889,0,-
46513273113221,6765153,11,26875,161233,0,-
46523711331332,8084012,11,32080,192463,0,-
46527133111121,6570457,11,26113,156657,0,-
46572311223122,8624821,11,34262,205556,0,-
46572312132122,7036305,11,27949,167677,0,-
46721533123313,8974376,11,35637,213802,0,-
47123562232133,9808977,11,38974,233826,0,-
47123651233232,7265584,11,28858,173125,0,-
47126351233232,9899500,11,39296,235763,0,-
47126532133133,8297750,11,32949,197684,0,-
47132562311111,7938633,11,31543,189234,0,-
47132563222331,10608601,11,42130,252765,0,-
47132652233321,7913607,11,31435,188597,0,-
47135622132332,7421505,11,29480,176872,0,-
47136252133112,10477943,11,41615,249678,0,-
47152361233232,6552363,11,26021,156116,0,-
47152631322131,8422813,11,33447,200662,0,-
47156231332313,8447873,11,33571,201421,0,-
47156233211132,8077624,11,32101,192592,0,-
47156233223312,6974760,11,27708,166236,0,-
47156233233113,8233096,11,32716,196285,0,-
47156233322312,6696558,11,26601,159594,0,-
47156321111111,8510211,11,33837,203005,0,-
47156321133311,8608797,11,34212,205249,0,-
47156322132311,7302120,11,29016,174081,0,-
47156322313232,6744765,11,26804,160797,0,-
47156322332132,6297401,11,25018,150081,0,-
47156322332312,6582155,11,26149,156878,0,-
47156323223123,7258518,11,28835,172980,0,-
47162351322122,7380320,11,29314,175871,0,-
47163522131222,7063089,11,28060,168344,0,-
47165321232113,9574450,11,38037,228207,0,-
47165321322131,13935253,11,55347,332070,0,-
47165322132212,9598398,11,38120,228709,0,-
47165322133112,10953232,11,43499,260981,0,-
47165322232133,8250905,11,32764,196563,0,-
47165322313211,10782082,11,42850,257093,0,-
47216352131333,11516511,11,45731,274381,0,-
47251363131113,11171655,11,44364,266168,0,-
47251632131312,9540151,11,37884,227291,0,-
47256133212311,7284904,11,28946,173657,0,-
47256133321232,7191158,11,28580,171456,0,-
47265312122222,7737576,11,30744,184451,0,-
47265312131312,8063963,11,32043,192254,0,-
47265312313211,21622742,11,85959,515742,0,-
47321651311133,8086302,11,32131,192770,0,-
47352612123131,6943071,11,27601,165587,0,-
47352612311132,7151150,11,28429,170561,0,-
47352612313211,13509211,11,53729,322362,0,-
47512632312323,6866944,11,27294,163750,0,-
47621532232331,6298855,11,25031,150166,0,-
47621533231121,6576264,11,26136,156789,0,-
47632152233321,6685794,11,26571,159409,0,-
47632153212311,8218605,11,32666,195976,0,-
47632153232321,7563424,11,30060,180340,0,-
47632513212332,10593150,11,42072,252417,0,-
47652132231323,8207329,11,32609,195644,0,-
47653213211231,10262384,11,40778,244652,0,-
47653213232111,6006420,11,23870,143198,0,-
51264731113322,6953317,11,27634,165785,0,-
51264732213311,6556050,11,26058,156329,0,-
51267342312233,11576329,11,45980,275875,0,-
51324671211122,7544600,11,29982,179876,0,-
51324672212111,9748406,11,38739,232421,0,-
51324673113311,11487972,11,45653,273900,0,-
51324761111123,8495208,11,33734,202386,0,-
51324763113332,8184594,11,32490,194924,0,-
51342672212111,9301900,11,36972,221813,0,-
51342763312223,16488914,11,65540,393225,0,-
51367241211113,6672505,11,26516,159082,0,-
51423671221331,7064918,11,28053,168300,0,-
51426731111111,8293646,11,32987,197900,0,-
51426733312211,7530384,11,29932,179575,0,-
51472361131313,10026930,11,39822,238920,0,-
51472633331312,9517247,11,37788,226716,0,-
51623471321111,6040032,11,24006,144012,0,-
51623743313321,8884700,11,35275,211634,0,-
51624731312123,8610575,11,34199,205173,0,-
51624733323113,9390139,11,37280,223678,0,-
51632741323232,6706341,11,26654,159904,0,-
51642371122313,9028584,11,35855,215115,0,-
51642731113322,9847679,11,39118,234700,0,-
51647231113232,6453283,11,25645,153859,0,-
51723643131311,9470939,11,37612,225655,0,-
51724362122222,8196589,11,32572,195418,0,-
51724363121213,8048690,11,31984,191893,0,-
51726433123313,9556084,11,37943,227647,0,-
51732643121213,9987324,11,39660,237947,0,-
51742632323231,7892278,11,31359,188143,0,-
51742632323333,8567737,11,34044,204252,0,-
52134761232113,7572939,11,30103,180605,0,-
52147631121311,7665628,11,30470,182814,0,-
52147631131211,8004948,11,31816,190887,0,-
52147631211131,6887273,11,27377,164242,0,-
52147631311121,7032485,11,27954,167715,0,-
52147632111113,7609725,11,30249,181471,0,-
52147633111112,9809108,11,38990,233935,0,-
52163471112122,7961592,11,31653,189894,0,-
52163471213111,6839268,11,27187,163107,0,-
52163471312111,6747133,11,26823,160924,0,-
52163471333123,6242802,11,24807,148825,0,-
52163472111311,6813453,11,27087,162505,0,-
52163472131222,6696492,11,26619,159686,0,-
52163473111211,7222272,11,28711,172249,0,-
52163473111331,7137602,11,28369,170196,0,-
52163473221323,6691771,11,26601,159583,0,-
52163473323332,11484985,11,45647,273860,0,-
52167342121232,9462660,11,37582,225483,0,-
52167432121313,8508006,11,33802,202795,0,-
52167432122222,10390614,11,41286,247708,0,-
52167432131213,9049437,11,35954,215706,0,-
52167433133333,10045330,11,39915,239478,0,-
52167433331333,8620283,11,34245,205459,0,-
52174633223123,8949674,11,35537,213206,0,-
52314673311311,14167336,11,56297,337776,0,-
52314761322122,8061106,11,32008,192036,0,-
52341671111111,22544066,11,89647,537872,0,-
52341671122211,8240306,11,32759,196538,0,-
52341671311313,6692236,11,26602,159586,0,-
52341672211112,8318836,11,33072,198425,0,-
52341672232313,7729742,11,30732,184374,0,-
52341672323222,8422008,11,33479,200850,0,-
52341672323312,11071346,11,44004,264008,0,-
52341673133111,7101184,11,28227,169339,0,-
52341673232213,7575524,11,30118,180687,0,-
52341673232333,6755281,11,26858,161131,0,-
52341673323212,10875235,11,43225,259325,0,-
52361472121313,10308472,11,40947,245674,0,-
52361472131312,8521160,11,33850,203091,0,-
52367142211121,8706964,11,34599,207576,0,-
52367412322232,7305391,11,29041,174226,0,-
52374161112323,7546866,11,30013,180062,0,-
52376413222223,8171393,11,32459,194735,0,-
52463173212332,9782683,11,38852,233100,0,-
52463713212332,9821635,11,39009,234030,0,-
52471631223113,7356467,11,29231,175367,0,-
52471631323112,7542636,11,29974,179825,0,-
52614372313211,12208351,11,48528,291160,0,-
52641733212311,7147168,11,28398,170378,0,-
52641733232321,7276170,11,28912,173452,0,-
52673413232123,6789277,11,26983,161883,0,-
52713461232323,6699691,11,26630,159753,0,-
52714361232113,11068357,11,43985,263902,0,-
52714633213223,7268413,11,28877,173246,0,-
52714633223123,7278971,11,28914,173464,0,-
52731641233112,6402461,11,25439,152622,0,-
52731641323112,6171230,11,24521,147108,0,-
52736141322233,7271079,11,28879,173260,0,-
52741362313211,8388410,11,33346,200065,0,-
52741362313223,9554963,11,37959,227750,0,-
52741632122333,10759678,11,42704,256209,0,-
52741632123323,13288613,11,52738,316416,0,-
52741632212213,11256607,11,44675,268042,0,-
52741632212231,11706177,11,46448,278671,0,-
52741632232211,10907117,11,43294,259747,0,-
52741633221233,10740367,11,42615,255673,0,-
52741633313312,10593770,11,42035,252195,0,-
52741633313321,11416351,11,45315,271868,0,-
52741633321223,12629797,11,50115,300679,0,-
52741633323311,11039103,11,43799,262782,0,-
52743611111213,7312054,11,29066,174385,0,-
52743611111312,9032349,11,35904,215416,0,-
52743611112131,7306295,11,29043,174250,0,-
52743611113121,9187429,11,36523,219124,0,-
52743612131111,6965258,11,27689,166114,0,-
52743613121111,8434794,11,33532,201177,0,-
52761431111213,7256717,11,28845,173064,0,-
52761431111312,7306530,11,29043,174253,0,-
52761431112131,7601596,11,30221,181308,0,-
52761431113121,7704742,11,30629,183756,0,-
52761432131111,7401003,11,29420,176510,0,-
52761433121111,7107891,11,28256,169523,0,-
52763143222331,11237096,11,44631,267780,0,-
52763411222312,14906135,11,59136,354796,0,-
52763411333123,10144758,11,40243,241440,0,-
52763413222112,15415404,11,61159,366940,0,-
52763413223312,15374214,11,60995,365953,0,-
52763413322312,14921479,11,59199,355171,0,-
53126471231231,9080111,11,36064,216365,0,-
53126471231321,7253317,11,28818,172890,0,-
53126471321321,7767969,11,30848,185064,0,-
53146272123233,10256085,11,40756,244517,0,-
53147262123131,7137119,11,28370,170205,0,-
53162743312223,16711962,11,66425,398529,0,-
53274163211222,9300745,11,36926,221536,0,-
53421671321111,9546425,11,37936,227602,0,-
53421671321231,6360987,11,25279,151654,0,-
53426171112233,7361278,11,29243,175444,0,-
53462711113322,9593311,11,38109,228643,0,-
53467211321111,6070687,11,24126,144735,0,-
53476121323112,7923943,11,31484,188895,0,-
53476121323322,8162446,11,32433,194586,0,-
53614721212121,10120278,11,40191,241131,0,-
53621471331221,6648019,11,26395,158354,0,-
53642171111111,8180699,11,32538,195206,0,-
53672142221213,13694706,11,54384,326293,0,-
53714622233111,11264398,11,44738,268423,0,-
53721463223312,8392287,11,33308,199823,0,-
53724612121112,9961613,11,39562,237360,0,-
53726143333121,7162637,11,28452,170689,0,-
53741621323112,7352640,11,29218,175289,0,-
53741621332112,7584006,11,30135,180803,0,-
53742612323333,8704992,11,34591,207534,0,-
53761242121211,9879874,11,39232,235373,0,-
53761242221213,10464379,11,41540,249225,0,-
53761242321212,9804706,11,38935,233585,0,-
53762143222331,8364770,11,33200,199190,0,-
53762413322123,9159056,11,36383,218293,0,-
54123673233323,7980248,11,31723,190317,0,-
54126371331221,6760242,11,26840,161021,0,-
54127632131213,9718862,11,38613,231662,0,-
54127632222212,9219943,11,36632,219782,0,-
54127633131212,9713887,11,38586,231502,0,-
54127633133333,10180832,11,40442,242643,0,-
54127633333313,9462867,11,37587,225513,0,-
54163271133221,7494349,11,29758,178533,0,-
54163272233111,9752613,11,38751,232486,0,-
54167231121113,6785227,11,26973,161823,0,-
54167231131112,6885033,11,27371,164212,0,-
54167231221211,7345081,11,29193,175146,0,-
54167231333213,6799856,11,27027,162139,0,-
54167232112112,7300671,11,29017,174081,0,-
54167232133313,7738092,11,30767,184587,0,-
54167232333113,6760198,11,26869,161191,0,-
54167233232333,8719877,11,34662,207954,0,-
54167233331213,7692011,11,30584,183483,0,-
54172633132313,9515655,11,37791,226727,0,-
54217362233213,15698697,11,62339,374016,0,-
54217632132212,14039741,11,55752,334497,0,-
54231671123111,7285761,11,28955,173710,0,-
54231673123121,6382251,11,25360,152138,0,-
54261373123121,6928007,11,27510,165038,0,-
54261732231233,8566417,11,34011,204059,0,-
54276132233312,8333422,11,33104,198608,0,-
54312671131331,7163455,11,28466,170773,0,-
54312672212111,7835497,11,31141,186833,0,-
54312673311311,13320079,11,52941,317631,0,-
54317261113112,6408636,11,25467,152787,0,-
54317621111222,8400495,11,33379,200261,0,-
54321672212213,11378834,11,45167,270981,0,-
54321672212231,10657961,11,42290,253725,0,-
54321672232211,11134023,11,44193,265146,0,-
54321673313312,16133614,11,64029,384160,0,-
54321673313321,16581828,11,65827,394951,0,-
54321673323311,16524836,11,65581,393478,0,-
54321761211221,6953029,11,27628,165750,0,-
54321763113113,9404115,11,37364,224167,0,-
54326171111231,9456204,11,37579,225457,0,-
54326171112233,6705771,11,26651,159893,0,-
54326171321231,6816952,11,27092,162536,0,-
54326711112212,8696500,11,34556,207320,0,-
54327612223232,7599993,11,30211,181243,0,-
54361272223232,7748252,11,30798,184772,0,-
54362171113133,8075575,11,32085,192494,0,-
54362711111231,6458825,11,25668,153991,0,-
54362711323112,7886294,11,31337,188010,0,-
54367121112212,9593207,11,38118,228696,0,-
54367121113211,7911077,11,31436,188595,0,-
54367121113331,10933710,11,43449,260684,0,-
54367122211121,8771067,11,34852,209094,0,-
54367122311111,7922520,11,31479,188860,0,-
54367123311113,7890597,11,31360,188135,0,-
54367211132222,10727921,11,42565,255376,0,-
54367211213333,13398275,11,53164,318978,0,-
54367211222132,10937072,11,43394,260351,0,-
54367211333213,11647764,11,46210,277243,0,-
54367212211322,13313756,11,52843,317040,0,-
54367212231122,11340179,11,45009,270045,0,-
54367212233213,10903138,11,43275,259636,0,-
54367212332213,11201204,11,44455,266719,0,-
54367212333113,11748951,11,46618,279691,0,-
54367213112222,12640019,11,50158,300934,0,-
54367213312133,12377982,11,49130,294754,0,-
54371261113331,8261556,11,32826,196938,0,-
54371621113112,9683065,11,38481,230869,0,-
54371621113322,6640708,11,26391,158334,0,-
54376121322233,7756632,11,30812,184861,0,-
54376211111132,7967427,11,31661,189951,0,-
54376211111222,7346777,11,29196,175164,0,-
54376211113133,8308926,11,33022,198125,0,-
54612371112311,11792998,11,46839,281023,0,-
54612372222131,8696451,11,34532,207174,0,-
54612732112223,8213781,11,32629,195764,0,-
54612733322213,8323139,11,33062,198359,0,-
54621371133311,7664482,11,30463,182770,0,-
54621372211121,8386803,11,33333,199975,0,-
54637211132111,6479751,11,25752,154495,0,-
54671232221213,8835664,11,35081,210468,0,-
54712361323313,8380869,11,33272,199623,0,-
54712362223322,8792796,11,34924,209524,0,-
54716232222113,8701726,11,34550,207284,0,-
54716321112323,8409503,11,33442,200636,0,-
54716322313223,6946303,11,27609,165638,0,-
54721631111111,26815803,11,106635,639792,0,-
54721631122121,7861154,11,31244,187448,0,-
54721631311133,7455837,11,29642,177835,0,-
54721632133232,7271487,11,28900,173385,0,-
54721632212222,7756118,11,30838,185010,0,-
54721632212231,6764785,11,26887,161305,0,-
54721633231322,7217375,11,28690,172124,0,-
54721633313321,7758667,11,30843,185040,0,-
54721633333331,6816634,11,27099,162569,0,-
54723612131312,10501698,11,41727,250354,0,-
54723612221222,8594278,11,34145,204856,0,-
54723612222212,8799519,11,34961,209757,0,-
54723613121312,9659165,11,38377,230249,0,-
54723613333313,9756568,11,38761,232562,0,-
54761233322321,7512796,11,29829,178969,0,-
54763212322232,7134397,11,28359,170147,0,-
56123471222312,10448768,11,41448,248675,0,-
56123471223221,9918543,11,39342,236032,0,-
56123471331332,12695687,11,50361,302160,0,-
56123471333123,10903802,11,43253,259495,0,-
56123472322121,10486586,11,41601,249588,0,-
56123472331331,9841089,11,39036,234192,0,-
56123473133132,11585603,11,45960,275749,0,-
56123473133231,9753137,11,38689,232120,0,-
56123473222112,10082097,11,39994,239948,0,-
56123473223312,10057469,11,39895,239349,0,-
56123473322312,10427240,11,41364,248169,0,-
56124371111231,6300796,11,25042,150226,0,-
56124371232323,8659563,11,34422,206514,0,-
56127433332323,7722636,11,30700,184186,0,-
56132472333332,7854026,11,31210,187245,0,-
56132473211111,7622894,11,30292,181745,0,-
56132473213211,7624346,11,30293,181750,0,-
56143273332323,9534490,11,37902,227404,0,-
56147231222132,16910073,11,67103,402607,0,-
56147231333213,10505440,11,41677,250041,0,-
56147232233213,10943666,11,43432,260568,0,-
56147232332213,11311500,11,44896,269355,0,-
56147232333113,10959297,11,43484,260880,0,-
56147322333233,9780200,11,38865,233180,0,-
56173421113112,6392122,11,25401,152394,0,-
56174232323333,8630502,11,34302,205798,0,-
56174321232113,10603686,11,42136,252814,0,-
56213471111111,8753059,11,34812,208861,0,-
56213743313333,10282808,11,40838,245006,0,-
56243173133111,9365337,11,37199,223181,0,-
56243713121333,9589953,11,38088,228518,0,-
56247132333233,7886122,11,31340,188036,0,-
56271433111313,10531725,11,41819,250899,0,-
56271433123313,10269748,11,40769,244602,0,-
56271433132313,10796789,11,42869,257208,0,-
56274132331133,8377718,11,33263,199566,0,-
56274312313211,12257519,11,48722,292318,0,-
56321473233323,6988977,11,27781,166672,0,-
56321742211112,10427409,11,41435,248600,0,-
56324171221331,6851942,11,27207,163223,0,-
56327411211332,6908135,11,27431,164571,0,-
56327413213112,6825967,11,27105,162610,0,-
56341273121213,9996817,11,39721,238308,0,-
56341273131212,8965974,11,35620,213699,0,-
56347122333233,8968236,11,35640,213830,0,-
56347211213111,7065199,11,28088,168506,0,-
56347211222132,7221167,11,28706,172212,0,-
56347211312111,6690791,11,26599,159573,0,-
56347211331131,6506150,11,25861,155141,0,-
56347212111221,11764180,11,46759,280541,0,-
56347212111311,8884892,11,35318,211893,0,-
56347212123233,8160433,11,32443,194639,0,-
56347212232223,7846179,11,31194,187152,0,-
56347213111211,8510898,11,33833,202980,0,-
56347213131332,7464543,11,29673,178023,0,-
56423171231231,6284599,11,24957,149729,0,-
56423171231321,7667990,11,30468,182796,0,-
56423171321321,6916668,11,27473,164828,0,-
56423172112121,7881530,11,31320,187905,0,-
56423173132121,7123975,11,28302,169796,0,-
56423173133111,7808651,11,31030,186154,0,-
56432713122122,8183133,11,32504,195008,0,-
56712341232113,7150135,11,28424,170519,0,-
56712343211123,7846856,11,31194,187138,0,-
56721343123331,8449249,11,33546,201259,0,-
56721432312233,9832438,11,39071,234407,0,-
56723411113313,7263701,11,28877,173243,0,-
56723411121113,7383899,11,29352,176100,0,-
56723411131112,6776100,11,26937,161607,0,-
56723411222312,6638013,11,26378,158250,0,-
56723412122312,6506826,11,25864,155165,0,-
56723412323222,7119846,11,28306,169810,0,-
56723413221212,6863144,11,27282,163667,0,-
56723413222112,6756369,11,26849,161079,0,-
56723413331111,6871988,11,27322,163901,0,-
56732143122113,9487243,11,37673,226021,0,-
56741231121311,7152755,11,28431,170569,0,-
56741231131211,9277533,11,36877,221251,0,-
56741231211131,9008948,11,35811,214852,0,-
56741231311121,6895052,11,27408,164428,0,-
56741232111113,7892953,11,31374,188225,0,-
56741233111112,7800312,11,31005,186019,0,-
56743212122222,8622547,11,34254,205512,0,-
56743212221222,10227129,11,40622,243724,0,-
56743213121213,10663571,11,42361,254154,0,-
56743213121312,9266209,11,36813,220866,0,-
56743213331333,10073746,11,40017,240091,0,-
57123461111111,8308984,11,33049,198271,0,-
57164322131312,7753550,11,30812,184852,0,-
57214361323232,6437639,11,25584,153490,0,-
57214632212213,13945456,11,55384,332279,0,-
57236141113232,7023858,11,27915,167480,0,-
57236141322233,6822711,11,27116,162674,0,-
57236141323232,9974276,11,39640,237823,0,-
57241631322113,6200528,11,24637,147804,0,-
57241631323112,6008603,11,23877,143238,0,-
57246131112233,7774224,11,30882,185281,0,-
57264132111323,8665043,11,34418,206482,0,-
57321641311112,7197691,11,28607,171622,0,-
57321642311132,7223888,11,28715,172271,0,-
57364212213311,9769376,11,38814,232877,0,-
57364212313211,8247015,11,32783,196678,0,-
57364213332122,6468621,11,25693,154142,0,-
57642311113322,7214600,11,28675,172035,0,-
61234572231323,7939255,11,31552,189306,0,-
61234573232213,7156290,11,28441,170630,0,-
61235741313131,12551016,11,49834,298990,0,-
61257343232123,7126259,11,28321,169911,0,-
61274351313131,9520905,11,37813,226865,0,-
61274532231323,7820301,11,31080,186468,0,-
61352472233321,6677922,11,26544,159241,0,-
61352472313211,13211185,11,52543,315243,0,-
61452731311313,9773540,11,38818,232898,0,-
61453721111111,8557641,11,34031,204172,0,-
61453721311112,6900468,11,27425,164538,0,-
61453723111121,6813557,11,27081,162475,0,-
61472532123332,7629322,11,30322,181917,0,-
61472533112111,6461456,11,25673,154012,0,-
61527431111111,8943386,11,35566,213375,0,-
61534272311132,8899507,11,35372,212213,0,-
61534721112311,7688866,11,30554,183314,0,-
61534721113211,7250453,11,28814,172861,0,-
61543271111111,9386846,11,37329,223951,0,-
61543271112311,7944054,11,31579,189460,0,-
61572432312323,7267015,11,28869,173200,0,-
61734523222331,9894981,11,39296,235757,0,-
62134572321323,9469208,11,37588,225517,0,-
62135471122121,7777230,11,30904,185412,0,-
62135472132131,6705325,11,26638,159819,0,-
62135473122131,6481274,11,25749,154474,0,-
62135473123121,8467320,11,33628,201754,0,-
62135473131131,7769175,11,30873,185225,0,-
62135473132121,7601273,11,30198,181171,0,-
62135473232231,7155594,11,28428,170550,0,-
62135473322321,7628464,11,30309,181844,0,-
62135743222331,7905137,11,31378,188250,0,-
62135743312223,13214016,11,52500,314983,0,-
62147353123121,7283317,11,28937,173608,0,-
62147353132121,6158053,11,24469,146796,0,-
62154733321121,6504133,11,25846,155057,0,-
62157342132212,9243921,11,36703,220205,0,-
62173543232132,7171528,11,28494,170940,0,-
62174351122133,10004507,11,39732,238383,0,-
62174533311212,9040212,11,35914,215469,0,-
62317453112111,6329077,11,25151,150892,0,-
62317453312211,10193454,11,40508,243031,0,-
62351743112123,11701059,11,46494,278952,0,-
62371453311311,8775448,11,34867,209189,0,-
62374511322311,6190749,11,24600,147584,0,-
62374513112321,7287903,11,28962,173760,0,-
62374513312112,5915695,11,23508,141033,0,-
62435172211133,10652374,11,42308,253833,0,-
62435172311132,11433876,11,45421,272514,0,-
62435711222222,7160606,11,28448,170663,0,-
62453713311122,9031527,11,35883,215282,0,-
62471532232133,7471919,11,29686,178095,0,-
62475131322323,7207563,11,28634,171794,0,-
62531472321233,7945462,11,31570,189416,0,-
62543711211113,7785924,11,30939,185626,0,-
62543711311112,6573711,11,26125,156729,0,-
62571432321233,9742839,11,38712,232268,0,-
62735143223213,8733238,11,34696,208160,0,-
63125741112323,13198756,11,52439,314617,0,-
63125743131233,7014164,11,27865,167162,0,-
63125743133312,7430737,11,29518,177093,0,-
63142571111111,8107583,11,32244,193439,0,-
63142571132321,11281833,11,44832,268976,0,-
63142573112123,10963432,11,43569,261392,0,-
63172452312323,6537445,11,25986,155890,0,-
63172452313211,13442324,11,53462,320754,0,-
63174522332132,7136397,11,28341,170027,0,-
63247511123132,6696280,11,26608,159640,0,-
63251743133231,10099945,11,40090,240528,0,-
63452711311313,7760159,11,30835,184987,0,-
63452712333221,7319434,11,29082,174478,0,-
63471522123131,8242029,11,32762,196553,0,-
63471522323132,9037407,11,35914,215470,0,-
63471522332132,7380316,11,29327,175949,0,-
63472512123332,8120051,11,32266,193574,0,-
63512743313333,10500517,11,41700,250188,0,-
63541271212211,12383768,11,49207,295226,0,-
63542713121333,11519923,11,45752,274498,0,-
63574212123131,7081123,11,28151,168889,0,-
63574212313211,11464207,11,45592,273530,0,-
63712542221111,7630023,11,30320,181907,0,-
63714252123131,8891518,11,35339,212021,0,-
63714521112323,8623428,11,34279,205652,0,-
63714522332132,6526126,11,25922,155509,0,-
63721541233322,7429264,11,29513,177071,0,-
63724153121213,10281340,11,40854,245116,0,-
63725141112323,12689935,11,50429,302564,0,-
63725141233121,8602691,11,34160,204952,0,-
63725142123131,11620761,11,46163,276978,0,-
63725142223133,10515252,11,41757,250527,0,-
63725143122113,9662916,11,38372,230227,0,-
63725143123313,13583565,11,53945,323670,0,-
63741252222323,8057035,11,32022,192120,0,-
63741522123131,8315412,11,33045,198252,0,-
63742511232221,8233679,11,32701,196197,0,-
63745123122212,7042625,11,27979,167859,0,-
63751242221321,9839428,11,39057,234337,0,-
63751423122311,8679110,11,34469,206799,0,-
63752141111111,10550282,11,41942,251637,0,-
63752141122211,8881032,11,35295,211743,0,-
63752141123213,6950880,11,27621,165708,0,-
63752142332132,6419571,11,25501,152988,0,-
63752143123223,6726311,11,26723,160314,0,-
63752143212323,6589332,11,26187,157096,0,-
63752143223123,7733481,11,30720,184302,0,-
63752411223212,6756122,11,26843,161046,0,-
63752411333213,11383295,11,45243,271433,0,-
63752412312323,8809081,11,35009,210041,0,-
63752412322112,7071540,11,28096,168564,0,-
63752412333113,11355114,11,45128,270749,0,-
63754213122122,7395863,11,29362,176161,0,-
64125371131313,11620845,11,46144,276851,0,-
64157321133212,15422738,11,61252,367497,0,-
64231572311132,8489943,11,33741,202425,0,-
64257131113223,7530691,11,29915,179478,0,-
64271533221212,8007142,11,31812,190859,0,-
64275131212223,9036623,11,35891,215333,0,-
64275131312123,8727889,11,34661,207955,0,-
64275132211133,10793051,11,42867,257190,0,-
64275132232133,10447556,11,41494,248946,0,-
64275133231112,9886870,11,39267,235591,0,-
64275133312211,8316890,11,33028,198152,0,-
64275311112332,7972473,11,31671,190009,0,-
64275311222222,6908157,11,27443,164646,0,-
64275313312211,7368599,11,29269,175602,0,-
64321572111131,8855528,11,35192,211138,0,-
64321572132131,7358194,11,29241,175421,0,-
64321572311132,8249417,11,32792,196724,0,-
64325713121222,14705276,11,58395,350358,0,-
64351272132131,7385923,11,29329,175961,0,-
64357212313211,8475136,11,33689,202126,0,-
64357213231322,10252815,11,40743,244445,0,-
64357213312211,9369753,11,37225,223343,0,-
64531271212211,11977186,11,47597,285562,0,-
64531272132131,6744788,11,26790,160723,0,-
64531273122131,6609025,11,26254,157506,0,-
64531273123121,8662884,11,34398,206376,0,-
64531273311311,7247767,11,28807,172825,0,-
64531273312211,6741579,11,26786,160693,0,-
64572131122223,7343019,11,29172,175028,0,-
64713253112111,6306493,11,25063,150357,0,-
65123471112311,7124198,11,28308,169832,0,-
65123471233232,6178130,11,24537,147207,0,-
65123472312311,7404681,11,29421,176506,0,-
65132471212112,7697670,11,30590,183528,0,-
65132471222111,7441354,11,29570,177411,0,-
65132471231321,8563674,11,34035,204193,0,-
65132471323121,8248060,11,32774,196633,0,-
65132472131231,6705834,11,26642,159837,0,-
65132472212231,11107278,11,44138,264814,0,-
65132472233321,8788018,11,34926,209540,0,-
65132473111331,8565740,11,34043,204236,0,-
65132473313312,6965819,11,27676,166033,0,-
65132473323311,7126445,11,28313,169861,0,-
65132741223323,6940131,11,27569,165401,0,-
65132743222331,8696256,11,34536,207206,0,-
65134721233232,7838329,11,31119,186694,0,-
65147321232113,10034065,11,39875,239234,0,-
65172431132333,8482938,11,33695,202149,0,-
65174232123131,7380512,11,29334,175994,0,-
65174232133313,7328153,11,29127,174738,0,-
65174232323312,8138214,11,32346,194062,0,-
65174233323212,8088623,11,32147,192868,0,-
65174233331213,7701052,11,30609,183633,0,-
65174322313211,7905495,11,31429,188545,0,-
65174323223123,7745184,11,30763,184566,0,-
65213741111111,8643130,11,34373,206226,0,-
65241371111111,8288574,11,32965,197769,0,-
65243712121322,10958375,11,43521,261111,0,-
65271341332331,8071778,11,32034,192186,0,-
65271432231233,8247332,11,32747,196465,0,-
65274131111111,9757341,11,38804,232810,0,-
65274131311313,6764579,11,26882,161266,0,-
65274131312213,7627763,11,30319,181883,0,-
65274132123332,7351286,11,29218,175288,0,-
65274133132223,7312734,11,29063,174352,0,-
65274133232321,6590677,11,26191,157122,0,-
65274133312223,7170698,11,28503,170990,0,-
65314272311132,6801039,11,27038,162205,0,-
65314272313211,11318778,11,45013,270065,0,-
65321472111122,8697176,11,34557,207335,0,-
65417321232113,7080113,11,28144,168844,0,-
65417323223123,6516652,11,25895,155352,0,-
65417323232123,7073805,11,28112,168655,0,-
65423713321322,7886283,11,31319,187899,0,-
65432173232321,7706337,11,30619,183699,0,-
65471231132213,9239967,11,36704,220201,0,-
65714323223123,7563712,11,30039,180216,0,-
65723143321313,7059542,11,28045,168252,0,-
65732411333123,15060724,11,59752,358495,0,-
65742311212313,6927058,11,27524,165125,0,-
67132541133311,12300531,11,48875,293242,0,-
67145323133312,7743880,11,30763,184555,0,-
67154233323332,11429217,11,45354,272115,0,-
67215343333133,9557415,11,37939,227625,0,-
67231541323112,8999577,11,35761,214553,0,-
67231543323122,9033850,11,35897,215372,0,-
67234513332122,7063467,11,28046,168261,0,-
67245131313323,7358974,11,29237,175415,0,-
67245311112311,10893986,11,43258,259534,0,-
67245311133233,8800788,11,34937,209613,0,-
67254311131133,11820764,11,46974,281835,0,-
67254313311113,7320918,11,29095,174553,0,-
67312452233321,7521232,11,29878,179254,0,-
67312541121221,7314053,11,29059,174331,0,-
67312542221111,9335209,11,37091,222530,0,-
67321451111123,7065543,11,28077,168444,0,-
67321451112311,7592139,11,30172,181011,0,-
67321451212211,12309550,11,48919,293490,0,-
67321451311133,7902970,11,31406,188423,0,-
67321452111122,7351216,11,29216,175284,0,-
67321453113311,8241279,11,32751,196496,0,-
67321542232133,7797309,11,30980,185862,0,-
67341252222323,8290676,11,32943,197637,0,-
67342512222113,8356011,11,33177,199043,0,-
67345122223133,10913836,11,43348,260076,0,-
67345122232133,10530420,11,41826,250941,0,-
67345211111123,7052126,11,28024,168128,0,-
67345211111132,7607433,11,30231,181374,0,-
67345211112233,7327261,11,29116,174678,0,-
67345211113322,7103755,11,28225,169341,0,-
67345211211122,7885214,11,31341,188025,0,-
67345211311133,7770241,11,30883,185280,0,-
67345212111122,7126795,11,28324,169930,0,-
67345213111133,8388749,11,33343,200040,0,-
67354121111111,8151774,11,32411,194433,0,-
67354211212121,8012034,11,31847,191067,0,-
67354211313113,11699435,11,46504,279005,0,-
67354211333111,11653340,11,46319,277898,0,-
67354212111221,8107182,11,32219,193303,0,-
67354212212222,7606209,11,30231,181374,0,-
67354212311132,7692772,11,30579,183452,0,-
67354213111313,9365944,11,37228,223355,0,-
67354213131311,8935522,11,35517,213095,0,-
67354213211132,7592635,11,30174,181032,0,-
67354213313333,7648111,11,30395,182355,0,-
67412353132121,8820598,11,35046,210263,0,-
67412353332221,6871854,11,27305,163811,0,-
67412531131133,8408412,11,33411,200448,0,-
67435121332112,6365812,11,25294,151743,0,-
67435123123121,6396568,11,25416,152481,0,-
67452313321232,9039142,11,35911,215441,0,-
71234563231322,8492148,11,33745,202464,0,-
71263541333222,10755275,11,42737,256403,0,-
71263542323123,10860533,11,43157,258923,0,-
71264533131323,10909478,11,43306,259822,0,-
71264533221323,10764877,11,42720,256308,0,-
71264533231223,12601660,11,50015,300078,0,-
71264533231313,11487448,11,45603,273615,0,-
71326451211311,7056333,11,28038,168218,0,-
71326453132121,6897015,11,27404,164405,0,-
71326543333313,10209965,11,40543,243239,0,-
71345262132131,7959306,11,31626,189744,0,-
71362453113311,8386413,11,33325,199928,0,-
71365423331312,9666123,11,38379,230272,0,-
71423563213232,7947759,11,31546,189259,0,-
71423653213232,7454265,11,29607,177626,0,-
71426353312211,7944272,11,31559,189336,0,-
71426533333223,8980642,11,35661,213962,0,-
71432561232323,8022893,11,31886,191297,0,-
71432561323232,6257028,11,24862,149152,0,-
71432562111221,7478762,11,29722,178313,0,-
71432563232213,7963365,11,31653,189898,0,-
71432563323113,6741043,11,26785,160692,0,-
71432563323122,7234187,11,28742,172432,0,-
71432563332113,6793379,11,26999,161979,0,-
71435261322233,9298691,11,36922,221512,0,-
71435262222122,8430631,11,33477,200851,0,-
71435263211123,9872414,11,39217,235291,0,-
71435263311122,9222883,11,36630,219763,0,-
71435263333133,9394841,11,37310,223852,0,-
71435263333223,9484721,11,37663,225967,0,-
71435623333331,9258211,11,36786,220709,0,-
71436253333112,10169182,11,40397,242375,0,-
71452363213232,7273347,11,28885,173292,0,-
71452632222131,9715228,11,38584,231489,0,-
71453262222221,7782929,11,30917,185496,0,-
71453623311122,10594997,11,42084,252494,0,-
71456321322323,7367056,11,29273,175617,0,-
71456322111221,7713922,11,30651,183898,0,-
71462531113322,9242661,11,36725,220345,0,-
71462532111212,7969257,11,31675,190040,0,-
71462532121112,8227395,11,32698,196170,0,-
71462533111223,9891433,11,39302,235801,0,-
71462533221113,8099108,11,32180,193075,0,-
71463523331222,8273090,11,32854,197109,0,-
71523463131311,10517407,11,41755,250512,0,-
71523463231313,10885704,11,43216,259290,0,-
71523463331312,10373757,11,41178,247050,0,-
71532463221332,8011797,11,31804,190807,0,-
71534262122222,10158774,11,40364,242170,0,-
71542633132322,7820704,11,31068,186392,0,-
71543622111131,6618509,11,26302,157794,0,-
71543623111121,7359976,11,29252,175488,0,-
71546233331213,10095050,11,40091,240529,0,-
71546322231212,10463706,11,41553,249308,0,-
71562433123232,7545088,11,29977,179848,0,-
71563243221221,8466480,11,33601,201588,0,-
71625433213133,13534654,11,53742,322438,0,-
71643252231212,10294491,11,40883,245286,0,-
71643523331213,10585573,11,42043,252251,0,-
72134562312212,9570362,11,38008,228036,0,-
72136541322233,7101378,11,28225,169336,0,-
72143563222331,7180475,11,28510,171044,0,-
72143651121113,7217368,11,28690,172129,0,-
72143651131112,7684138,11,30545,183271,0,-
72143651213111,6987509,11,27775,166636,0,-
72143651312111,6874468,11,27329,163961,0,-
72143652111311,7001537,11,27831,166974,0,-
72143653111211,6967112,11,27696,166154,0,-
72145631233223,6852608,11,27211,163253,0,-
72145633232231,6877566,11,27310,163847,0,-
72145633312223,11119129,11,44186,265107,0,-
72146352232223,8220180,11,32664,195962,0,-
72163452122222,10198984,11,40516,243084,0,-
72163453121213,8581421,11,34089,204528,0,-
72163453131212,9697197,11,38519,231103,0,-
72163453133333,8296254,11,32958,197730,0,-
72163453331333,10216667,11,40587,243508,0,-
72164353131113,9964162,11,39571,237417,0,-
72165431113331,7101809,11,28235,169384,0,-
72165432111113,7381914,11,29346,176058,0,-
72165432111122,9818781,11,39036,234195,0,-
72165432211112,8071579,11,32093,192543,0,-
72165432323312,7137176,11,28369,170198,0,-
72165433111112,6938991,11,27587,165505,0,-
72165433121333,7667116,11,30485,182890,0,-
72165433221233,7300538,11,29019,174094,0,-
72165433233323,7892446,11,31377,188239,0,-
72165433321223,6786038,11,26973,161820,0,-
72165433331213,7483534,11,29755,178513,0,-
72345611111111,9662189,11,38435,230597,0,-
72345611133113,6641486,11,26399,158377,0,-
72345611221223,6039000,11,23998,143968,0,-
72345611222222,6554221,11,26053,156308,0,-
72345611331332,7072341,11,28101,168596,0,-
72345612122111,7564015,11,30067,180382,0,-
72345612331331,5985145,11,23785,142684,0,-
72345613221221,6378377,11,25345,152053,0,-
72345613333331,8063693,11,32053,192308,0,-
72356141112323,7753815,11,30834,184982,0,-
72356141232113,7157934,11,28453,170696,0,-
72356143211123,6854544,11,27249,163475,0,-
72361453232333,6882467,11,27357,164130,0,-
72361542333233,12301310,11,48879,293258,0,-
72365412222212,7524846,11,29896,179357,0,-
72365413121312,10705882,11,42539,255225,0,-
72365413131212,7823418,11,31084,186493,0,-
72365413331333,7974986,11,31682,190087,0,-
72435163333313,11302233,11,44912,269471,0,-
72513641232323,7142697,11,28380,170258,0,-
72513641233322,8328149,11,33088,198513,0,-
72516342313223,7754642,11,30804,184800,0,-
72531463321232,8534304,11,33916,203492,0,-
72534163211123,8896187,11,35355,212121,0,-
72541631111213,7306633,11,29046,174268,0,-
72541631111312,8123894,11,32295,193758,0,-
72541631112131,7605525,11,30238,181408,0,-
72541631113121,7902089,11,31416,188477,0,-
72541632131111,6980805,11,27749,166477,0,-
72541633121111,8655401,11,34406,206428,0,-
72543162311111,6657576,11,26460,158743,0,-
72543163211111,7393639,11,29383,176279,0,-
72543611221223,9762433,11,38722,232312,0,-
72543611223221,10225938,11,40562,243357,0,-
72543611331332,11547332,11,45808,274829,0,-
72543611332331,10368780,11,41130,246762,0,-
72543612331331,9813916,11,38927,233535,0,-
72543613132232,12507940,11,49621,297707,0,-
72543613133222,10101990,11,40071,240407,0,-
72543613221221,10557354,11,41880,251263,0,-
72543613223312,11652816,11,46224,277327,0,-
72543613322312,12049197,11,47797,286774,0,-
72546311323112,6888451,11,27364,164166,0,-
72546313323212,7700928,11,30603,183598,0,-
72561342313223,10351900,11,41135,246802,0,-
72561432213122,12253757,11,48638,291817,0,-
72561433221233,10861786,11,43095,258554,0,-
72561433311233,13980332,11,55493,332945,0,-
72561433321133,11655094,11,46256,277520,0,-
72561433321223,11500190,11,45629,273762,0,-
72563411111213,7195387,11,28604,171608,0,-
72563411111312,7065315,11,28088,168505,0,-
72563411112131,9710404,11,38605,231622,0,-
72563411113121,7715129,11,30672,184015,0,-
72563412131111,7000579,11,27827,166944,0,-
72563413121111,6903361,11,27443,164641,0,-
72643513212311,7256209,11,28833,172986,0,-
72643513212332,6736772,11,26759,160538,0,-
73125463133132,8064368,11,32006,192021,0,-
73146522113231,6551014,11,26027,156153,0,-
73246153312211,7001548,11,27827,166949,0,-
73456123231322,7988664,11,31740,190424,0,-
73516243323113,6930372,11,27528,165153,0,-
73516243332131,7391802,11,29361,176149,0,-
73541262321212,9249998,11,36740,220413,0,-
73542163321133,9285665,11,36864,221168,0,-
73542613132121,6769263,11,26887,161310,0,-
73542613132322,6914466,11,27477,164839,0,-
73564213321322,8944956,11,35514,213066,0,-
73614251112323,9207470,11,36604,219618,0,-
73615241112323,12214863,11,48535,291194,0,-
73615241113322,9984739,11,39644,237848,0,-
73615242223133,9715164,11,38575,231435,0,-
73615243123313,9183976,11,36467,218791,0,-
73615243213313,9496168,11,37707,226231,0,-
73615243331312,9246393,11,36714,220273,0,-
73615243332311,9581828,11,38048,228280,0,-
73615421113322,7183964,11,28538,171218,0,-
73615423213211,9546675,11,37932,227574,0,-
73615423333331,7566096,11,30059,180342,0,-
73624513121132,12240502,11,48610,291651,0,-
73624513332131,10984200,11,43601,261603,0,-
73625141112323,9008223,11,35810,214846,0,-
73625143121213,7649294,11,30396,182359,0,-
73625143333313,7986033,11,31730,190368,0,-
73625412222323,7846850,11,31182,187074,0,-
73642511111111,10355123,11,41180,247071,0,-
73642511113232,8894501,11,35347,212070,0,-
73642511113322,8859527,11,35205,211213,0,-
73642513223222,9680968,11,38459,230755,0,-
73645121113211,8747293,11,34733,208387,0,-
73645122222311,8360205,11,33190,199129,0,-
73645211223113,6364101,11,25282,151678,0,-
73645211231111,8137803,11,32342,194040,0,-
73645211321111,6365110,11,25292,151726,0,-
73645211332112,6620551,11,26298,157765,0,-
73645213112231,6874101,11,27314,163867,0,-
73645213333112,7294266,11,28980,173871,0,-
73651241113322,7683368,11,30523,183129,0,-
73652413211312,8218514,11,32641,195831,0,-
73652413331321,9233173,11,36671,220018,0,-
73654122111122,10232707,11,40670,244001,0,-
73654122221111,7120594,11,28299,169770,0,-
73654211111132,8398533,11,33347,200067,0,-
74123563323221,6585556,11,26163,156958,0,-
74123652322121,10225027,11,40563,243362,0,-
74123653132232,13087790,11,51926,311534,0,-
74123653133132,10645454,11,42231,253368,0,-
74123653133222,10543035,11,41824,250919,0,-
74123653133231,9709973,11,38516,231080,0,-
74125631313311,6970466,11,27713,166249,0,-
74125632121121,7285842,11,28960,173750,0,-
74125632122111,6749144,11,26828,160955,0,-
74125632131111,6965418,11,27690,166122,0,-
74125632321332,6764602,11,26889,161314,0,-
74125633121111,8516386,11,33854,203115,0,-
74125633131233,6631916,11,26363,158162,0,-
74125633132232,6031503,11,23969,143794,0,-
74125633133222,6377200,11,25340,152032,0,-
74125633133312,8490048,11,33747,202463,0,-
74125633332323,7975079,11,31704,190208,0,-
74126352333122,9415102,11,37406,224421,0,-
74132561321231,8853871,11,35185,211098,0,-
74132562121121,8224778,11,32683,196084,0,-
74132562122111,7699863,11,30596,183568,0,-
74132563131221,9482899,11,37673,226024,0,-
74132563132112,7735699,11,30733,184384,0,-
74136522322121,9564071,11,37941,227628,0,-
74152363132232,9405648,11,37310,223848,0,-
74152363133132,9469136,11,37564,225366,0,-
74152363133222,10697399,11,42441,254628,0,-
74152363133231,9450008,11,37488,224905,0,-
74156322122123,7192529,11,28580,171453,0,-
74156322122321,7369789,11,29283,175686,0,-
74156322313223,7382497,11,29334,175982,0,-
74156323132331,6966283,11,27677,166050,0,-
74156323133123,7190507,11,28567,171386,0,-
74163251121122,7998423,11,31797,190774,0,-
74163252112211,7412488,11,29469,176797,0,-
74163252131111,7988287,11,31755,190512,0,-
74163253121111,7928110,11,31516,189077,0,-
74163253131332,6662519,11,26485,158893,0,-
74163253133132,6558988,11,26065,156378,0,-
74163253133213,7106917,11,28250,169477,0,-
74163253133231,6767723,11,26893,161344,0,-
74163253332323,7266810,11,28888,173314,0,-
74165231121212,12519467,11,49693,298151,0,-
74165231131313,11772798,11,46729,280356,0,-
74165231212121,11921119,11,47320,283904,0,-
74165231313131,12297389,11,48816,292877,0,-
74165232111212,12437042,11,49366,296182,0,-
74165232121112,11831644,11,46965,281768,0,-
74165232121211,11979488,11,47551,285301,0,-
74165233111313,12944237,11,51379,308262,0,-
74165233131113,11874083,11,47133,282789,0,-
74165233131311,12599362,11,50014,300066,0,-
74165233131323,11935369,11,47375,284241,0,-
74165233132313,12846920,11,50990,305928,0,-
74165233231313,12859147,11,51044,306249,0,-
74213652323132,6885880,11,27366,164182,0,-
74251633111313,9414444,11,37394,224341,0,-
74256311321222,13099532,11,52023,312126,0,-
74256313111232,15230837,11,60490,362931,0,-
74265312333233,7916905,11,31459,188744,0,-
74312652333332,7900961,11,31385,188298,0,-
74321563311131,8476193,11,33680,202073,0,-
74321653233323,8630805,11,34307,205831,0,-
74325163131323,9196107,11,36518,219100,0,-
74325612221222,7500302,11,29796,178759,0,-
74325613121312,9559985,11,37982,227878,0,-
74325613131212,7510208,11,29835,178993,0,-
74325613133333,8056934,11,32008,192030,0,-
74361253112132,9071501,11,36027,216147,0,-
74361253211231,6625994,11,26311,157853,0,-
74365211121221,7240380,11,28779,172650,0,-
74365211213111,6826833,11,27141,162826,0,-
74365211312111,6736889,11,26783,160684,0,-
74365211313113,7456478,11,29643,177835,0,-
74365211333111,7426535,11,29524,177124,0,-
74365212111311,6875706,11,27333,163976,0,-
74365212222323,7075757,11,28131,168766,0,-
74365212333332,6728577,11,26743,160443,0,-
74365213111211,7201803,11,28631,171764,0,-
74365213121333,7020335,11,27913,167463,0,-
74512361322233,9156038,11,36394,218351,0,-
74512362313223,6843571,11,27203,163201,0,-
74513263121222,13934262,11,55331,331975,0,-
74521632222212,9181739,11,36479,218868,0,-
74521633121213,10308673,11,40962,245755,0,-
74521633121312,9484568,11,37684,226091,0,-
74521633133333,10481964,11,41648,249874,0,-
74521633333313,9372450,11,37234,223391,0,-
74523611121113,7207079,11,28647,171869,0,-
74523611131112,7462484,11,29663,177977,0,-
74523611213111,7361555,11,29265,175579,0,-
74523611312111,6993429,11,27802,166798,0,-
74523612111311,7274432,11,28917,173493,0,-
74523613111211,6971909,11,27715,166281,0,-
74532163123223,8334421,11,33090,198527,0,-
74561231111222,7344371,11,29195,175156,0,-
74561232111113,7454313,11,29636,177791,0,-
74561232221111,8264074,11,32853,197097,0,-
74561233111112,8055981,11,32028,192158,0,-
74561233131233,7239798,11,28782,172676,0,-
74561233233323,8525932,11,33893,203346,0,-
74561233311233,7254834,11,28841,173020,0,-
74561233321133,7151946,11,28431,170569,0,-
74561233321313,8718118,11,34657,207923,0,-
74563211232332,7160272,11,28428,170565,0,-
74653213133222,8406668,11,33360,200142,0,-
75132463233233,8363136,11,33215,199275,0,-
75143263231313,10144340,11,40286,241708,0,-
75146321323331,9223093,11,36635,219794,0,-
75213642223133,7993250,11,31753,190499,0,-
75231463211123,11601745,11,46093,276554,0,-
75234161322233,7169727,11,28490,170928,0,-
75234162221111,9478181,11,37671,226011,0,-
75236143213232,6682594,11,26534,159176,0,-
75241632222323,8208324,11,32613,195663,0,-
75243162211322,13983048,11,55524,333125,0,-
75243611113232,7398715,11,29399,176371,0,-
75243613213232,6447070,11,25606,153624,0,-
75246131333312,9059959,11,35969,215803,0,-
75246311111111,17182642,11,68313,409865,0,-
75246313212311,7638067,11,30352,182107,0,-
75246313312211,7415909,11,29466,176780,0,-
75246313332332,7419235,11,29475,176834,0,-
75261432123233,8461744,11,33631,201773,0,-
75264132121232,8795004,11,34957,209729,0,-
75264132223331,6881665,11,27347,164057,0,-
75264132321212,9246855,11,36753,220499,0,-
75264133121333,7436082,11,29555,177310,0,-
75264133331213,7538346,11,29959,179738,0,-
75264311223122,8027202,11,31872,191215,0,-
75264313231112,9219662,11,36616,219684,0,-
75312463333133,9482445,11,37651,225890,0,-
75314621133221,6015677,11,23905,143408,0,-
75314621313212,13114227,11,52116,312680,0,-
75314623113122,6763031,11,26876,161237,0,-
75316241231231,9460909,11,37554,225298,0,-
75321461311112,7359795,11,29249,175482,0,-
75321463132121,6659688,11,26461,158751,0,-
75346122133133,8451240,11,33555,201317,0,-
75346211133122,7054081,11,28026,168138,0,-
75346211211311,8958799,11,35590,213534,0,-
75346211311211,6653670,11,26441,158625,0,-
75346212323333,8502187,11,33787,202698,0,-
75346213112132,6368436,11,25303,151795,0,-
75346213132121,6652135,11,26427,158545,0,-
75346213132322,6715798,11,26690,160119,0,-
75346213332122,7124891,11,28305,169811,0,-
75412631223332,6146848,11,24427,146541,0,-
75416323232213,8234040,11,32718,196295,0,-
75431263133213,9403271,11,37362,224159,0,-
75462132123212,12415463,11,49292,295743,0,-
75613243131332,9508864,11,37782,226674,0,-
75613243133213,7733456,11,30725,184335,0,-
75634123323122,7403529,11,29399,176375,0,-
75641323232111,7011751,11,27862,167153,0,-
75642132213311,6784430,11,26965,161775,0,-
76123453233323,7251443,11,28825,172927,0,-
76125343333133,9605262,11,38141,228831,0,-
76143252131312,7988354,11,31736,190404,0,-
76143252221222,8123547,11,32275,193633,0,-
76143253131212,8224897,11,32677,196051,0,-
76143253331333,7616158,11,30257,181528,0,-
76143253333313,10682349,11,42445,254661,0,-
76145231121113,6770211,11,26915,161472,0,-
76145231122112,11728154,11,46619,279698,0,-
76145231131112,7318760,11,29095,174558,0,-
76145231221112,11706919,11,46534,279188,0,-
76145231311331,6593832,11,26209,157231,0,-
76145232123332,7075367,11,28130,168762,0,-
76145232233213,8749108,11,34781,208669,0,-
76145232331313,6805072,11,27054,162303,0,-
76145232332213,9049455,11,35975,215830,0,-
76145233133213,7229619,11,28740,172431,0,-
76145233232333,6870625,11,27314,163868,0,-
76154323333112,8389888,11,33308,199833,0,-
76213543213133,8664032,11,34409,206443,0,-
76213543311332,8127310,11,32276,193641,0,-
76215341231231,7802836,11,30970,185799,0,-
76215433333133,9247729,11,36717,220290,0,-
76231451123111,7406229,11,29433,176586,0,-
76245311121131,7189501,11,28573,171424,0,-
76245311131121,6473583,11,25723,154314,0,-
76245311213312,6846956,11,27206,163218,0,-
76245312132131,6989152,11,27767,166581,0,-
76245313122122,6804753,11,27038,162212,0,-
76245313123121,6850435,11,27213,163255,0,-
76253141123132,6342389,11,25206,151218,0,-
76253141211332,6220074,11,24716,148278,0,-
76253413322312,8541054,11,33894,203342,0,-
76254133311323,13686765,11,54367,326193,0,-
76254313211111,12173322,11,48348,290077,0,-
76312452212111,12653228,11,50282,301677,0,-
76312453211111,7403405,11,29420,176502,0,-
76312453311311,8139937,11,32350,194081,0,-
76312542321212,7947972,11,31589,189521,0,-
76312542322121,7448764,11,29587,177508,0,-
76312543322222,9869851,11,39217,235294,0,-
76315241112113,7790487,11,30960,185742,0,-
76315241113112,6674234,11,26517,159085,0,-
76315241223113,6503209,11,25832,154966,0,-
76315241322122,6885090,11,27354,164107,0,-
76315241323313,7255917,11,28828,172953,0,-
76315241332112,6642370,11,26387,158308,0,-
76315243211231,6314259,11,25089,150511,0,-
76315243323323,7595334,11,30184,181092,0,-
76321452122123,10829297,11,42968,257793,0,-
76321452122321,11044719,11,43817,262881,0,-
76321452122333,10827416,11,42975,257829,0,-
76321452123323,12558953,11,49845,299048,0,-
76321452212231,10483682,11,41598,249575,0,-
76321452213122,11014663,11,43718,262290,0,-
76321453233131,11513324,11,45682,274075,0,-
76321453311233,13152185,11,52207,313223,0,-
76321453313312,12359620,11,49047,294265,0,-
76321453321133,10975459,11,43561,261347,0,-
76321453323311,12602671,11,50008,300043,0,-
76321542211112,10488757,11,41673,250029,0,-
76321543211111,7047516,11,28005,168012,0,-
76321543311131,7785269,11,30936,185605,0,-
76324151112233,7229824,11,28729,172362,0,-
76324151112323,8744287,11,34761,208551,0,-
76324153323122,7146584,11,28389,170320,0,-
76325411111213,7481412,11,29741,178421,0,-
76325411111312,9231959,11,36698,220181,0,-
76325411112131,6834778,11,27173,163018,0,-
76325411113121,7496729,11,29804,178806,0,-
76325411122121,7402957,11,29430,176559,0,-
76325411331311,7975054,11,31698,190173,0,-
76325412112121,9296117,11,36954,221709,0,-
76325412231212,7991127,11,31774,190628,0,-
76325412333233,7944679,11,31586,189493,0,-
76325413222223,7354586,11,29232,175372,0,-
76341251111213,7299911,11,29022,174106,0,-
76341251111312,9100781,11,36179,217060,0,-
76341251112131,8038157,11,31956,191729,0,-
76341251113121,7367959,11,29291,175721,0,-
76341251221121,7720923,11,30687,184107,0,-
76341251311313,7400333,11,29419,176488,0,-
76341252232313,7224389,11,28723,172321,0,-
76341252323333,7923081,11,31500,188984,0,-
76341253221212,8151253,11,32404,194402,0,-
76341253233131,6560805,11,26080,156460,0,-
76342511111231,6179616,11,24554,147301,0,-
76342511111321,7950619,11,31598,189578,0,-
76342511323112,6532541,11,25956,155710,0,-
76342512232223,7833605,11,31137,186805,0,-
76342513213112,9509825,11,37788,226714,0,-
76342513322111,9901044,11,39343,236043,0,-
76342513323122,6913443,11,27468,164798,0,-
76342513323212,7452329,11,29618,177689,0,-
76345122211112,10181492,11,40458,242737,0,-
76345122211121,8160394,11,32429,194559,0,-
76345122213311,6813737,11,27072,162418,0,-
76345122311111,8232171,11,32710,196243,0,-
76345123211111,6945902,11,27602,165592,0,-
76345123311113,8025777,11,31894,191342,0,-
76345123311131,7662139,11,30451,182700,0,-
76345123312211,6531016,11,25950,155679,0,-
76351421112323,9429691,11,37483,224883,0,-
76351421113322,7012336,11,27861,167159,0,-
76351423321232,7409736,11,29450,176682,0,-
76354121121212,8670487,11,34463,206759,0,-
76354121122121,7277500,11,28922,173511,0,-
76354121311313,7419931,11,29485,176897,0,-
76354121313131,8177174,11,32503,195000,0,-
76354122111212,9507320,11,37787,226706,0,-
76354122112121,7908351,11,31430,188562,0,-
76354122212222,7546505,11,29990,179924,0,-
76354123211123,8084622,11,32133,192788,0,-
76354123211132,7023514,11,27909,167440,0,-
76354123313333,8249024,11,32784,196691,0,-
76354212213323,7504738,11,29829,178959,0,-
76354212312233,7717403,11,30677,184034,0,-
76354212313322,8218665,11,32666,195983,0,-
76354212333332,7555696,11,30029,180157,0,-
76354213222223,7411498,11,29456,176716,0,-
76354213312223,6953350,11,27638,165803,0,-
76421351131121,6003717,11,23859,143138,0,-
76512343213313,12030009,11,47768,286599,0,-
76512343332311,12000459,11,47653,285909,0,-
76514321112323,8042311,11,31982,191882,0,-
76514321232113,7413411,11,29472,176813,0,-
76521433232333,7172569,11,28509,171039,0,-
76523413223231,7548601,11,29974,179826,0,-
76524313331222,9331797,11,37047,222265,0,-
76541232131213,12329626,11,48979,293859,0,-
76541232221222,7581393,11,30120,180706,0,-
76541233121213,7818503,11,31059,186339,0,-
76541233331333,8418588,11,33441,200644,0,-
76541233333313,9518049,11,37804,226810,0,-
76543211111111,16168485,11,64307,385821,0,-
76543211212112,8300943,11,32997,197967,0,-
76543211223221,6735362,11,26761,160558,0,-
76543211332331,6725689,11,26724,160333,0,-
76543211333333,7437817,11,29562,177363,0,-
76543212132323,7415584,11,29481,176869,0,-
76543212222221,7117385,11,28290,169717,0,-
76543212323213,7314639,11,29079,174460,0,-
76543213113131,7362387,11,29265,175573,0,-
